family,slot,target,original_target,indirection_slot,original_japanese,current_text,japanese,mte_tokens,decode_errors,repointed,same_as_f34,evidence
item_names_descriptions,0x3800F8,0x380B5C,0x380B5C,,,？,False,0,0,False,True,"Known uint16 bank-local table; target decoded using CP932+MTE, including repointed targets"
item_names_descriptions,0x3800FA,0x38DEEC,0x380B60,,会員証,Ｍｅｍｂｅｒｓｈｉｐ　Ｃａｒｄ,False,3,0,True,True,"Known uint16 bank-local table; target decoded using CP932+MTE, including repointed targets"
item_names_descriptions,0x3800FC,0x38F1D8,0x380B68,,クリアの紋章,Ｃｌｅａｒ　Ｃｒｅｓｔ,False,4,0,True,True,"Known uint16 bank-local table; target decoded using CP932+MTE, including repointed targets"
item_names_descriptions,0x3800FE,0x38EC90,0x380B76,,謎のタマゴ,Ｍｙｓｔｅｒｙ　Ｅｇｇ,False,3,0,True,True,"Known uint16 bank-local table; target decoded using CP932+MTE, including repointed targets"
item_names_descriptions,0x380100,0x38E180,0x380B82,,ワンパバレッタ,Ｗａｍｐａ　Ｂａｒｒｅｔｔｅ,False,3,0,True,True,"Known uint16 bank-local table; target decoded using CP932+MTE, including repointed targets"
item_names_descriptions,0x380102,0x38DEB8,0x380B92,,ミミコバレッタ,Ｍｉｍｉｋｏ　Ｂａｒｒｅｔｔｅ,False,3,0,True,True,"Known uint16 bank-local table; target decoded using CP932+MTE, including repointed targets"
item_names_descriptions,0x380104,0x38F198,0x380BA2,,ヤマトの書,Ｂｏｏｋ　ｏｆ　Ｙａｍａｔｏ,False,4,0,True,True,"Known uint16 bank-local table; target decoded using CP932+MTE, including repointed targets"
item_names_descriptions,0x380106,0x38EB3A,0x380BAE,,グラディスの兜,Ｇｌａｄｉｓ　Ｈｅｌｍ,False,3,0,True,True,"Known uint16 bank-local table; target decoded using CP932+MTE, including repointed targets"
item_names_descriptions,0x380108,0x38E312,0x380BBE,,グラディスの盾,Ｇｌａｄｉｓ　Ｓｈｉｅｌｄ,False,3,0,True,True,"Known uint16 bank-local table; target decoded using CP932+MTE, including repointed targets"
item_names_descriptions,0x38010A,0x38E030,0x380BCE,,妖精王の手紙,Ｆａｉｒｙ　Ｋｉｎｇ’ｓ　Ｌｅｔｔｅｒ,False,6,0,True,True,"Known uint16 bank-local table; target decoded using CP932+MTE, including repointed targets"
item_names_descriptions,0x38010C,0x38E038,0x380BDC,,王の手紙,Ｋｉｎｇ’ｓ　Ｌｅｔｔｅｒ,False,4,0,True,True,"Known uint16 bank-local table; target decoded using CP932+MTE, including repointed targets"
item_names_descriptions,0x38010E,0x38F278,0x380BE6,,皇帝の手紙,Ｅｍｐｅｒｏｒ’ｓ　Ｌｅｔｔｅｒ,False,4,0,True,True,"Known uint16 bank-local table; target decoded using CP932+MTE, including repointed targets"
item_names_descriptions,0x380110,0x38EF60,0x380BF2,,玉手箱,Ｔｒｅａｓｕｒｅ　Ｂｏｘ,False,4,0,True,True,"Known uint16 bank-local table; target decoded using CP932+MTE, including repointed targets"
item_names_descriptions,0x380112,0x38EB5E,0x380BFA,,金のチョーカー,Ｇｏｌｄ　Ｃｈｏｋｅｒ,False,3,0,True,True,"Known uint16 bank-local table; target decoded using CP932+MTE, including repointed targets"
item_names_descriptions,0x380114,0x38FCC6,0x380C0A,,ネクタル,Ｎｅｃｔａｒ,False,2,0,True,True,"Known uint16 bank-local table; target decoded using CP932+MTE, including repointed targets"
item_names_descriptions,0x380116,0x38F0B8,0x380C14,,アンブロージア,Ａｍｂｒｏｓｉａ,False,1,0,True,True,"Known uint16 bank-local table; target decoded using CP932+MTE, including repointed targets"
item_names_descriptions,0x380118,0x38F6F8,0x380C24,,アルカヘスト,Ａｌｋａｈｅｓｔ,False,2,0,True,True,"Known uint16 bank-local table; target decoded using CP932+MTE, including repointed targets"
item_names_descriptions,0x38011A,0x38FC72,0x380C32,,ヴィマナ,Ｖｉｍａｎａ,False,2,0,True,True,"Known uint16 bank-local table; target decoded using CP932+MTE, including repointed targets"
item_names_descriptions,0x38011C,0x38FAE2,0x380C3C,,？の地図,？　Ｍａｐ,False,1,0,True,True,"Known uint16 bank-local table; target decoded using CP932+MTE, including repointed targets"
item_names_descriptions,0x38011E,0x38F228,0x380C46,,優待カード,Ｄｉｓｃｏｕｎｔ　Ｃａｒｄ,False,4,0,True,True,"Known uint16 bank-local table; target decoded using CP932+MTE, including repointed targets"
item_names_descriptions,0x380120,0x38F9B6,0x380C52,,アレクトアル,Ａｌｅｃｔｕａｌ,False,2,0,True,True,"Known uint16 bank-local table; target decoded using CP932+MTE, including repointed targets"
item_names_descriptions,0x380122,0x38F3B8,0x380C60,,マグネシア,Ｍａｇｎｅｓｉａ,False,1,0,True,True,"Known uint16 bank-local table; target decoded using CP932+MTE, including repointed targets"
item_names_descriptions,0x380124,0x38FA52,0x380C6C,,パナケイア,Ｐａｎａｃｅａ,False,2,0,True,True,"Known uint16 bank-local table; target decoded using CP932+MTE, including repointed targets"
item_names_descriptions,0x380126,0x38FC5E,0x380C78,,セロント,Ｓｅｒｏｎｔ,False,2,0,True,True,"Known uint16 bank-local table; target decoded using CP932+MTE, including repointed targets"
item_names_descriptions,0x380128,0x38DD08,0x380C82,,オーブ,Ｏｒｂ,False,0,0,True,True,"Known uint16 bank-local table; target decoded using CP932+MTE, including repointed targets"
item_names_descriptions,0x38012A,0x38E9F6,0x380C8A,,ブロンズオーブ,Ｂｒｏｎｚｅ　Ｏｒｂ,False,2,0,True,True,"Known uint16 bank-local table; target decoded using CP932+MTE, including repointed targets"
item_names_descriptions,0x38012C,0x38F518,0x380C9A,,シルバーオーブ,Ｓｉｌｖｅｒ　Ｏｒｂ,False,2,0,True,True,"Known uint16 bank-local table; target decoded using CP932+MTE, including repointed targets"
item_names_descriptions,0x38012E,0x38F318,0x380CAA,,ゴールドオーブ,Ｇｏｌｄ　Ｏｒｂ,False,1,0,True,True,"Known uint16 bank-local table; target decoded using CP932+MTE, including repointed targets"
item_names_descriptions,0x380130,0x38F068,0x380CBA,,経験値１００,１００　ＥＸＰ,False,0,0,True,True,"Known uint16 bank-local table; target decoded using CP932+MTE, including repointed targets"
item_names_descriptions,0x380132,0x38E978,0x380CC8,,経験値１０００,１０００　ＥＸＰ,False,0,0,True,True,"Known uint16 bank-local table; target decoded using CP932+MTE, including repointed targets"
item_names_descriptions,0x380134,0x38E1F4,0x380CD8,,経験値１万,１０，０００　ＥＸＰ,False,0,0,True,True,"Known uint16 bank-local table; target decoded using CP932+MTE, including repointed targets"
item_names_descriptions,0x380136,0x38E20A,0x380CE4,,１万ゴールド,１０，０００　Ｇｏｌｄ,False,1,0,True,True,"Known uint16 bank-local table; target decoded using CP932+MTE, including repointed targets"
item_names_descriptions,0x380138,0x38DFB8,0x380CF2,,１０万ゴールド,１００，０００　Ｇｏｌｄ,False,1,0,True,True,"Known uint16 bank-local table; target decoded using CP932+MTE, including repointed targets"
item_names_descriptions,0x38013A,0x38F0A8,0x380D02,,アルケストーン,Ａｌｃｈｅ　Ｓｔｏｎｅ,False,3,0,True,True,"Known uint16 bank-local table; target decoded using CP932+MTE, including repointed targets"
item_names_descriptions,0x38013C,0x38F648,0x380D12,,薬草の知識,Ｈｅｒｂ　Ｌｏｒｅ,False,2,0,True,True,"Known uint16 bank-local table; target decoded using CP932+MTE, including repointed targets"
item_names_descriptions,0x38013E,0x38E220,0x380D1E,,毒消しの知識,Ａｎｔｉｄｏｔｅ　Ｌｏｒｅ,False,3,0,True,True,"Known uint16 bank-local table; target decoded using CP932+MTE, including repointed targets"
item_names_descriptions,0x380140,0x38EC6C,0x380D2C,,魔法の知識,Ｍａｇｉｃ　Ｌｏｒｅ,False,2,0,True,True,"Known uint16 bank-local table; target decoded using CP932+MTE, including repointed targets"
item_names_descriptions,0x380142,0x38F428,0x380D38,,楽器の知識,Ｍｕｓｉｃ　Ｌｏｒｅ,False,3,0,True,True,"Known uint16 bank-local table; target decoded using CP932+MTE, including repointed targets"
item_names_descriptions,0x380144,0x38DFD0,0x380D44,,飼育の知識,Ａｎｉｍａｌ　Ｃａｒｅ　Ｌｏｒｅ,False,5,0,True,True,"Known uint16 bank-local table; target decoded using CP932+MTE, including repointed targets"
item_names_descriptions,0x380146,0x38E570,0x380D50,,図鑑の知識,Ｂｅｓｔｉａｒｙ　Ｌｏｒｅ,False,4,0,True,True,"Known uint16 bank-local table; target decoded using CP932+MTE, including repointed targets"
item_names_descriptions,0x380148,0x38F864,0x380D5C,,地図の知識,Ｍａｐ　Ｌｏｒｅ,False,2,0,True,True,"Known uint16 bank-local table; target decoded using CP932+MTE, including repointed targets"
item_names_descriptions,0x38014A,0x38DE84,0x380D68,,開錠の知識,Ｌｏｃｋｐｉｃｋｉｎｇ　Ｌｏｒｅ,False,3,0,True,True,"Known uint16 bank-local table; target decoded using CP932+MTE, including repointed targets"
item_names_descriptions,0x38014C,0x38E236,0x380D74,,鑑定の知識,Ａｐｐｒａｉｓａｌ　Ｌｏｒｅ,False,4,0,True,True,"Known uint16 bank-local table; target decoded using CP932+MTE, including repointed targets"
item_names_descriptions,0x38014E,0x38ECA2,0x380D80,,商人の知識,Ｍｅｒｃｈａｎｔ　Ｌｏｒｅ,False,5,0,True,True,"Known uint16 bank-local table; target decoded using CP932+MTE, including repointed targets"
item_names_descriptions,0x380150,0x38F3E8,0x380D8C,,採掘の知識,Ｍｉｎｉｎｇ　Ｌｏｒｅ,False,3,0,True,True,"Known uint16 bank-local table; target decoded using CP932+MTE, including repointed targets"
item_names_descriptions,0x380152,0x38EE64,0x380D98,,鍛冶の知識,Ｓｍｉｔｈｉｎｇ　Ｌｏｒｅ,False,2,0,True,True,"Known uint16 bank-local table; target decoded using CP932+MTE, including repointed targets"
item_names_descriptions,0x380154,0x380DA4,0x380DA4,,,,False,0,0,False,True,"Known uint16 bank-local table; target decoded using CP932+MTE, including repointed targets"
item_names_descriptions,0x380156,0x380DA4,0x380DA4,,,,False,0,0,False,True,"Known uint16 bank-local table; target decoded using CP932+MTE, including repointed targets"
item_names_descriptions,0x380158,0x38FB46,0x380DA7,,太古の地図,Ａｎｃｉｅｎｔ　Ｍａｐ,False,2,0,True,True,"Known uint16 bank-local table; target decoded using CP932+MTE, including repointed targets"
item_names_descriptions,0x38015A,0x38FB32,0x380DB3,,太古の本,Ａｎｃｉｅｎｔ　Ｂｏｏｋ,False,2,0,True,True,"Known uint16 bank-local table; target decoded using CP932+MTE, including repointed targets"
item_names_descriptions,0x38015C,0x38FB50,0x380DBD,,太古の指輪,Ａｎｃｉｅｎｔ　Ｒｉｎｇ,False,2,0,True,True,"Known uint16 bank-local table; target decoded using CP932+MTE, including repointed targets"
item_names_descriptions,0x38015E,0x38E55C,0x380DC9,,太古の首飾り,Ａｎｃｉｅｎｔ　Ｎｅｃｋｌａｃｅ,False,2,0,True,True,"Known uint16 bank-local table; target decoded using CP932+MTE, including repointed targets"
item_names_descriptions,0x380160,0x38F9C2,0x380DD7,,太古の太鼓,Ａｎｃｉｅｎｔ　Ｄｒｕｍ,False,2,0,True,True,"Known uint16 bank-local table; target decoded using CP932+MTE, including repointed targets"
item_names_descriptions,0x380162,0x38F722,0x380DE3,,太古の笛,Ａｎｃｉｅｎｔ　Ｆｌｕｔｅ,False,2,0,True,True,"Known uint16 bank-local table; target decoded using CP932+MTE, including repointed targets"
item_names_descriptions,0x380164,0x38FB3C,0x380DED,,太古の壷,Ａｎｃｉｅｎｔ　Ｊａｒ,False,2,0,True,True,"Known uint16 bank-local table; target decoded using CP932+MTE, including repointed targets"
item_names_descriptions,0x380166,0x38F138,0x380DF7,,太古の秘密,Ａｎｃｉｅｎｔ　Ｓｅｃｒｅｔ,False,2,0,True,True,"Known uint16 bank-local table; target decoded using CP932+MTE, including repointed targets"
item_names_descriptions,0x380168,0x38FC7C,0x380E03,,,ＸＸＸＸ,False,0,0,True,True,"Known uint16 bank-local table; target decoded using CP932+MTE, including repointed targets"
item_names_descriptions,0x38016A,0x38F8C6,0x380E0D,,錆びた指輪,Ｒｕｓｔｙ　Ｒｉｎｇ,False,3,0,True,True,"Known uint16 bank-local table; target decoded using CP932+MTE, including repointed targets"
item_names_descriptions,0x38016C,0x38EE0A,0x380E19,,錆びチョーカー,Ｒｕｓｔｙ　Ｃｈｏｋｅｒ,False,4,0,True,True,"Known uint16 bank-local table; target decoded using CP932+MTE, including repointed targets"
item_names_descriptions,0x38016E,0x38E8A4,0x380E29,,錆びた盾,Ｒｕｓｔｙ　Ｓｈｉｅｌｄ,False,3,0,True,True,"Known uint16 bank-local table; target decoded using CP932+MTE, including repointed targets"
item_names_descriptions,0x380170,0x38F4C8,0x380E33,,錆びた兜,Ｒｕｓｔｙ　Ｈｅｌｍ,False,3,0,True,True,"Known uint16 bank-local table; target decoded using CP932+MTE, including repointed targets"
item_names_descriptions,0x380172,0x38E472,0x380E3D,,錆びた食器,Ｒｕｓｔｙ　Ｔａｂｌｅｗａｒｅ,False,4,0,True,True,"Known uint16 bank-local table; target decoded using CP932+MTE, including repointed targets"
item_names_descriptions,0x380174,0x38E890,0x380E49,,錆びた機械,Ｒｕｓｔｙ　Ｍａｃｈｉｎｅ,False,4,0,True,True,"Known uint16 bank-local table; target decoded using CP932+MTE, including repointed targets"
item_names_descriptions,0x380176,0x38F4A8,0x380E55,,錆びた箱,Ｒｕｓｔｙ　Ｂｏｘ,False,2,0,True,True,"Known uint16 bank-local table; target decoded using CP932+MTE, including repointed targets"
item_names_descriptions,0x380178,0x38E610,0x380E5F,,妖精の石版,Ｆａｉｒｙ　Ｔａｂｌｅｔ,False,3,0,True,True,"Known uint16 bank-local table; target decoded using CP932+MTE, including repointed targets"
item_names_descriptions,0x38017A,0x38EF06,0x380E6B,,星のルビー,Ｓｔａｒ　Ｒｕｂｙ,False,1,0,True,True,"Known uint16 bank-local table; target decoded using CP932+MTE, including repointed targets"
item_names_descriptions,0x38017C,0x38E688,0x380E77,,希望のダイヤ,Ｈｏｐｅ　Ｄｉａｍｏｎｄ,False,3,0,True,True,"Known uint16 bank-local table; target decoded using CP932+MTE, including repointed targets"
item_names_descriptions,0x38017E,0x38E396,0x380E85,,愛のサファイヤ,Ｌｏｖｅ　Ｓａｐｐｈｉｒｅ,False,3,0,True,True,"Known uint16 bank-local table; target decoded using CP932+MTE, including repointed targets"
item_names_descriptions,0x380180,0x38F002,0x380E95,,心のエメラルド,Ｈｅａｒｔ　Ｅｍｅｒａｌｄ,False,5,0,True,True,"Known uint16 bank-local table; target decoded using CP932+MTE, including repointed targets"
item_names_descriptions,0x380182,0x38F218,0x380EA5,,夢のオパール,Ｄｒｅａｍ　Ｏｐａｌ,False,3,0,True,True,"Known uint16 bank-local table; target decoded using CP932+MTE, including repointed targets"
item_names_descriptions,0x380184,0x38E6C4,0x380EB3,,鍵・スペード,Ｋｅｙ：　Ｓｐａｄｅ,False,1,0,True,True,"Known uint16 bank-local table; target decoded using CP932+MTE, including repointed targets"
item_names_descriptions,0x380186,0x38EBEE,0x380EC1,,鍵・ハート,Ｋｅｙ：　Ｈｅａｒｔ,False,2,0,True,True,"Known uint16 bank-local table; target decoded using CP932+MTE, including repointed targets"
item_names_descriptions,0x380188,0x38E69C,0x380ECD,,鍵・クラブ,Ｋｅｙ：　Ｃｌｕｂ,False,0,0,True,True,"Known uint16 bank-local table; target decoded using CP932+MTE, including repointed targets"
item_names_descriptions,0x38018A,0x38E354,0x380ED9,,鍵・ダイヤ,Ｋｅｙ：　Ｄｉａｍｏｎｄ,False,2,0,True,True,"Known uint16 bank-local table; target decoded using CP932+MTE, including repointed targets"
item_names_descriptions,0x38018C,0x38EBDC,0x380EE5,,鍵・星,Ｋｅｙ：　Ｓｔａｒ,False,1,0,True,True,"Known uint16 bank-local table; target decoded using CP932+MTE, including repointed targets"
item_names_descriptions,0x38018E,0x38E6B0,0x380EED,,鍵・錆びた鍵,Ｋｅｙ：　Ｒｕｓｔｙ,False,1,0,True,True,"Known uint16 bank-local table; target decoded using CP932+MTE, including repointed targets"
item_names_descriptions,0x380190,0x38EBCA,0x380EFB,,鍵・天使の鍵,Ｋｅｙ：　Ａｎｇｅｌ,False,2,0,True,True,"Known uint16 bank-local table; target decoded using CP932+MTE, including repointed targets"
item_names_descriptions,0x380192,0x38E33E,0x380F09,,鍵・太古の鍵,Ｋｅｙ：　Ａｎｃｉｅｎｔ,False,1,0,True,True,"Known uint16 bank-local table; target decoded using CP932+MTE, including repointed targets"
item_names_descriptions,0x380194,0x38E36A,0x380F17,,鍵・ＩＤカード,Ｋｅｙ：　ＩＤ　Ｃａｒｄ,False,2,0,True,True,"Known uint16 bank-local table; target decoded using CP932+MTE, including repointed targets"
item_names_descriptions,0x380196,0x38F8FE,0x380F27,,セーブのタイコ,Ｓａｖｅ　Ｄｒｕｍ,False,2,0,True,True,"Known uint16 bank-local table; target decoded using CP932+MTE, including repointed targets"
item_names_descriptions,0x380198,0x38F5F8,0x380F37,,ワンダースワン,ＷｏｎｄｅｒＳｗａｎ,False,3,0,True,True,"Known uint16 bank-local table; target decoded using CP932+MTE, including repointed targets"
item_names_descriptions,0x38019A,0x38E2E6,0x380F47,,しなるハリガネ,Ｆｌｅｘｉｂｌｅ　Ｗｉｒｅ,False,3,0,True,True,"Known uint16 bank-local table; target decoded using CP932+MTE, including repointed targets"
item_names_descriptions,0x38019C,0x38F528,0x380F57,,細長いじゅし,Ｓｌｅｎｄｅｒ　Ｒｅｓｉｎ,False,5,0,True,True,"Known uint16 bank-local table; target decoded using CP932+MTE, including repointed targets"
item_names_descriptions,0x38019E,0x38EDE6,0x380F65,,丸プラスチック,Ｒｏｕｎｄ　Ｐｌａｓｔｉｃ,False,4,0,True,True,"Known uint16 bank-local table; target decoded using CP932+MTE, including repointed targets"
item_names_descriptions,0x3801A0,0x38FBC8,0x380F75,,パーツＥ,Ｐａｒｔ　Ｅ,False,2,0,True,True,"Known uint16 bank-local table; target decoded using CP932+MTE, including repointed targets"
item_names_descriptions,0x3801A2,0x38FBD2,0x380F7F,,パーツＦ,Ｐａｒｔ　Ｆ,False,2,0,True,True,"Known uint16 bank-local table; target decoded using CP932+MTE, including repointed targets"
item_names_descriptions,0x3801A4,0x38FBDC,0x380F89,,パーツＧ,Ｐａｒｔ　Ｇ,False,2,0,True,True,"Known uint16 bank-local table; target decoded using CP932+MTE, including repointed targets"
item_names_descriptions,0x3801A6,0x38FBE6,0x380F93,,パーツＨ,Ｐａｒｔ　Ｈ,False,2,0,True,True,"Known uint16 bank-local table; target decoded using CP932+MTE, including repointed targets"
item_names_descriptions,0x3801A8,0x38FBF0,0x380F9D,,パーツＩ,Ｐａｒｔ　Ｉ,False,2,0,True,True,"Known uint16 bank-local table; target decoded using CP932+MTE, including repointed targets"
item_names_descriptions,0x3801AA,0x38FBFA,0x380FA7,,パーツＪ,Ｐａｒｔ　Ｊ,False,2,0,True,True,"Known uint16 bank-local table; target decoded using CP932+MTE, including repointed targets"
item_names_descriptions,0x3801AC,0x38FC04,0x380FB1,,パーツＫ,Ｐａｒｔ　Ｋ,False,2,0,True,True,"Known uint16 bank-local table; target decoded using CP932+MTE, including repointed targets"
item_names_descriptions,0x3801AE,0x38FC0E,0x380FBB,,パーツＬ,Ｐａｒｔ　Ｌ,False,2,0,True,True,"Known uint16 bank-local table; target decoded using CP932+MTE, including repointed targets"
item_names_descriptions,0x3801B0,0x38FC18,0x380FC5,,パーツＭ,Ｐａｒｔ　Ｍ,False,2,0,True,True,"Known uint16 bank-local table; target decoded using CP932+MTE, including repointed targets"
item_names_descriptions,0x3801B2,0x38FC22,0x380FCF,,パーツＮ,Ｐａｒｔ　Ｎ,False,2,0,True,True,"Known uint16 bank-local table; target decoded using CP932+MTE, including repointed targets"
item_names_descriptions,0x3801B4,0x38FC2C,0x380FD9,,パーツＯ,Ｐａｒｔ　Ｏ,False,2,0,True,True,"Known uint16 bank-local table; target decoded using CP932+MTE, including repointed targets"
item_names_descriptions,0x3801B6,0x38EE40,0x380FE3,,ウッフンビデオ,Ｓｅｘｙ　Ｖｉｄｅｏ,False,2,0,True,True,"Known uint16 bank-local table; target decoded using CP932+MTE, including repointed targets"
item_names_descriptions,0x3801B8,0x38F7BC,0x380FF3,,ハンドアクス,Ｈａｎｄ　Ａｘｅ,False,1,0,True,True,"Known uint16 bank-local table; target decoded using CP932+MTE, including repointed targets"
item_names_descriptions,0x3801BA,0x38EDB0,0x381001,,クイックアクス,Ｑｕｉｃｋ　Ａｘｅ,False,1,0,True,True,"Known uint16 bank-local table; target decoded using CP932+MTE, including repointed targets"
item_names_descriptions,0x3801BC,0x38E9E4,0x381011,,バトルアクス,Ｂａｔｔｌｅ　Ａｘｅ,False,2,0,True,True,"Known uint16 bank-local table; target decoded using CP932+MTE, including repointed targets"
item_names_descriptions,0x3801BE,0x38F618,0x38101F,,ワイトバスター,Ｗｉｇｈｔ　Ｂｕｓｔｅｒ,False,3,0,True,True,"Known uint16 bank-local table; target decoded using CP932+MTE, including repointed targets"
item_names_descriptions,0x3801C0,0x38FA16,0x38102F,,ハルバード,Ｈａｌｂｅｒｄ,False,2,0,True,True,"Known uint16 bank-local table; target decoded using CP932+MTE, including repointed targets"
item_names_descriptions,0x3801C2,0x38F568,0x38103B,,トマホーク,Ｔｏｍａｈａｗｋ,False,1,0,True,True,"Known uint16 bank-local table; target decoded using CP932+MTE, including repointed targets"
item_names_descriptions,0x3801C4,0x38FAD6,0x381047,,大地の斧,Ｅａｒｔｈ　Ａｘｅ,False,1,0,True,True,"Known uint16 bank-local table; target decoded using CP932+MTE, including repointed targets"
item_names_descriptions,0x3801C6,0x38F2C8,0x381051,,フランキスカ,Ｆｒａｎｃｉｓｃａ,False,2,0,True,True,"Known uint16 bank-local table; target decoded using CP932+MTE, including repointed targets"
item_names_descriptions,0x3801C8,0x38EA74,0x38105F,,ドワーフの斧,Ｄｗａｒｆ’ｓ　Ａｘｅ,False,2,0,True,True,"Known uint16 bank-local table; target decoded using CP932+MTE, including repointed targets"
item_names_descriptions,0x3801CA,0x38F498,0x38106D,,錆びた斧,Ｒｕｓｔｙ　Ａｘｅ,False,2,0,True,True,"Known uint16 bank-local table; target decoded using CP932+MTE, including repointed targets"
item_names_descriptions,0x3801CC,0x38ED56,0x381077,,オルディンの斧,Ｏｒｄｉｎ’ｓ　Ａｘｅ,False,2,0,True,True,"Known uint16 bank-local table; target decoded using CP932+MTE, including repointed targets"
item_names_descriptions,0x3801CE,0x38F2F8,0x381087,,金の斧,Ｇｏｌｄ　Ａｘｅ,False,1,0,True,True,"Known uint16 bank-local table; target decoded using CP932+MTE, including repointed targets"
item_names_descriptions,0x3801D0,0x38F508,0x38108F,,銀の斧,Ｓｉｌｖｅｒ　Ａｘｅ,False,2,0,True,True,"Known uint16 bank-local table; target decoded using CP932+MTE, including repointed targets"
item_names_descriptions,0x3801D2,0x38EA2C,0x381097,,銅の斧,Ｃｏｐｐｅｒ　Ａｘｅ,False,1,0,True,True,"Known uint16 bank-local table; target decoded using CP932+MTE, including repointed targets"
item_names_descriptions,0x3801D4,0x38E9C0,0x38109F,,神々の斧,Ａｘｅ　ｏｆ　Ｇｏｄｓ,False,1,0,True,True,"Known uint16 bank-local table; target decoded using CP932+MTE, including repointed targets"
item_names_descriptions,0x3801D6,0x38FACA,0x3810A9,,ゾーグの斧,Ｚｏｒｇ’ｓ　Ａｘｅ,False,2,0,True,True,"Known uint16 bank-local table; target decoded using CP932+MTE, including repointed targets"
item_names_descriptions,0x3801D8,0x38F82C,0x3810B5,,モンアクス,Ｍｏｎ　Ａｘｅ,False,1,0,True,True,"Known uint16 bank-local table; target decoded using CP932+MTE, including repointed targets"
item_names_descriptions,0x3801DA,0x38ECB4,0x3810C1,,モンアクスⅡ,Ｍｏｎ　Ａｘｅ　ＩＩ,False,2,0,True,True,"Known uint16 bank-local table; target decoded using CP932+MTE, including repointed targets"
item_names_descriptions,0x3801DC,0x38F208,0x3810CF,,クレイジアクス,Ｃｒａｚｙ　Ａｘｅ,False,2,0,True,True,"Known uint16 bank-local table; target decoded using CP932+MTE, including repointed targets"
item_names_descriptions,0x3801DE,0x38EC12,0x3810DF,,ロプスの斧,Ｌｏｐｓ’ｓ　Ａｘｅ,False,1,0,True,True,"Known uint16 bank-local table; target decoded using CP932+MTE, including repointed targets"
item_names_descriptions,0x3801E0,0x38ED44,0x3810EB,,オーグルクラブ,Ｏｇｒｅ　Ｃｌｕｂ,False,1,0,True,True,"Known uint16 bank-local table; target decoded using CP932+MTE, including repointed targets"
item_names_descriptions,0x3801E2,0x38FA3A,0x3810FB,,オニスター,Ｏｎｉｓｔａｒ,False,2,0,True,True,"Known uint16 bank-local table; target decoded using CP932+MTE, including repointed targets"
item_names_descriptions,0x3801E4,0x38F8AA,0x381107,,ピックアックス,Ｐｉｃｋａｘｅ,False,1,0,True,True,"Known uint16 bank-local table; target decoded using CP932+MTE, including repointed targets"
item_names_descriptions,0x3801E6,0x38EB16,0x381117,,火の杖,Ｆｉｒｅ　Ｓｔａｆｆ,False,2,0,True,True,"Known uint16 bank-local table; target decoded using CP932+MTE, including repointed targets"
item_names_descriptions,0x3801E8,0x38EFBA,0x38111F,,水の杖,Ｗａｔｅｒ　Ｓｔａｆｆ,False,2,0,True,True,"Known uint16 bank-local table; target decoded using CP932+MTE, including repointed targets"
item_names_descriptions,0x3801EA,0x38EFDE,0x381127,,風の杖,Ｗｉｎｄ　Ｓｔａｆｆ,False,1,0,True,True,"Known uint16 bank-local table; target decoded using CP932+MTE, including repointed targets"
item_names_descriptions,0x3801EC,0x38F678,0x38112F,,地の杖,Ｅａｒｔｈ　Ｓｔａｆｆ,False,1,0,True,True,"Known uint16 bank-local table; target decoded using CP932+MTE, including repointed targets"
item_names_descriptions,0x3801EE,0x38EC48,0x381137,,光の杖,Ｌｉｇｈｔ　Ｓｔａｆｆ,False,1,0,True,True,"Known uint16 bank-local table; target decoded using CP932+MTE, including repointed targets"
item_names_descriptions,0x3801F0,0x38E5E8,0x38113F,,闇の杖,Ｄａｒｋ　Ｓｔａｆｆ,False,1,0,True,True,"Known uint16 bank-local table; target decoded using CP932+MTE, including repointed targets"
item_names_descriptions,0x3801F2,0x38EF84,0x381147,,時の杖,Ｔｉｍｅ　Ｓｔａｆｆ,False,2,0,True,True,"Known uint16 bank-local table; target decoded using CP932+MTE, including repointed targets"
item_names_descriptions,0x3801F4,0x38E4CA,0x38114F,,界の杖,Ｓｐａｃｅ　Ｓｔａｆｆ,False,1,0,True,True,"Known uint16 bank-local table; target decoded using CP932+MTE, including repointed targets"
item_names_descriptions,0x3801F6,0x38ECFC,0x381157,,心の杖,Ｍｉｎｄ　Ｓｔａｆｆ,False,1,0,True,True,"Known uint16 bank-local table; target decoded using CP932+MTE, including repointed targets"
item_names_descriptions,0x3801F8,0x38E824,0x38115F,,スピア,Ｓｐｅａｒ,False,2,0,True,True,"Known uint16 bank-local table; target decoded using CP932+MTE, including repointed targets"
item_names_descriptions,0x3801FA,0x38EDD4,0x381167,,クイックスピア,Ｑｕｉｃｋ　Ｓｐｅａｒ,False,3,0,True,True,"Known uint16 bank-local table; target decoded using CP932+MTE, including repointed targets"
item_names_descriptions,0x3801FC,0x38F268,0x381177,,エルカザーク,Ｅｌｋａｚａｒｋ,False,1,0,True,True,"Known uint16 bank-local table; target decoded using CP932+MTE, including repointed targets"
item_names_descriptions,0x3801FE,0x38FABE,0x381185,,ズパイン,Ｚｕｐａｉｎ,False,1,0,True,True,"Known uint16 bank-local table; target decoded using CP932+MTE, including repointed targets"
item_names_descriptions,0x380200,0x38E818,0x38118F,,ピップスの槍,Ｐｉｐｐｓ’ｓ　Ｓｐｅａｒ,False,3,0,True,True,"Known uint16 bank-local table; target decoded using CP932+MTE, including repointed targets"
item_names_descriptions,0x380202,0x38EE2E,0x38119D,,奥義の槍,Ｓｅｃｒｅｔ　Ｓｐｅａｒ,False,4,0,True,True,"Known uint16 bank-local table; target decoded using CP932+MTE, including repointed targets"
item_names_descriptions,0x380204,0x38F4B8,0x3811A7,,錆びた槍,Ｒｕｓｔｙ　Ｓｐｅａｒ,False,4,0,True,True,"Known uint16 bank-local table; target decoded using CP932+MTE, including repointed targets"
item_names_descriptions,0x380206,0x38FBBE,0x3811B1,,ピラム,Ｐｉｌｕｍ,False,1,0,True,True,"Known uint16 bank-local table; target decoded using CP932+MTE, including repointed targets"
item_names_descriptions,0x380208,0x38FC68,0x3811B9,,トライデント,Ｔｒｉｄｅｎｔ,False,2,0,True,True,"Known uint16 bank-local table; target decoded using CP932+MTE, including repointed targets"
item_names_descriptions,0x38020A,0x38F9FE,0x3811C7,,ガジャルグ,Ｇａｊａｒｇ,False,1,0,True,True,"Known uint16 bank-local table; target decoded using CP932+MTE, including repointed targets"
item_names_descriptions,0x38020C,0x38FBA0,0x3811D3,,ガボー,Ｇａｂｏ,False,0,0,True,True,"Known uint16 bank-local table; target decoded using CP932+MTE, including repointed targets"
item_names_descriptions,0x38020E,0x38F2D8,0x3811DB,,ゲイボルグ,Ｇａｅ　Ｂｏｌｇ,False,1,0,True,True,"Known uint16 bank-local table; target decoded using CP932+MTE, including repointed targets"
item_names_descriptions,0x380210,0x38FBB4,0x3811E7,,シャベリン,Ｊａｖｅｌｉｎ,False,2,0,True,True,"Known uint16 bank-local table; target decoded using CP932+MTE, including repointed targets"
item_names_descriptions,0x380212,0x38FA46,0x3811F3,,ピナカ,Ｐｉｎａｋａ,False,1,0,True,True,"Known uint16 bank-local table; target decoded using CP932+MTE, including repointed targets"
item_names_descriptions,0x380214,0x38F9DA,0x3811FB,,ブリューナク,Ｂｒｉｏｎａｃ,False,2,0,True,True,"Known uint16 bank-local table; target decoded using CP932+MTE, including repointed targets"
item_names_descriptions,0x380216,0x38FA0A,0x381209,,グングニル,Ｇｕｎｇｎｉｒ,False,2,0,True,True,"Known uint16 bank-local table; target decoded using CP932+MTE, including repointed targets"
item_names_descriptions,0x380218,0x38F83A,0x381215,,モンランス,Ｍｏｎ　Ｌａｎｃｅ,False,3,0,True,True,"Known uint16 bank-local table; target decoded using CP932+MTE, including repointed targets"
item_names_descriptions,0x38021A,0x38ECC6,0x381221,,モンランスⅡ,Ｍｏｎ　Ｌａｎｃｅ　ＩＩ,False,4,0,True,True,"Known uint16 bank-local table; target decoded using CP932+MTE, including repointed targets"
item_names_descriptions,0x38021C,0x38EA86,0x38122F,,２倍槍,Ｄｏｕｂｌｅ　Ｓｐｅａｒ,False,4,0,True,True,"Known uint16 bank-local table; target decoded using CP932+MTE, including repointed targets"
item_names_descriptions,0x38021E,0x38F248,0x381237,,ダークランス,Ｄａｒｋ　Ｌａｎｃｅ,False,3,0,True,True,"Known uint16 bank-local table; target decoded using CP932+MTE, including repointed targets"
item_names_descriptions,0x380220,0x38FB1E,0x381245,,★予備,★Ｓｐａｒｅ,False,1,0,True,True,"Known uint16 bank-local table; target decoded using CP932+MTE, including repointed targets"
item_names_descriptions,0x380222,0x38FB1E,0x381245,,★予備,★Ｓｐａｒｅ,False,1,0,True,True,"Known uint16 bank-local table; target decoded using CP932+MTE, including repointed targets"
item_names_descriptions,0x380224,0x38FB1E,0x381245,,★予備,★Ｓｐａｒｅ,False,1,0,True,True,"Known uint16 bank-local table; target decoded using CP932+MTE, including repointed targets"
item_names_descriptions,0x380226,0x38FB1E,0x381245,,★予備,★Ｓｐａｒｅ,False,1,0,True,True,"Known uint16 bank-local table; target decoded using CP932+MTE, including repointed targets"
item_names_descriptions,0x380228,0x38F8F0,0x38124D,,ショートボウ,Ｓｈｏｒｔ　Ｂｏｗ,False,3,0,True,True,"Known uint16 bank-local table; target decoded using CP932+MTE, including repointed targets"
item_names_descriptions,0x38022A,0x38F478,0x38125B,,クイックボウ,Ｑｕｉｃｋ　Ｂｏｗ,False,2,0,True,True,"Known uint16 bank-local table; target decoded using CP932+MTE, including repointed targets"
item_names_descriptions,0x38022C,0x38F7E6,0x381269,,ロングボウ,Ｌｏｎｇ　Ｂｏｗ,False,2,0,True,True,"Known uint16 bank-local table; target decoded using CP932+MTE, including repointed targets"
item_names_descriptions,0x38022E,0x38F74C,0x381275,,クロスボウ,Ｃｒｏｓｓｂｏｗ,False,2,0,True,True,"Known uint16 bank-local table; target decoded using CP932+MTE, including repointed targets"
item_names_descriptions,0x380230,0x38E8F4,0x381281,,風神の弓,Ｗｉｎｄ　Ｇｏｄ　Ｂｏｗ,False,2,0,True,True,"Known uint16 bank-local table; target decoded using CP932+MTE, including repointed targets"
item_names_descriptions,0x380232,0x38F8D4,0x38128B,,サルンガ,Ｓｈａｒａｎｇａ,False,2,0,True,True,"Known uint16 bank-local table; target decoded using CP932+MTE, including repointed targets"
item_names_descriptions,0x380234,0x38F81E,0x381295,,火縄銃,Ｍａｔｃｈｌｏｃｋ,False,3,0,True,True,"Known uint16 bank-local table; target decoded using CP932+MTE, including repointed targets"
item_names_descriptions,0x380236,0x38FCD6,0x38129D,,ライフル,Ｒｉｆｌｅ,False,2,0,True,True,"Known uint16 bank-local table; target decoded using CP932+MTE, including repointed targets"
item_names_descriptions,0x380238,0x38FA2E,0x3812A7,,モンボウ,Ｍｏｎ　Ｂｏｗ,False,2,0,True,True,"Known uint16 bank-local table; target decoded using CP932+MTE, including repointed targets"
item_names_descriptions,0x38023A,0x38F408,0x3812B1,,モンボウⅡ,Ｍｏｎ　Ｂｏｗ　ＩＩ,False,3,0,True,True,"Known uint16 bank-local table; target decoded using CP932+MTE, including repointed targets"
item_names_descriptions,0x38023C,0x38E380,0x3812BD,,コッツンの弓,Ｋｏｔｔｓｕｎ　Ｂｏｗ,False,1,0,True,True,"Known uint16 bank-local table; target decoded using CP932+MTE, including repointed targets"
item_names_descriptions,0x38023E,0x38E78C,0x3812CB,,ネモチーガン,Ｎｅｍｏｃｈｉ　Ｇｕｎ,False,2,0,True,True,"Known uint16 bank-local table; target decoded using CP932+MTE, including repointed targets"
item_names_descriptions,0x380240,0x38EEF4,0x3812D9,,石の矢,Ｓｔｏｎｅ　Ａｒｒｏｗ,False,3,0,True,True,"Known uint16 bank-local table; target decoded using CP932+MTE, including repointed targets"
item_names_descriptions,0x380242,0x38E598,0x3812E1,,銅の矢,Ｃｏｐｐｅｒ　Ａｒｒｏｗ,False,2,0,True,True,"Known uint16 bank-local table; target decoded using CP932+MTE, including repointed targets"
item_names_descriptions,0x380244,0x38EBB8,0x3812E9,,鉄の矢,Ｉｒｏｎ　Ａｒｒｏｗ,False,2,0,True,True,"Known uint16 bank-local table; target decoded using CP932+MTE, including repointed targets"
item_names_descriptions,0x380246,0x38EBA6,0x3812F1,,聖なる矢,Ｈｏｌｙ　Ａｒｒｏｗ,False,2,0,True,True,"Known uint16 bank-local table; target decoded using CP932+MTE, including repointed targets"
item_names_descriptions,0x380248,0x38E198,0x3812FB,,風神の矢,Ｗｉｎｄ　Ｇｏｄ　Ａｒｒｏｗ,False,2,0,True,True,"Known uint16 bank-local table; target decoded using CP932+MTE, including repointed targets"
item_names_descriptions,0x38024A,0x38DD48,0x381305,,雷神の矢,Ｔｈｕｎｄｅｒ　Ｇｏｄ　Ａｒｒｏｗ,False,3,0,True,True,"Known uint16 bank-local table; target decoded using CP932+MTE, including repointed targets"
item_names_descriptions,0x38024C,0x38FF04,0x38130F,,弾,Ａｍｍｏ,False,0,0,True,True,"Known uint16 bank-local table; target decoded using CP932+MTE, including repointed targets"
item_names_descriptions,0x38024E,0x38F792,0x381313,,疾風弾,Ｇａｌｅ　Ｓｈｏｔ,False,3,0,True,True,"Known uint16 bank-local table; target decoded using CP932+MTE, including repointed targets"
item_names_descriptions,0x380250,0x38F3F8,0x38131B,,モンアロウ,Ｍｏｎ　Ａｒｒｏｗ,False,2,0,True,True,"Known uint16 bank-local table; target decoded using CP932+MTE, including repointed targets"
item_names_descriptions,0x380252,0x38E750,0x381327,,モンアロウⅡ,Ｍｏｎ　Ａｒｒｏｗ　ＩＩ,False,3,0,True,True,"Known uint16 bank-local table; target decoded using CP932+MTE, including repointed targets"
item_names_descriptions,0x380254,0x38DE6A,0x381335,,コッツンの矢,Ｋｏｔｔｓｕｎ　Ａｒｒｏｗ,False,1,0,True,True,"Known uint16 bank-local table; target decoded using CP932+MTE, including repointed targets"
item_names_descriptions,0x380256,0x38E7A0,0x381343,,ネモチーショット,Ｎｅｍｏｃｈｉ　Ｓｈｏｔ,False,3,0,True,True,"Known uint16 bank-local table; target decoded using CP932+MTE, including repointed targets"
item_names_descriptions,0x380258,0x38EF3C,0x381355,,ショートソード,Ｓｈｏｒｔ　Ｓｗｏｒｄ,False,3,0,True,True,"Known uint16 bank-local table; target decoded using CP932+MTE, including repointed targets"
item_names_descriptions,0x38025A,0x38E868,0x381365,,クイックソード,Ｑｕｉｃｋ　Ｓｗｏｒｄ,False,2,0,True,True,"Known uint16 bank-local table; target decoded using CP932+MTE, including repointed targets"
item_names_descriptions,0x38025C,0x38FB8C,0x381375,,ファルシオン,Ｆａｌｃｈｉｏｎ,False,3,0,True,True,"Known uint16 bank-local table; target decoded using CP932+MTE, including repointed targets"
item_names_descriptions,0x38025E,0x38F358,0x381383,,治金丸,Ｊｉｋｉｎｍａｒｕ,False,2,0,True,True,"Known uint16 bank-local table; target decoded using CP932+MTE, including repointed targets"
item_names_descriptions,0x380260,0x38E584,0x38138B,,クラウソラス,Ｃｌａｕ　Ｓｏｌａｓ,False,1,0,True,True,"Known uint16 bank-local table; target decoded using CP932+MTE, including repointed targets"
item_names_descriptions,0x380262,0x38F730,0x381399,,ブルトガング,Ｂｌｕｔｇａｎｇ,False,2,0,True,True,"Known uint16 bank-local table; target decoded using CP932+MTE, including repointed targets"
item_names_descriptions,0x380264,0x38F2B8,0x3813A7,,ファイヤソード,Ｆｉｒｅ　Ｓｗｏｒｄ,False,3,0,True,True,"Known uint16 bank-local table; target decoded using CP932+MTE, including repointed targets"
item_names_descriptions,0x380266,0x38EE1C,0x3813B7,,錆びた剣,Ｒｕｓｔｙ　Ｓｗｏｒｄ,False,3,0,True,True,"Known uint16 bank-local table; target decoded using CP932+MTE, including repointed targets"
item_names_descriptions,0x380268,0x38FB6E,0x3813C1,,デュランダル,Ｄｕｒａｎｄａｌ,False,3,0,True,True,"Known uint16 bank-local table; target decoded using CP932+MTE, including repointed targets"
item_names_descriptions,0x38026A,0x38E64C,0x3813CF,,グラディスの剣,Ｇｌａｄｉｓ’ｓ　Ｓｗｏｒｄ,False,4,0,True,True,"Known uint16 bank-local table; target decoded using CP932+MTE, including repointed targets"
item_names_descriptions,0x38026C,0x38FA82,0x3813DF,,ティルビング,Ｔｙｒｆｉｎｇ,False,1,0,True,True,"Known uint16 bank-local table; target decoded using CP932+MTE, including repointed targets"
item_names_descriptions,0x38026E,0x38F1C8,0x3813ED,,カラドボルグ,Ｃａｌａｄｂｏｌｇ,False,2,0,True,True,"Known uint16 bank-local table; target decoded using CP932+MTE, including repointed targets"
item_names_descriptions,0x380270,0x38F298,0x3813FB,,ファインソード,Ｆｉｎｅ　Ｓｗｏｒｄ,False,3,0,True,True,"Known uint16 bank-local table; target decoded using CP932+MTE, including repointed targets"
item_names_descriptions,0x380272,0x38F9CE,0x38140B,,バルムンク,Ｂａｌｍｕｎｇ,False,2,0,True,True,"Known uint16 bank-local table; target decoded using CP932+MTE, including repointed targets"
item_names_descriptions,0x380274,0x38F706,0x381417,,アンサラー,Ａｎｓｗｅｒｅｒ,False,2,0,True,True,"Known uint16 bank-local table; target decoded using CP932+MTE, including repointed targets"
item_names_descriptions,0x380276,0x38F802,0x381423,,ライトセーバー,Ｌｉｇｈｔｓａｂｅｒ,False,2,0,True,True,"Known uint16 bank-local table; target decoded using CP932+MTE, including repointed targets"
item_names_descriptions,0x380278,0x38F418,0x381433,,モンソード,Ｍｏｎ　Ｓｗｏｒｄ,False,2,0,True,True,"Known uint16 bank-local table; target decoded using CP932+MTE, including repointed targets"
item_names_descriptions,0x38027A,0x38E764,0x38143F,,モンソードⅡ,Ｍｏｎ　Ｓｗｏｒｄ　ＩＩ,False,3,0,True,True,"Known uint16 bank-local table; target decoded using CP932+MTE, including repointed targets"
item_names_descriptions,0x38027C,0x38E6D8,0x38144D,,コッツソード,Ｋｏｔｔｓ　Ｓｗｏｒｄ,False,2,0,True,True,"Known uint16 bank-local table; target decoded using CP932+MTE, including repointed targets"
item_names_descriptions,0x38027E,0x38EAE0,0x38145B,,火炎剣,Ｆｌａｍｅ　Ｓｗｏｒｄ,False,3,0,True,True,"Known uint16 bank-local table; target decoded using CP932+MTE, including repointed targets"
item_names_descriptions,0x380280,0x38F348,0x381463,,氷雪剣,Ｉｃｅ　Ｓｗｏｒｄ,False,2,0,True,True,"Known uint16 bank-local table; target decoded using CP932+MTE, including repointed targets"
item_names_descriptions,0x380282,0x38EB82,0x38146B,,ゴウストソード,Ｇｈｏｓｔ　Ｓｗｏｒｄ,False,3,0,True,True,"Known uint16 bank-local table; target decoded using CP932+MTE, including repointed targets"
item_names_descriptions,0x380284,0x38EA1A,0x38147B,,ブッチャー包丁,Ｂｕｔｃｈｅｒ　Ｋｎｉｆｅ,False,4,0,True,True,"Known uint16 bank-local table; target decoded using CP932+MTE, including repointed targets"
item_names_descriptions,0x380286,0x38F368,0x38148B,,キングの剣,Ｋｉｎｇ’ｓ　Ｓｗｏｒｄ,False,3,0,True,True,"Known uint16 bank-local table; target decoded using CP932+MTE, including repointed targets"
item_names_descriptions,0x380288,0x38EAAA,0x381497,,ダークセーバー,Ｄａｒｋ　Ｓａｂｅｒ,False,2,0,True,True,"Known uint16 bank-local table; target decoded using CP932+MTE, including repointed targets"
item_names_descriptions,0x38028A,0x38E5C0,0x3814A7,,２倍剣,Ｄｏｕｂｌｅ　Ｓｗｏｒｄ,False,3,0,True,True,"Known uint16 bank-local table; target decoded using CP932+MTE, including repointed targets"
item_names_descriptions,0x38028C,0x38EABC,0x3814AF,,デーモンソード,Ｄｅｍｏｎ　Ｓｗｏｒｄ,False,3,0,True,True,"Known uint16 bank-local table; target decoded using CP932+MTE, including repointed targets"
item_names_descriptions,0x38028E,0x38EA62,0x3814BF,,デビルキラー,Ｄｅｖｉｌ　Ｋｉｌｌｅｒ,False,3,0,True,True,"Known uint16 bank-local table; target decoded using CP932+MTE, including repointed targets"
item_names_descriptions,0x380290,0x38E090,0x3814CD,,コッツソードⅡ,Ｋｏｔｔｓ　Ｓｗｏｒｄ　ＩＩ,False,3,0,True,True,"Known uint16 bank-local table; target decoded using CP932+MTE, including repointed targets"
item_names_descriptions,0x380292,0x38E49E,0x3814DD,,ソルジャーの剣,Ｓｏｌｄｉｅｒ’ｓ　Ｓｗｏｒｄ,False,4,0,True,True,"Known uint16 bank-local table; target decoded using CP932+MTE, including repointed targets"
item_names_descriptions,0x380294,0x38FB1E,0x381245,,★予備,★Ｓｐａｒｅ,False,1,0,True,True,"Known uint16 bank-local table; target decoded using CP932+MTE, including repointed targets"
item_names_descriptions,0x380296,0x38FB1E,0x381245,,★予備,★Ｓｐａｒｅ,False,1,0,True,True,"Known uint16 bank-local table; target decoded using CP932+MTE, including repointed targets"
item_names_descriptions,0x380298,0x38EAF2,0x3814ED,,飾り服,Ｆａｎｃｙ　Ｃｌｏｔｈｅｓ,False,5,0,True,True,"Known uint16 bank-local table; target decoded using CP932+MTE, including repointed targets"
item_names_descriptions,0x38029A,0x38E714,0x3814F5,,レザーアーマー,Ｌｅａｔｈｅｒ　Ａｒｍｏｒ,False,3,0,True,True,"Known uint16 bank-local table; target decoded using CP932+MTE, including repointed targets"
item_names_descriptions,0x38029C,0x38F8B8,0x381505,,リングメイル,Ｒｉｎｇ　Ｍａｉｌ,False,2,0,True,True,"Known uint16 bank-local table; target decoded using CP932+MTE, including repointed targets"
item_names_descriptions,0x38029E,0x38F448,0x381513,,プレートアーム,Ｐｌａｔｅ　Ａｒｍ,False,2,0,True,True,"Known uint16 bank-local table; target decoded using CP932+MTE, including repointed targets"
item_names_descriptions,0x3802A0,0x38E6EC,0x381523,,ラーバフレーム,Ｌａｖａ　Ｆｒａｍｅ,False,1,0,True,True,"Known uint16 bank-local table; target decoded using CP932+MTE, including repointed targets"
item_names_descriptions,0x3802A2,0x38ED0E,0x381533,,ニードルアーム,Ｎｅｅｄｌｅ　Ａｒｍ,False,2,0,True,True,"Known uint16 bank-local table; target decoded using CP932+MTE, including repointed targets"
item_names_descriptions,0x3802A4,0x38E5FC,0x381543,,ドラコスケイル,Ｄｒａｃｏ　Ｓｃａｌｅ,False,2,0,True,True,"Known uint16 bank-local table; target decoded using CP932+MTE, including repointed targets"
item_names_descriptions,0x3802A6,0x38E638,0x381553,,グラディスの鎧,Ｇｌａｄｉｓ　Ａｒｍｏｒ,False,3,0,True,True,"Known uint16 bank-local table; target decoded using CP932+MTE, including repointed targets"
item_names_descriptions,0x3802A8,0x38ED68,0x381563,,オーサーの服,Ｏｓｅｒ’ｓ　Ｃｌｏｔｈｅｓ,False,5,0,True,True,"Known uint16 bank-local table; target decoded using CP932+MTE, including repointed targets"
item_names_descriptions,0x3802AA,0x38F5C8,0x381571,,水の鎧,Ｗａｔｅｒ　Ａｒｍｏｒ,False,3,0,True,True,"Known uint16 bank-local table; target decoded using CP932+MTE, including repointed targets"
item_names_descriptions,0x3802AC,0x38F158,0x381579,,ビーストアーム,Ｂｅａｓｔ　Ａｒｍ,False,2,0,True,True,"Known uint16 bank-local table; target decoded using CP932+MTE, including repointed targets"
item_names_descriptions,0x3802AE,0x38EFF0,0x381589,,ザバトアーム,Ｚａｂａｔ　Ａｒｍ,False,1,0,True,True,"Known uint16 bank-local table; target decoded using CP932+MTE, including repointed targets"
item_names_descriptions,0x3802B0,0x38ED32,0x381597,,自然の守り服,Ｎａｔｕｒｅ　Ｇｕａｒｄ,False,4,0,True,True,"Known uint16 bank-local table; target decoded using CP932+MTE, including repointed targets"
item_names_descriptions,0x3802B2,0x38EE88,0x3815A5,,スペーススーツ,Ｓｐａｃｅ　Ｓｕｉｔ,False,2,0,True,True,"Known uint16 bank-local table; target decoded using CP932+MTE, including repointed targets"
item_names_descriptions,0x3802B4,0x38F768,0x3815B5,,ファインアーム,Ｆｉｎｅ　Ａｒｍ,False,2,0,True,True,"Known uint16 bank-local table; target decoded using CP932+MTE, including repointed targets"
item_names_descriptions,0x3802B6,0x38F108,0x3815C5,,天使の衣,Ａｎｇｅｌ　Ｒｏｂｅ,False,3,0,True,True,"Known uint16 bank-local table; target decoded using CP932+MTE, including repointed targets"
item_names_descriptions,0x3802B8,0x38F088,0x3815CF,,すばやさ＋１,Ａｇｉｌｉｔｙ　＋１,False,3,0,True,True,"Known uint16 bank-local table; target decoded using CP932+MTE, including repointed targets"
item_names_descriptions,0x3802BA,0x38F098,0x3815DD,,すばやさ＋２,Ａｇｉｌｉｔｙ　＋２,False,3,0,True,True,"Known uint16 bank-local table; target decoded using CP932+MTE, including repointed targets"
item_names_descriptions,0x3802BC,0x38EEAC,0x3815EB,,つよさ＋１,Ｓｔｒｅｎｇｔｈ　＋１,False,3,0,True,True,"Known uint16 bank-local table; target decoded using CP932+MTE, including repointed targets"
item_names_descriptions,0x3802BE,0x38EEBE,0x3815F7,,つよさ＋２,Ｓｔｒｅｎｇｔｈ　＋２,False,3,0,True,True,"Known uint16 bank-local table; target decoded using CP932+MTE, including repointed targets"
item_names_descriptions,0x3802C0,0x38EED0,0x381603,,つよさ＋３,Ｓｔｒｅｎｇｔｈ　＋３,False,3,0,True,True,"Known uint16 bank-local table; target decoded using CP932+MTE, including repointed targets"
item_names_descriptions,0x3802C2,0x38EEE2,0x38160F,,つよさ＋４,Ｓｔｒｅｎｇｔｈ　＋４,False,3,0,True,True,"Known uint16 bank-local table; target decoded using CP932+MTE, including repointed targets"
item_names_descriptions,0x3802C4,0x38F696,0x38161B,,＋無属性,＋Ｎｅｕｔｒａｌ,False,2,0,True,True,"Known uint16 bank-local table; target decoded using CP932+MTE, including repointed targets"
item_names_descriptions,0x3802C6,0x38FB00,0x381625,,＋火属性,＋Ｆｉｒｅ,False,1,0,True,True,"Known uint16 bank-local table; target decoded using CP932+MTE, including repointed targets"
item_names_descriptions,0x3802C8,0x38FB14,0x38162F,,＋水属性,＋Ｗａｔｅｒ,False,2,0,True,True,"Known uint16 bank-local table; target decoded using CP932+MTE, including repointed targets"
item_names_descriptions,0x3802CA,0x38FC86,0x381639,,＋氷属性,＋Ｉｃｅ,False,1,0,True,True,"Known uint16 bank-local table; target decoded using CP932+MTE, including repointed targets"
item_names_descriptions,0x3802CC,0x38FC9E,0x381643,,＋風属性,＋Ｗｉｎｄ,False,1,0,True,True,"Known uint16 bank-local table; target decoded using CP932+MTE, including repointed targets"
item_names_descriptions,0x3802CE,0x38F6A4,0x38164D,,＋雷属性,＋Ｔｈｕｎｄｅｒ,False,2,0,True,True,"Known uint16 bank-local table; target decoded using CP932+MTE, including repointed targets"
item_names_descriptions,0x3802D0,0x38FCEE,0x381657,,＋地属性,＋Ｅａｒｔｈ,False,1,0,True,True,"Known uint16 bank-local table; target decoded using CP932+MTE, including repointed targets"
item_names_descriptions,0x3802D2,0x38FC8E,0x381661,,＋光属性,＋Ｌｉｇｈｔ,False,1,0,True,True,"Known uint16 bank-local table; target decoded using CP932+MTE, including repointed targets"
item_names_descriptions,0x3802D4,0x38FAF6,0x38166B,,＋闇属性,＋Ｄａｒｋ,False,1,0,True,True,"Known uint16 bank-local table; target decoded using CP932+MTE, including repointed targets"
item_names_descriptions,0x3802D6,0x38FB0A,0x381675,,＋時属性,＋Ｔｉｍｅ,False,1,0,True,True,"Known uint16 bank-local table; target decoded using CP932+MTE, including repointed targets"
item_names_descriptions,0x3802D8,0x38F96E,0x38167F,,＋界属性,＋Ｓｐａｃｅ,False,1,0,True,True,"Known uint16 bank-local table; target decoded using CP932+MTE, including repointed targets"
item_names_descriptions,0x3802DA,0x38FC96,0x381689,,＋心属性,＋Ｍｉｎｄ,False,1,0,True,True,"Known uint16 bank-local table; target decoded using CP932+MTE, including repointed targets"
item_names_descriptions,0x3802DC,0x38F048,0x381693,,★奥義の素,★Ｓｅｃｒｅｔ　Ａｒｔ　Ｂａｓｅ,False,3,0,True,True,"Known uint16 bank-local table; target decoded using CP932+MTE, including repointed targets"
item_names_descriptions,0x3802DE,0x38E82C,0x38169F,,毒攻撃,Ｐｏｉｓｏｎ　Ａｔｔａｃｋ,False,3,0,True,True,"Known uint16 bank-local table; target decoded using CP932+MTE, including repointed targets"
item_names_descriptions,0x3802E0,0x38EE52,0x3816A7,,眠り攻撃,Ｓｌｅｅｐ　Ａｔｔａｃｋ,False,2,0,True,True,"Known uint16 bank-local table; target decoded using CP932+MTE, including repointed targets"
item_names_descriptions,0x3802E2,0x38E138,0x3816B1,,マヒ攻撃,Ｐａｒａｌｙｓｉｓ　Ａｔｔａｃｋ,False,4,0,True,True,"Known uint16 bank-local table; target decoded using CP932+MTE, including repointed targets"
item_names_descriptions,0x3802E4,0x38E018,0x3816BB,,爆発攻撃,Ｅｘｐｌｏｓｉｏｎ　Ａｔｔａｃｋ,False,3,0,True,True,"Known uint16 bank-local table; target decoded using CP932+MTE, including repointed targets"
item_names_descriptions,0x3802E6,0x38F6B4,0x3816C5,,クリティカル,Ｃｒｉｔｉｃａｌ,False,3,0,True,True,"Known uint16 bank-local table; target decoded using CP932+MTE, including repointed targets"
item_names_descriptions,0x3802E8,0x38F6B2,0x3816D3,,★クリティカル,★Ｃｒｉｔｉｃａｌ,False,3,0,True,True,"Known uint16 bank-local table; target decoded using CP932+MTE, including repointed targets"
item_names_descriptions,0x3802EA,0x38F944,0x3816E3,,アイテム落し,Ｉｔｅｍ　Ｄｒｏｐ,False,3,0,True,True,"Known uint16 bank-local table; target decoded using CP932+MTE, including repointed targets"
item_names_descriptions,0x3802EC,0x38F658,0x3816F1,,武器落し,Ｗｅａｐｏｎ　Ｄｒｏｐ,False,4,0,True,True,"Known uint16 bank-local table; target decoded using CP932+MTE, including repointed targets"
item_names_descriptions,0x3802EE,0x38F308,0x3816FB,,お金落とし,Ｇｏｌｄ　Ｄｒｏｐ,False,2,0,True,True,"Known uint16 bank-local table; target decoded using CP932+MTE, including repointed targets"
item_names_descriptions,0x3802F0,0x38DDA4,0x381707,,耐久力,Ｄｕｒａｂｉｌｉｔｙ,False,3,0,True,True,"Known uint16 bank-local table; target decoded using CP932+MTE, including repointed targets"
item_names_descriptions,0x3802F2,0x38E966,0x38170F,,★耐久力,★Ｄｕｒａｂｉｌｉｔｙ,False,3,0,True,True,"Known uint16 bank-local table; target decoded using CP932+MTE, including repointed targets"
item_names_descriptions,0x3802F4,0x38F608,0x381719,,広範囲攻撃,Ｗｉｄｅ　Ａｔｔａｃｋ,False,3,0,True,True,"Known uint16 bank-local table; target decoded using CP932+MTE, including repointed targets"
item_names_descriptions,0x3802F6,0x38EE9A,0x381725,,回転攻撃,Ｓｐｉｎ　Ａｔｔａｃｋ,False,2,0,True,True,"Known uint16 bank-local table; target decoded using CP932+MTE, including repointed targets"
item_names_descriptions,0x3802F8,0x38E8E0,0x38172F,,特殊封印,Ｓｐｅｃｉａｌ　Ｓｅａｌ,False,3,0,True,True,"Known uint16 bank-local table; target decoded using CP932+MTE, including repointed targets"
item_names_descriptions,0x3802FA,0x38FA5E,0x381739,,リフレクト,Ｒｅｆｌｅｃｔ,False,1,0,True,True,"Known uint16 bank-local table; target decoded using CP932+MTE, including repointed targets"
item_names_descriptions,0x3802FC,0x38E5AC,0x381745,,２回攻撃,Ｄｏｕｂｌｅ　Ａｔｔａｃｋ,False,3,0,True,True,"Known uint16 bank-local table; target decoded using CP932+MTE, including repointed targets"
item_names_descriptions,0x3802FE,0x38DD80,0x38174F,,！永久装備,！Ｐｅｒｍａｎｅｎｔ　Ｅｑｕｉｐ,False,4,0,True,True,"Known uint16 bank-local table; target decoded using CP932+MTE, including repointed targets"
item_names_descriptions,0x380300,0x38F038,0x38175B,,！攻撃１,！Ａｔｔａｃｋ　１,False,1,0,True,True,"Known uint16 bank-local table; target decoded using CP932+MTE, including repointed targets"
item_names_descriptions,0x380302,0x38F688,0x381765,,！Ｂ封印,！Ｂ　Ｓｅａｌ,False,1,0,True,True,"Known uint16 bank-local table; target decoded using CP932+MTE, including repointed targets"
item_names_descriptions,0x380304,0x38E50C,0x38176F,,！－耐久力,！‐Ｄｕｒａｂｉｌｉｔｙ,False,3,0,True,True,"Known uint16 bank-local table; target decoded using CP932+MTE, including repointed targets"
item_names_descriptions,0x380306,0x38DD9A,0x38177B,,！最悪耐久力,！Ｗｏｒｓｔ　Ｄｕｒａｂｉｌｉｔｙ,False,5,0,True,True,"Known uint16 bank-local table; target decoded using CP932+MTE, including repointed targets"
item_names_descriptions,0x380308,0x38E1DE,0x381789,,！狭範囲攻撃,！Ｎａｒｒｏｗ　Ａｔｔａｃｋ,False,3,0,True,True,"Known uint16 bank-local table; target decoded using CP932+MTE, including repointed targets"
item_names_descriptions,0x38030A,0x38E954,0x381797,,！武器スロウ,！Ｗｅａｐｏｎ　Ｓｌｏｗ,False,4,0,True,True,"Known uint16 bank-local table; target decoded using CP932+MTE, including repointed targets"
item_names_descriptions,0x38030C,0x38E1C8,0x3817A5,,！ライフ回復,！Ｌｉｆｅ　Ｒｅｃｏｖｅｒｙ,False,4,0,True,True,"Known uint16 bank-local table; target decoded using CP932+MTE, including repointed targets"
item_names_descriptions,0x38030E,0x38FAEC,0x3817B3,,,？？？？,False,0,0,True,True,"Known uint16 bank-local table; target decoded using CP932+MTE, including repointed targets"
item_names_descriptions,0x380310,0x3817BD,0x3817BD,,,0,False,0,0,False,True,"Known uint16 bank-local table; target decoded using CP932+MTE, including repointed targets"
item_names_descriptions,0x380312,0x3817BD,0x3817BD,,,0,False,0,0,False,True,"Known uint16 bank-local table; target decoded using CP932+MTE, including repointed targets"
item_names_descriptions,0x380314,0x3817BD,0x3817BD,,,0,False,0,0,False,True,"Known uint16 bank-local table; target decoded using CP932+MTE, including repointed targets"
item_names_descriptions,0x380316,0x38E000,0x3817C0,,耐久保護,Ｄｕｒａｂｉｌｉｔｙ　Ｇｕａｒｄ,False,5,0,True,True,"Known uint16 bank-local table; target decoded using CP932+MTE, including repointed targets"
item_names_descriptions,0x380318,0x38F0C8,0x3817CA,,対魔法使い,Ａｎｔｉ‐Ｍａｇｅ,False,1,0,True,True,"Known uint16 bank-local table; target decoded using CP932+MTE, including repointed targets"
item_names_descriptions,0x38031A,0x38E98A,0x3817D6,,対ゴースト,Ａｎｔｉ‐Ｇｈｏｓｔ,False,2,0,True,True,"Known uint16 bank-local table; target decoded using CP932+MTE, including repointed targets"
item_names_descriptions,0x38031C,0x38DDB4,0x3817E2,,対コッツン,Ａｎｔｉ‐Ｋｏｔｔｓｕｎ,False,0,0,True,True,"Known uint16 bank-local table; target decoded using CP932+MTE, including repointed targets"
item_names_descriptions,0x38031E,0x38F1E8,0x3817EE,,クリティカル４,Ｃｒｉｔｉｃａｌ　４,False,3,0,True,True,"Known uint16 bank-local table; target decoded using CP932+MTE, including repointed targets"
item_names_descriptions,0x380320,0x38F2A8,0x3817FE,,火属性,Ｆｉｒｅ　Ｅｌｅｍｅｎｔ,False,4,0,True,True,"Known uint16 bank-local table; target decoded using CP932+MTE, including repointed targets"
item_names_descriptions,0x380322,0x38F5D8,0x381806,,水属性,Ｗａｔｅｒ　Ｅｌｅｍｅｎｔ,False,4,0,True,True,"Known uint16 bank-local table; target decoded using CP932+MTE, including repointed targets"
item_names_descriptions,0x380324,0x38F014,0x38180E,,アイテム落し２,Ｉｔｅｍ　Ｄｒｏｐ　２,False,3,0,True,True,"Known uint16 bank-local table; target decoded using CP932+MTE, including repointed targets"
item_names_descriptions,0x380326,0x38DC7E,0x38181E,,壁・岩壊し,Ｂｒｅａｋ　Ｗａｌｌｓ／Ｒｏｃｋｓ,False,2,0,True,True,"Known uint16 bank-local table; target decoded using CP932+MTE, including repointed targets"
item_names_descriptions,0x380328,0x38E168,0x38182A,,攻撃力不安定,Ｕｎｓｔａｂｌｅ　Ａｔｔａｃｋ,False,3,0,True,True,"Known uint16 bank-local table; target decoded using CP932+MTE, including repointed targets"
item_names_descriptions,0x38032A,0x38E99C,0x381838,,対水属性,Ａｎｔｉ‐Ｗａｔｅｒ,False,2,0,True,True,"Known uint16 bank-local table; target decoded using CP932+MTE, including repointed targets"
item_names_descriptions,0x38032C,0x3817BD,0x3817BD,,,0,False,0,0,False,True,"Known uint16 bank-local table; target decoded using CP932+MTE, including repointed targets"
item_names_descriptions,0x38032E,0x3817BD,0x3817BD,,,0,False,0,0,False,True,"Known uint16 bank-local table; target decoded using CP932+MTE, including repointed targets"
item_names_descriptions,0x380330,0x3817BD,0x3817BD,,,0,False,0,0,False,True,"Known uint16 bank-local table; target decoded using CP932+MTE, including repointed targets"
item_names_descriptions,0x380332,0x3817BD,0x3817BD,,,0,False,0,0,False,True,"Known uint16 bank-local table; target decoded using CP932+MTE, including repointed targets"
item_names_descriptions,0x380334,0x3817BD,0x3817BD,,,0,False,0,0,False,True,"Known uint16 bank-local table; target decoded using CP932+MTE, including repointed targets"
item_names_descriptions,0x380336,0x3817BD,0x3817BD,,,0,False,0,0,False,True,"Known uint16 bank-local table; target decoded using CP932+MTE, including repointed targets"
item_names_descriptions,0x380338,0x38EA3E,0x381842,,まもり＋１,Ｄｅｆｅｎｓｅ　＋１,False,2,0,True,True,"Known uint16 bank-local table; target decoded using CP932+MTE, including repointed targets"
item_names_descriptions,0x38033A,0x38EA50,0x38184E,,まもり＋２,Ｄｅｆｅｎｓｅ　＋２,False,2,0,True,True,"Known uint16 bank-local table; target decoded using CP932+MTE, including repointed targets"
item_names_descriptions,0x38033C,0x38F588,0x38185A,,かしこさ＋１,Ｗｉｓｄｏｍ　＋１,False,2,0,True,True,"Known uint16 bank-local table; target decoded using CP932+MTE, including repointed targets"
item_names_descriptions,0x38033E,0x38F598,0x381868,,かしこさ＋２,Ｗｉｓｄｏｍ　＋２,False,2,0,True,True,"Known uint16 bank-local table; target decoded using CP932+MTE, including repointed targets"
item_names_descriptions,0x380340,0x38F5A8,0x381876,,かしこさ＋３,Ｗｉｓｄｏｍ　＋３,False,2,0,True,True,"Known uint16 bank-local table; target decoded using CP932+MTE, including repointed targets"
item_names_descriptions,0x380342,0x38F5B8,0x381884,,かしこさ＋４,Ｗｉｓｄｏｍ　＋４,False,2,0,True,True,"Known uint16 bank-local table; target decoded using CP932+MTE, including repointed targets"
item_names_descriptions,0x380344,0x38F696,0x38161B,,＋無属性,＋Ｎｅｕｔｒａｌ,False,2,0,True,True,"Known uint16 bank-local table; target decoded using CP932+MTE, including repointed targets"
item_names_descriptions,0x380346,0x38FB00,0x381625,,＋火属性,＋Ｆｉｒｅ,False,1,0,True,True,"Known uint16 bank-local table; target decoded using CP932+MTE, including repointed targets"
item_names_descriptions,0x380348,0x38FB14,0x38162F,,＋水属性,＋Ｗａｔｅｒ,False,2,0,True,True,"Known uint16 bank-local table; target decoded using CP932+MTE, including repointed targets"
item_names_descriptions,0x38034A,0x38FC86,0x381639,,＋氷属性,＋Ｉｃｅ,False,1,0,True,True,"Known uint16 bank-local table; target decoded using CP932+MTE, including repointed targets"
item_names_descriptions,0x38034C,0x38FC9E,0x381643,,＋風属性,＋Ｗｉｎｄ,False,1,0,True,True,"Known uint16 bank-local table; target decoded using CP932+MTE, including repointed targets"
item_names_descriptions,0x38034E,0x38F6A4,0x38164D,,＋雷属性,＋Ｔｈｕｎｄｅｒ,False,2,0,True,True,"Known uint16 bank-local table; target decoded using CP932+MTE, including repointed targets"
item_names_descriptions,0x380350,0x38FCEE,0x381657,,＋地属性,＋Ｅａｒｔｈ,False,1,0,True,True,"Known uint16 bank-local table; target decoded using CP932+MTE, including repointed targets"
item_names_descriptions,0x380352,0x38FC8E,0x381661,,＋光属性,＋Ｌｉｇｈｔ,False,1,0,True,True,"Known uint16 bank-local table; target decoded using CP932+MTE, including repointed targets"
item_names_descriptions,0x380354,0x38FAF6,0x38166B,,＋闇属性,＋Ｄａｒｋ,False,1,0,True,True,"Known uint16 bank-local table; target decoded using CP932+MTE, including repointed targets"
item_names_descriptions,0x380356,0x38FB0A,0x381675,,＋時属性,＋Ｔｉｍｅ,False,1,0,True,True,"Known uint16 bank-local table; target decoded using CP932+MTE, including repointed targets"
item_names_descriptions,0x380358,0x38F96E,0x38167F,,＋界属性,＋Ｓｐａｃｅ,False,1,0,True,True,"Known uint16 bank-local table; target decoded using CP932+MTE, including repointed targets"
item_names_descriptions,0x38035A,0x38FC96,0x381689,,＋心属性,＋Ｍｉｎｄ,False,1,0,True,True,"Known uint16 bank-local table; target decoded using CP932+MTE, including repointed targets"
item_names_descriptions,0x38035C,0x38F986,0x381892,,▼毒,▼Ｐｏｉｓｏｎ,False,2,0,True,True,"Known uint16 bank-local table; target decoded using CP932+MTE, including repointed targets"
item_names_descriptions,0x38035E,0x38FB28,0x381898,,▼眠り,▼Ｓｌｅｅｐ,False,1,0,True,True,"Known uint16 bank-local table; target decoded using CP932+MTE, including repointed targets"
item_names_descriptions,0x380360,0x38F058,0x3818A0,,▼マヒ,▼Ｐａｒａｌｙｓｉｓ,False,3,0,True,True,"Known uint16 bank-local table; target decoded using CP932+MTE, including repointed targets"
item_names_descriptions,0x380362,0x38F6CE,0x3818A8,,▼凍る,▼Ｆｒｅｅｚｅ,False,1,0,True,True,"Known uint16 bank-local table; target decoded using CP932+MTE, including repointed targets"
item_names_descriptions,0x380364,0x38F6C0,0x3818B0,,▼クリティカル,▼Ｃｒｉｔｉｃａｌ,False,3,0,True,True,"Known uint16 bank-local table; target decoded using CP932+MTE, including repointed targets"
item_names_descriptions,0x380366,0x38F97A,0x3818C0,,▼溶岩,▼Ｌａｖａ,False,0,0,True,True,"Known uint16 bank-local table; target decoded using CP932+MTE, including repointed targets"
item_names_descriptions,0x380368,0x38F992,0x3818C8,,▼トラップ,▼Ｔｒａｐｓ,False,1,0,True,True,"Known uint16 bank-local table; target decoded using CP932+MTE, including repointed targets"
item_names_descriptions,0x38036A,0x38DDA4,0x381707,,耐久力,Ｄｕｒａｂｉｌｉｔｙ,False,3,0,True,True,"Known uint16 bank-local table; target decoded using CP932+MTE, including repointed targets"
item_names_descriptions,0x38036C,0x38E966,0x38170F,,★耐久力,★Ｄｕｒａｂｉｌｉｔｙ,False,3,0,True,True,"Known uint16 bank-local table; target decoded using CP932+MTE, including repointed targets"
item_names_descriptions,0x38036E,0x38F026,0x3818D4,,武器防御,Ｗｅａｐｏｎ　Ｇｕａｒｄ,False,4,0,True,True,"Known uint16 bank-local table; target decoded using CP932+MTE, including repointed targets"
item_names_descriptions,0x380370,0x38E728,0x3818DE,,魔法防御,Ｍａｇｉｃ　Ｇｕａｒｄ,False,2,0,True,True,"Known uint16 bank-local table; target decoded using CP932+MTE, including repointed targets"
item_names_descriptions,0x380372,0x38E1CA,0x3818E8,,ライフ回復,Ｌｉｆｅ　Ｒｅｃｏｖｅｒｙ,False,4,0,True,True,"Known uint16 bank-local table; target decoded using CP932+MTE, including repointed targets"
item_names_descriptions,0x380374,0x38DDE8,0x3818F4,,諸刃攻撃,Ｄｏｕｂｌｅ‐Ｅｄｇｅ　ＡＴＫ,False,3,0,True,True,"Known uint16 bank-local table; target decoded using CP932+MTE, including repointed targets"
item_names_descriptions,0x380376,0x38E150,0x3818FE,,見える効果,Ｓｅｅ　Ｈｉｄｄｅｎ　Ｆｏｅｓ,False,4,0,True,True,"Known uint16 bank-local table; target decoded using CP932+MTE, including repointed targets"
item_names_descriptions,0x380378,0x38FA5E,0x38190A,,跳ね返し,Ｒｅｆｌｅｃｔ,False,1,0,True,True,"Known uint16 bank-local table; target decoded using CP932+MTE, including repointed targets"
item_names_descriptions,0x38037A,0x38F188,0x381914,,体当たり攻撃,Ｂｏｄｙ　Ｓｌａｍ,False,2,0,True,True,"Known uint16 bank-local table; target decoded using CP932+MTE, including repointed targets"
item_names_descriptions,0x38037C,0x38E3C2,0x381922,,魔法吸収,Ｍａｇｉｃ　Ａｂｓｏｒｂ,False,2,0,True,True,"Known uint16 bank-local table; target decoded using CP932+MTE, including repointed targets"
item_names_descriptions,0x38037E,0x38DD80,0x38174F,,！永久装備,！Ｐｅｒｍａｎｅｎｔ　Ｅｑｕｉｐ,False,4,0,True,True,"Known uint16 bank-local table; target decoded using CP932+MTE, including repointed targets"
item_names_descriptions,0x380380,0x38DF88,0x38192C,,！防御力１,！Ａｒｍｏｒ　ＤＥＦ　１,False,1,0,True,True,"Known uint16 bank-local table; target decoded using CP932+MTE, including repointed targets"
item_names_descriptions,0x380382,0x38F688,0x381765,,！Ｂ封印,！Ｂ　Ｓｅａｌ,False,1,0,True,True,"Known uint16 bank-local table; target decoded using CP932+MTE, including repointed targets"
item_names_descriptions,0x380384,0x38DFA0,0x381938,,！敵倍攻撃,！Ｄａｍａｇｅ　Ｔａｋｅｎ　ｘ２,False,3,0,True,True,"Known uint16 bank-local table; target decoded using CP932+MTE, including repointed targets"
item_names_descriptions,0x380386,0x38E50C,0x38176F,,！－耐久力,！‐Ｄｕｒａｂｉｌｉｔｙ,False,3,0,True,True,"Known uint16 bank-local table; target decoded using CP932+MTE, including repointed targets"
item_names_descriptions,0x380388,0x38DD9A,0x38177B,,！最悪耐久力,！Ｗｏｒｓｔ　Ｄｕｒａｂｉｌｉｔｙ,False,5,0,True,True,"Known uint16 bank-local table; target decoded using CP932+MTE, including repointed targets"
item_names_descriptions,0x38038A,0x38E930,0x381944,,！ライフ減る,！Ｌｉｆｅ　Ｌｏｓｓ,False,2,0,True,True,"Known uint16 bank-local table; target decoded using CP932+MTE, including repointed targets"
item_names_descriptions,0x38038C,0x38E942,0x381952,,！移動スロウ,！Ｓｌｏｗ　Ｍｏｖｅ,False,2,0,True,True,"Known uint16 bank-local table; target decoded using CP932+MTE, including repointed targets"
item_names_descriptions,0x38038E,0x38FAEC,0x3817B3,,,？？？？,False,0,0,True,True,"Known uint16 bank-local table; target decoded using CP932+MTE, including repointed targets"
item_names_descriptions,0x380390,0x38F128,0x381960,,天使の心,Ａｎｇｅｌ’ｓ　Ｈｅａｒｔ,False,5,0,True,True,"Known uint16 bank-local table; target decoded using CP932+MTE, including repointed targets"
item_names_descriptions,0x380392,0x3817BD,0x3817BD,,,0,False,0,0,False,True,"Known uint16 bank-local table; target decoded using CP932+MTE, including repointed targets"
item_names_descriptions,0x380394,0x3817BD,0x3817BD,,,0,False,0,0,False,True,"Known uint16 bank-local table; target decoded using CP932+MTE, including repointed targets"
item_names_descriptions,0x380396,0x38E000,0x3817C0,,耐久保護,Ｄｕｒａｂｉｌｉｔｙ　Ｇｕａｒｄ,False,5,0,True,True,"Known uint16 bank-local table; target decoded using CP932+MTE, including repointed targets"
item_names_descriptions,0x380398,0x38DFE8,0x38196A,,落石回避,Ａｖｏｉｄ　Ｒｏｃｋｆａｌｌ,False,2,0,True,True,"Known uint16 bank-local table; target decoded using CP932+MTE, including repointed targets"
item_names_descriptions,0x38039A,0x38E520,0x381974,,対ロック系,Ａｎｔｉ‐Ｒｏｃｋ,False,0,0,True,True,"Known uint16 bank-local table; target decoded using CP932+MTE, including repointed targets"
item_names_descriptions,0x38039C,0x38E840,0x381980,,触れた敵に毒,Ｐｏｉｓｏｎ　ｏｎ　Ｔｏｕｃｈ,False,5,0,True,True,"Known uint16 bank-local table; target decoded using CP932+MTE, including repointed targets"
item_names_descriptions,0x38039E,0x38E9AE,0x38198E,,呪い回避,Ａｖｏｉｄ　Ｃｕｒｓｅ,False,3,0,True,True,"Known uint16 bank-local table; target decoded using CP932+MTE, including repointed targets"
item_names_descriptions,0x3803A0,0x3817BD,0x3817BD,,,0,False,0,0,False,True,"Known uint16 bank-local table; target decoded using CP932+MTE, including repointed targets"
item_names_descriptions,0x3803A2,0x3817BD,0x3817BD,,,0,False,0,0,False,True,"Known uint16 bank-local table; target decoded using CP932+MTE, including repointed targets"
item_names_descriptions,0x3803A4,0x3817BD,0x3817BD,,,0,False,0,0,False,True,"Known uint16 bank-local table; target decoded using CP932+MTE, including repointed targets"
item_names_descriptions,0x3803A6,0x3817BD,0x3817BD,,,0,False,0,0,False,True,"Known uint16 bank-local table; target decoded using CP932+MTE, including repointed targets"
item_names_descriptions,0x3803A8,0x3817BD,0x3817BD,,,0,False,0,0,False,True,"Known uint16 bank-local table; target decoded using CP932+MTE, including repointed targets"
item_names_descriptions,0x3803AA,0x3817BD,0x3817BD,,,0,False,0,0,False,True,"Known uint16 bank-local table; target decoded using CP932+MTE, including repointed targets"
item_names_descriptions,0x3803AC,0x3817BD,0x3817BD,,,0,False,0,0,False,True,"Known uint16 bank-local table; target decoded using CP932+MTE, including repointed targets"
item_names_descriptions,0x3803AE,0x3817BD,0x3817BD,,,0,False,0,0,False,True,"Known uint16 bank-local table; target decoded using CP932+MTE, including repointed targets"
item_names_descriptions,0x3803B0,0x3817BD,0x3817BD,,,0,False,0,0,False,True,"Known uint16 bank-local table; target decoded using CP932+MTE, including repointed targets"
item_names_descriptions,0x3803B2,0x3817BD,0x3817BD,,,0,False,0,0,False,True,"Known uint16 bank-local table; target decoded using CP932+MTE, including repointed targets"
item_names_descriptions,0x3803B4,0x3817BD,0x3817BD,,,0,False,0,0,False,True,"Known uint16 bank-local table; target decoded using CP932+MTE, including repointed targets"
item_names_descriptions,0x3803B6,0x3817BD,0x3817BD,,,0,False,0,0,False,True,"Known uint16 bank-local table; target decoded using CP932+MTE, including repointed targets"
item_names_descriptions,0x3803B8,0x38E0E8,0x381998,,ファイヤー,Ｆｉｒｅ,False,1,0,True,True,"Known uint16 bank-local table; target decoded using CP932+MTE, including repointed targets"
item_names_descriptions,0x3803BA,0x38FB82,0x3819A4,,フレイム,Ｆｌａｍｅ,False,1,0,True,True,"Known uint16 bank-local table; target decoded using CP932+MTE, including repointed targets"
item_names_descriptions,0x3803BC,0x38E700,0x3819AE,,ラヴァガード,Ｌａｖａ　Ｇｕａｒｄ,False,1,0,True,True,"Known uint16 bank-local table; target decoded using CP932+MTE, including repointed targets"
item_names_descriptions,0x3803BE,0x38EB04,0x3819BC,,火の奇跡,Ｆｉｒｅ　Ｍｉｒａｃｌｅ,False,4,0,True,True,"Known uint16 bank-local table; target decoded using CP932+MTE, including repointed targets"
item_names_descriptions,0x3803C0,0x38DE48,0x3819C6,,ウォーター,Ｗａｔｅｒ,False,2,0,True,True,"Known uint16 bank-local table; target decoded using CP932+MTE, including repointed targets"
item_names_descriptions,0x3803C2,0x38FA6A,0x3819D2,,スプラッシュ,Ｓｐｌａｓｈ,False,1,0,True,True,"Known uint16 bank-local table; target decoded using CP932+MTE, including repointed targets"
item_names_descriptions,0x3803C4,0x38FD00,0x3819E0,,ヒール,Ｈｅａｌ,False,2,0,True,True,"Known uint16 bank-local table; target decoded using CP932+MTE, including repointed targets"
item_names_descriptions,0x3803C6,0x38EFA8,0x3819E8,,水の奇跡,Ｗａｔｅｒ　Ｍｉｒａｃｌｅ,False,4,0,True,True,"Known uint16 bank-local table; target decoded using CP932+MTE, including repointed targets"
item_names_descriptions,0x3803C8,0x38F6D0,0x3819F2,,フリーズ,Ｆｒｅｅｚｅ,False,1,0,True,True,"Known uint16 bank-local table; target decoded using CP932+MTE, including repointed targets"
item_names_descriptions,0x3803CA,0x38F628,0x3819FC,,かまいたち,Ｗｉｎｄ　Ｃｕｔｔｅｒ,False,3,0,True,True,"Known uint16 bank-local table; target decoded using CP932+MTE, including repointed targets"
item_names_descriptions,0x3803CC,0x38FA8E,0x381A08,,トルネード,Ｔｏｒｎａｄｏ,False,2,0,True,True,"Known uint16 bank-local table; target decoded using CP932+MTE, including repointed targets"
item_names_descriptions,0x3803CE,0x38F9F2,0x381A14,,エスケイプ,Ｅｓｃａｐｅ,False,1,0,True,True,"Known uint16 bank-local table; target decoded using CP932+MTE, including repointed targets"
item_names_descriptions,0x3803D0,0x38EFCC,0x381A20,,風の奇跡,Ｗｉｎｄ　Ｍｉｒａｃｌｅ,False,3,0,True,True,"Known uint16 bank-local table; target decoded using CP932+MTE, including repointed targets"
item_names_descriptions,0x3803D2,0x38EDFE,0x381A2A,,サンダー,Ｔｈｕｎｄｅｒ,False,2,0,True,True,"Known uint16 bank-local table; target decoded using CP932+MTE, including repointed targets"
item_names_descriptions,0x3803D4,0x38FCF4,0x381A34,,ディグ,Ｄｉｇ,False,1,0,True,True,"Known uint16 bank-local table; target decoded using CP932+MTE, including repointed targets"
item_names_descriptions,0x3803D6,0x38FAB2,0x381A3C,,ヤッホー！,Ｙａｈｏｏ！,False,1,0,True,True,"Known uint16 bank-local table; target decoded using CP932+MTE, including repointed targets"
item_names_descriptions,0x3803D8,0x38F668,0x381A48,,地の奇跡,Ｅａｒｔｈ　Ｍｉｒａｃｌｅ,False,3,0,True,True,"Known uint16 bank-local table; target decoded using CP932+MTE, including repointed targets"
item_names_descriptions,0x3803DA,0x38FB78,0x381A52,,フラッシュ,Ｆｌａｓｈ,False,1,0,True,True,"Known uint16 bank-local table; target decoded using CP932+MTE, including repointed targets"
item_names_descriptions,0x3803DC,0x38E3AC,0x381A5E,,光のリングＳＰ（,Ｌｉｇｈｔ　Ｒｉｎｇ　ＳＰ　（,False,2,0,True,True,"Known uint16 bank-local table; target decoded using CP932+MTE, including repointed targets"
item_names_descriptions,0x3803DE,0x38EC36,0x381A70,,光の奇跡,Ｌｉｇｈｔ　Ｍｉｒａｃｌｅ,False,3,0,True,True,"Known uint16 bank-local table; target decoded using CP932+MTE, including repointed targets"
item_names_descriptions,0x3803E0,0x38EA98,0x381A7A,,ダークガード,Ｄａｒｋ　Ｇｕａｒｄ,False,2,0,True,True,"Known uint16 bank-local table; target decoded using CP932+MTE, including repointed targets"
item_names_descriptions,0x3803E2,0x38ED9E,0x381A88,,プチデビル,Ｐｅｔｉｔ　Ｄｅｖｉｌ,False,3,0,True,True,"Known uint16 bank-local table; target decoded using CP932+MTE, including repointed targets"
item_names_descriptions,0x3803E4,0x38E5D4,0x381A94,,闇の奇跡,Ｄａｒｋ　Ｍｉｒａｃｌｅ,False,3,0,True,True,"Known uint16 bank-local table; target decoded using CP932+MTE, including repointed targets"
item_names_descriptions,0x3803E6,0x38E95E,0x381A9E,,スロウ,Ｓｌｏｗ,False,1,0,True,True,"Known uint16 bank-local table; target decoded using CP932+MTE, including repointed targets"
item_names_descriptions,0x3803E8,0x38FCFA,0x381AA6,,ファスト,Ｆａｓｔ,False,1,0,True,True,"Known uint16 bank-local table; target decoded using CP932+MTE, including repointed targets"
item_names_descriptions,0x3803EA,0x38EF72,0x381AB0,,時の奇跡,Ｔｉｍｅ　Ｍｉｒａｃｌｅ,False,4,0,True,True,"Known uint16 bank-local table; target decoded using CP932+MTE, including repointed targets"
item_names_descriptions,0x3803EC,0x38DCBA,0x381ABA,,界のリング（ボツ,Ｓｐａｃｅ　Ｒｉｎｇ　（Ｕｎｕｓｅｄ）,False,4,0,True,True,"Known uint16 bank-local table; target decoded using CP932+MTE, including repointed targets"
item_names_descriptions,0x3803EE,0x38DF20,0x381ACC,,界のリングＳＰ（,Ｓｐａｃｅ　Ｒｉｎｇ　ＳＰ　（,False,2,0,True,True,"Known uint16 bank-local table; target decoded using CP932+MTE, including repointed targets"
item_names_descriptions,0x3803F0,0x38E4B4,0x381ADE,,界の奇跡,Ｓｐａｃｅ　Ｍｉｒａｃｌｅ,False,3,0,True,True,"Known uint16 bank-local table; target decoded using CP932+MTE, including repointed targets"
item_names_descriptions,0x3803F2,0x38DED2,0x381AE8,,心のリング（ボツ,Ｍｉｎｄ　Ｒｉｎｇ　（Ｕｎｕｓｅｄ）,False,4,0,True,True,"Known uint16 bank-local table; target decoded using CP932+MTE, including repointed targets"
item_names_descriptions,0x3803F4,0x38E440,0x381AFA,,マインド,Ｍｉｎｄ,False,1,0,True,True,"Known uint16 bank-local table; target decoded using CP932+MTE, including repointed targets"
item_names_descriptions,0x3803F6,0x38ECEA,0x381B04,,心の奇跡,Ｍｉｎｄ　Ｍｉｒａｃｌｅ,False,3,0,True,True,"Known uint16 bank-local table; target decoded using CP932+MTE, including repointed targets"
item_names_descriptions,0x3803F8,0x38FA5E,0x381B0E,,リフレクト,Ｒｅｆｌｅｃｔ,False,1,0,True,True,"Known uint16 bank-local table; target decoded using CP932+MTE, including repointed targets"
item_names_descriptions,0x3803FA,0x380DA4,0x380DA4,,,,False,0,0,False,True,"Known uint16 bank-local table; target decoded using CP932+MTE, including repointed targets"
item_names_descriptions,0x3803FC,0x38ECD8,0x381B1A,,サルの心,Ｍｏｎｋｅｙ　Ｈｅａｒｔ,False,4,0,True,True,"Known uint16 bank-local table; target decoded using CP932+MTE, including repointed targets"
item_names_descriptions,0x3803FE,0x38E854,0x381B24,,ペンギンの心,Ｐｅｎｇｕｉｎ　Ｈｅａｒｔ,False,4,0,True,True,"Known uint16 bank-local table; target decoded using CP932+MTE, including repointed targets"
item_names_descriptions,0x380400,0x38F1F8,0x381B32,,ラクダの心,Ｃａｍｅｌ　Ｈｅａｒｔ,False,4,0,True,True,"Known uint16 bank-local table; target decoded using CP932+MTE, including repointed targets"
item_names_descriptions,0x380402,0x38E2A4,0x381B3E,,イルカの心,Ｄｏｌｐｈｉｎ　Ｈｅａｒｔ,False,3,0,True,True,"Known uint16 bank-local table; target decoded using CP932+MTE, including repointed targets"
item_names_descriptions,0x380404,0x38F3D8,0x381B4A,,モグラの心,Ｍｏｌｅ　Ｈｅａｒｔ,False,3,0,True,True,"Known uint16 bank-local table; target decoded using CP932+MTE, including repointed targets"
item_names_descriptions,0x380406,0x38DCD8,0x381B56,,モモンガの心,Ｆ．　Ｓｑｕｉｒｒｅｌ　Ｈｅａｒｔ,False,4,0,True,True,"Known uint16 bank-local table; target decoded using CP932+MTE, including repointed targets"
item_names_descriptions,0x380408,0x38F73E,0x381B64,,コウモリの心,Ｂａｔ　Ｈｅａｒｔ,False,3,0,True,True,"Known uint16 bank-local table; target decoded using CP932+MTE, including repointed targets"
item_names_descriptions,0x38040A,0x38ED7A,0x381B72,,ピューマの心,Ｐｕｍａ　Ｈｅａｒｔ,False,2,0,True,True,"Known uint16 bank-local table; target decoded using CP932+MTE, including repointed targets"
item_names_descriptions,0x38040C,0x38E278,0x381B80,,アルマジロの心,Ａｒｍａｄｉｌｌｏ　Ｈｅａｒｔ,False,5,0,True,True,"Known uint16 bank-local table; target decoded using CP932+MTE, including repointed targets"
item_names_descriptions,0x38040E,0x38F288,0x381B90,,キツネの心,Ｆｏｘ　Ｈｅａｒｔ,False,2,0,True,True,"Known uint16 bank-local table; target decoded using CP932+MTE, including repointed targets"
item_names_descriptions,0x380410,0x38F810,0x381B9C,,ライオンの心,Ｌｉｏｎ　Ｈｅａｒｔ,False,3,0,True,True,"Known uint16 bank-local table; target decoded using CP932+MTE, including repointed targets"
item_names_descriptions,0x380412,0x380DA4,0x380DA4,,,,False,0,0,False,True,"Known uint16 bank-local table; target decoded using CP932+MTE, including repointed targets"
item_names_descriptions,0x380414,0x380DA4,0x380DA4,,,,False,0,0,False,True,"Known uint16 bank-local table; target decoded using CP932+MTE, including repointed targets"
item_names_descriptions,0x380416,0x380DA4,0x380DA4,,,,False,0,0,False,True,"Known uint16 bank-local table; target decoded using CP932+MTE, including repointed targets"
item_names_descriptions,0x380418,0x38E73C,0x381BAA,,魔法の矢筒,Ｍａｇｉｃ　Ｑｕｉｖｅｒ,False,2,0,True,True,"Known uint16 bank-local table; target decoded using CP932+MTE, including repointed targets"
item_names_descriptions,0x38041A,0x38F538,0x381BB6,,ツインオーブ,Ｔｗｉｎ　Ｏｒｂ,False,1,0,True,True,"Known uint16 bank-local table; target decoded using CP932+MTE, including repointed targets"
item_names_descriptions,0x38041C,0x38E624,0x381BC4,,巨大磁石,Ｇｉａｎｔ　Ｍａｇｎｅｔ,False,3,0,True,True,"Known uint16 bank-local table; target decoded using CP932+MTE, including repointed targets"
item_names_descriptions,0x38041E,0x38E4E0,0x381BCE,,シンパシーベル,Ｓｙｍｐａｔｈｙ　Ｂｅｌｌ,False,3,0,True,True,"Known uint16 bank-local table; target decoded using CP932+MTE, including repointed targets"
item_names_descriptions,0x380420,0x38F45E,0x381BDE,,時計,Ｃｌｏｃｋ,False,1,0,True,True,"Known uint16 bank-local table; target decoded using CP932+MTE, including repointed targets"
item_names_descriptions,0x380422,0x38FCB6,0x381BE4,,サイコロ,Ｄｉｃｅ,False,1,0,True,True,"Known uint16 bank-local table; target decoded using CP932+MTE, including repointed targets"
item_names_descriptions,0x380424,0x38F118,0x381BEE,,天使の眼,Ａｎｇｅｌ’ｓ　Ｅｙｅ,False,3,0,True,True,"Known uint16 bank-local table; target decoded using CP932+MTE, including repointed targets"
item_names_descriptions,0x380426,0x38E9D2,0x381BF8,,天使の笛,Ａｎｇｅｌ’ｓ　Ｆｌｕｔｅ,False,4,0,True,True,"Known uint16 bank-local table; target decoded using CP932+MTE, including repointed targets"
item_names_descriptions,0x380428,0x38EB28,0x381C02,,巨人の足,Ｇｉａｎｔ’ｓ　Ｆｏｏｔ,False,2,0,True,True,"Known uint16 bank-local table; target decoded using CP932+MTE, including repointed targets"
item_names_descriptions,0x38042A,0x38F2E8,0x381C0C,,巨人の腕,Ｇｉａｎｔ’ｓ　Ａｒｍ,False,2,0,True,True,"Known uint16 bank-local table; target decoded using CP932+MTE, including repointed targets"
item_names_descriptions,0x38042C,0x380DA4,0x380DA4,,,,False,0,0,False,True,"Known uint16 bank-local table; target decoded using CP932+MTE, including repointed targets"
item_names_descriptions,0x38042E,0x380DA4,0x380DA4,,,,False,0,0,False,True,"Known uint16 bank-local table; target decoded using CP932+MTE, including repointed targets"
item_names_descriptions,0x380430,0x380DA4,0x380DA4,,,,False,0,0,False,True,"Known uint16 bank-local table; target decoded using CP932+MTE, including repointed targets"
item_names_descriptions,0x380432,0x380DA4,0x380DA4,,,,False,0,0,False,True,"Known uint16 bank-local table; target decoded using CP932+MTE, including repointed targets"
item_names_descriptions,0x380434,0x380DA4,0x380DA4,,,,False,0,0,False,True,"Known uint16 bank-local table; target decoded using CP932+MTE, including repointed targets"
item_names_descriptions,0x380436,0x380DA4,0x380DA4,,,,False,0,0,False,True,"Known uint16 bank-local table; target decoded using CP932+MTE, including repointed targets"
item_names_descriptions,0x380438,0x38E3E2,0x381C16,,ボトル,Ｂｏｔｔｌｅ,False,1,0,True,True,"Known uint16 bank-local table; target decoded using CP932+MTE, including repointed targets"
item_names_descriptions,0x38043A,0x38E056,0x381C1E,,ポーション,Ｐｏｔｉｏｎ,False,1,0,True,True,"Known uint16 bank-local table; target decoded using CP932+MTE, including repointed targets"
item_names_descriptions,0x38043C,0x38F328,0x381C2A,,ハイポーション,Ｈｉ‐Ｐｏｔｉｏｎ,False,1,0,True,True,"Known uint16 bank-local table; target decoded using CP932+MTE, including repointed targets"
item_names_descriptions,0x38043E,0x38F338,0x381C3A,,聖水,Ｈｏｌｙ　Ｗａｔｅｒ,False,3,0,True,True,"Known uint16 bank-local table; target decoded using CP932+MTE, including repointed targets"
item_names_descriptions,0x380440,0x38E048,0x381C40,,全回復の薬,Ｆｕｌｌ　Ｈｅａｌ　Ｐｏｔｉｏｎ,False,4,0,True,True,"Known uint16 bank-local table; target decoded using CP932+MTE, including repointed targets"
item_names_descriptions,0x380442,0x38FCDE,0x381C4C,,ソーマ,Ｓｏｍａ,False,1,0,True,True,"Known uint16 bank-local table; target decoded using CP932+MTE, including repointed targets"
item_names_descriptions,0x380444,0x38ED20,0x381C54,,中和液,Ｎｅｕｔｒａｌｉｚｅｒ,False,3,0,True,True,"Known uint16 bank-local table; target decoded using CP932+MTE, including repointed targets"
item_names_descriptions,0x380446,0x38EA08,0x381C5C,,燃える水,Ｂｕｒｎｉｎｇ　Ｗａｔｅｒ,False,4,0,True,True,"Known uint16 bank-local table; target decoded using CP932+MTE, including repointed targets"
item_names_descriptions,0x380448,0x38FBAA,0x381C66,,葡萄,Ｇｒａｐｅｓ,False,2,0,True,True,"Known uint16 bank-local table; target decoded using CP932+MTE, including repointed targets"
item_names_descriptions,0x38044A,0x380DA4,0x380DA4,,,,False,0,0,False,True,"Known uint16 bank-local table; target decoded using CP932+MTE, including repointed targets"
item_names_descriptions,0x38044C,0x380DA4,0x380DA4,,,,False,0,0,False,True,"Known uint16 bank-local table; target decoded using CP932+MTE, including repointed targets"
item_names_descriptions,0x38044E,0x380DA4,0x380DA4,,,,False,0,0,False,True,"Known uint16 bank-local table; target decoded using CP932+MTE, including repointed targets"
item_names_descriptions,0x380450,0x380DA4,0x380DA4,,,,False,0,0,False,True,"Known uint16 bank-local table; target decoded using CP932+MTE, including repointed targets"
item_names_descriptions,0x380452,0x380DA4,0x380DA4,,,,False,0,0,False,True,"Known uint16 bank-local table; target decoded using CP932+MTE, including repointed targets"
item_names_descriptions,0x380454,0x380DA4,0x380DA4,,,,False,0,0,False,True,"Known uint16 bank-local table; target decoded using CP932+MTE, including repointed targets"
item_names_descriptions,0x380456,0x380DA4,0x380DA4,,,,False,0,0,False,True,"Known uint16 bank-local table; target decoded using CP932+MTE, including repointed targets"
item_names_descriptions,0x380458,0x38E404,0x381C6C,,モンチップの素,ＭｏｎＣｈｉｐ　Ｂａｓｅ,False,2,0,True,True,"Known uint16 bank-local table; target decoded using CP932+MTE, including repointed targets"
item_names_descriptions,0x38045A,0x38E0D8,0x381C7C,,モンチップ・火,ＭｏｎＣｈｉｐ：　Ｆｉｒｅ,False,2,0,True,True,"Known uint16 bank-local table; target decoded using CP932+MTE, including repointed targets"
item_names_descriptions,0x38045C,0x38E108,0x381C8C,,モンチップ・水,ＭｏｎＣｈｉｐ：　Ｗａｔｅｒ,False,3,0,True,True,"Known uint16 bank-local table; target decoded using CP932+MTE, including repointed targets"
item_names_descriptions,0x38045E,0x38E778,0x381C9C,,モンチップ・地,ＭｏｎＣｈｉｐ：　Ｅａｒｔｈ,False,2,0,True,True,"Known uint16 bank-local table; target decoded using CP932+MTE, including repointed targets"
item_names_descriptions,0x380460,0x38E446,0x381CAC,,モンチップ・風,ＭｏｎＣｈｉｐ：　Ｗｉｎｄ,False,2,0,True,True,"Known uint16 bank-local table; target decoded using CP932+MTE, including repointed targets"
item_names_descriptions,0x380462,0x38E41A,0x381CBC,,モンチップ・光,ＭｏｎＣｈｉｐ：　Ｌｉｇｈｔ,False,2,0,True,True,"Known uint16 bank-local table; target decoded using CP932+MTE, including repointed targets"
item_names_descriptions,0x380464,0x38E0C0,0x381CCC,,モンチップ・闇,ＭｏｎＣｈｉｐ：　Ｄａｒｋ,False,2,0,True,True,"Known uint16 bank-local table; target decoded using CP932+MTE, including repointed targets"
item_names_descriptions,0x380466,0x38E0F0,0x381CDC,,モンチップ・時,ＭｏｎＣｈｉｐ：　Ｔｉｍｅ,False,2,0,True,True,"Known uint16 bank-local table; target decoded using CP932+MTE, including repointed targets"
item_names_descriptions,0x380468,0x38DE9E,0x381CEC,,モンチップ・界,ＭｏｎＣｈｉｐ：　Ｓｐａｃｅ,False,2,0,True,True,"Known uint16 bank-local table; target decoded using CP932+MTE, including repointed targets"
item_names_descriptions,0x38046A,0x38E430,0x381CFC,,モンチップ・心,ＭｏｎＣｈｉｐ：　Ｍｉｎｄ,False,2,0,True,True,"Known uint16 bank-local table; target decoded using CP932+MTE, including repointed targets"
item_names_descriptions,0x38046C,0x38F91A,0x381D0C,,Ｖチップ,Ｖ‐Ｃｈｉｐ,False,0,0,True,True,"Known uint16 bank-local table; target decoded using CP932+MTE, including repointed targets"
item_names_descriptions,0x38046E,0x380DA4,0x380DA4,,,,False,0,0,False,True,"Known uint16 bank-local table; target decoded using CP932+MTE, including repointed targets"
item_names_descriptions,0x380470,0x38F0F8,0x381D16,,牡羊座カード,Ａｒｉｅｓ　Ｃａｒｄ,False,3,0,True,True,"Known uint16 bank-local table; target decoded using CP932+MTE, including repointed targets"
item_names_descriptions,0x380472,0x38EF4E,0x381D24,,牡牛座カード,Ｔａｕｒｕｓ　Ｃａｒｄ,False,3,0,True,True,"Known uint16 bank-local table; target decoded using CP932+MTE, including repointed targets"
item_names_descriptions,0x380474,0x38EB94,0x381D32,,双子座カード,Ｇｅｍｉｎｉ　Ｃａｒｄ,False,3,0,True,True,"Known uint16 bank-local table; target decoded using CP932+MTE, including repointed targets"
item_names_descriptions,0x380476,0x38F1B8,0x381D40,,蟹座カード,Ｃａｎｃｅｒ　Ｃａｒｄ,False,3,0,True,True,"Known uint16 bank-local table; target decoded using CP932+MTE, including repointed targets"
item_names_descriptions,0x380478,0x38F378,0x381D4C,,獅子座カード,Ｌｅｏ　Ｃａｒｄ,False,1,0,True,True,"Known uint16 bank-local table; target decoded using CP932+MTE, including repointed targets"
item_names_descriptions,0x38047A,0x38EF96,0x381D5A,,乙女座カード,Ｖｉｒｇｏ　Ｃａｒｄ,False,2,0,True,True,"Known uint16 bank-local table; target decoded using CP932+MTE, including repointed targets"
item_names_descriptions,0x38047C,0x38EC00,0x381D68,,天秤座カード,Ｌｉｂｒａ　Ｃａｒｄ,False,2,0,True,True,"Known uint16 bank-local table; target decoded using CP932+MTE, including repointed targets"
item_names_descriptions,0x38047E,0x38E488,0x381D76,,蠍座カード,Ｓｃｏｒｐｉｏ　Ｃａｒｄ,False,2,0,True,True,"Known uint16 bank-local table; target decoded using CP932+MTE, including repointed targets"
item_names_descriptions,0x380480,0x38DF06,0x381D82,,射手座カード,Ｓａｇｉｔｔａｒｉｕｓ　Ｃａｒｄ,False,4,0,True,True,"Known uint16 bank-local table; target decoded using CP932+MTE, including repointed targets"
item_names_descriptions,0x380482,0x38E28E,0x381D90,,山羊座カード,Ｃａｐｒｉｃｏｒｎ　Ｃａｒｄ,False,4,0,True,True,"Known uint16 bank-local table; target decoded using CP932+MTE, including repointed targets"
item_names_descriptions,0x380484,0x38E24C,0x381D9E,,水瓶座カード,Ａｑｕａｒｉｕｓ　Ｃａｒｄ,False,3,0,True,True,"Known uint16 bank-local table; target decoded using CP932+MTE, including repointed targets"
item_names_descriptions,0x380486,0x38F468,0x381DAC,,魚座カード,Ｐｉｓｃｅｓ　Ｃａｒｄ,False,4,0,True,True,"Known uint16 bank-local table; target decoded using CP932+MTE, including repointed targets"
item_names_descriptions,0x380488,0x38DD64,0x381DB8,,１２星座カード,Ｚｏｄｉａｃ　Ｃａｒｄ　Ｓｅｔ,False,2,0,True,True,"Known uint16 bank-local table; target decoded using CP932+MTE, including repointed targets"
item_names_descriptions,0x38048A,0x380DA4,0x380DA4,,,,False,0,0,False,True,"Known uint16 bank-local table; target decoded using CP932+MTE, including repointed targets"
item_names_descriptions,0x38048C,0x38F784,0x381DC8,,火の種,Ｆｉｒｅ　Ｓｅｅｄ,False,3,0,True,True,"Known uint16 bank-local table; target decoded using CP932+MTE, including repointed targets"
item_names_descriptions,0x38048E,0x38F776,0x381DD0,,火の実,Ｆｉｒｅ　Ｆｒｕｉｔ,False,4,0,True,True,"Known uint16 bank-local table; target decoded using CP932+MTE, including repointed targets"
item_names_descriptions,0x380490,0x38F5E8,0x381DD8,,水の守り,Ｗａｔｅｒ　Ｇｕａｒｄ,False,3,0,True,True,"Known uint16 bank-local table; target decoded using CP932+MTE, including repointed targets"
item_names_descriptions,0x380492,0x38FAA6,0x381DE2,,風の翼,Ｗｉｎｄ　Ｗｉｎｇ,False,2,0,True,True,"Known uint16 bank-local table; target decoded using CP932+MTE, including repointed targets"
item_names_descriptions,0x380494,0x38FC36,0x381DEA,,ペットの★,Ｐｅｔ’ｓ　★,False,2,0,True,True,"Known uint16 bank-local table; target decoded using CP932+MTE, including repointed targets"
item_names_descriptions,0x380496,0x38F258,0x381DF6,,闇の珠,Ｄａｒｋ　Ｏｒｂ,False,1,0,True,True,"Known uint16 bank-local table; target decoded using CP932+MTE, including repointed targets"
item_names_descriptions,0x380498,0x38F90C,0x381DFE,,時の珠,Ｔｉｍｅ　Ｏｒｂ,False,2,0,True,True,"Known uint16 bank-local table; target decoded using CP932+MTE, including repointed targets"
item_names_descriptions,0x38049A,0x38EE76,0x381E06,,界の珠,Ｓｐａｃｅ　Ｏｒｂ,False,1,0,True,True,"Known uint16 bank-local table; target decoded using CP932+MTE, including repointed targets"
item_names_descriptions,0x38049C,0x38F848,0x381E0E,,心の珠,Ｍｉｎｄ　Ｏｒｂ,False,1,0,True,True,"Known uint16 bank-local table; target decoded using CP932+MTE, including repointed targets"
item_names_descriptions,0x38049E,0x38E3EE,0x381E16,,神秘のカチナ,Ｍｙｓｔｉｃ　Ｋａｃｈｉｎａ,False,4,0,True,True,"Known uint16 bank-local table; target decoded using CP932+MTE, including repointed targets"
item_names_descriptions,0x3804A0,0x380DA4,0x380DA4,,,,False,0,0,False,True,"Known uint16 bank-local table; target decoded using CP932+MTE, including repointed targets"
item_names_descriptions,0x3804A2,0x380DA4,0x380DA4,,,,False,0,0,False,True,"Known uint16 bank-local table; target decoded using CP932+MTE, including repointed targets"
item_names_descriptions,0x3804A4,0x380DA4,0x380DA4,,,,False,0,0,False,True,"Known uint16 bank-local table; target decoded using CP932+MTE, including repointed targets"
item_names_descriptions,0x3804A6,0x380DA4,0x380DA4,,,,False,0,0,False,True,"Known uint16 bank-local table; target decoded using CP932+MTE, including repointed targets"
item_names_descriptions,0x3804A8,0x38FCA6,0x381E24,,セメント,Ｃｅｍｅｎｔ,False,2,0,True,True,"Known uint16 bank-local table; target decoded using CP932+MTE, including repointed targets"
item_names_descriptions,0x3804AA,0x38EC7E,0x381E2E,,魔法の壷,Ｍａｇｉｃ　Ｐｏｔ,False,1,0,True,True,"Known uint16 bank-local table; target decoded using CP932+MTE, including repointed targets"
item_names_descriptions,0x3804AC,0x38EACE,0x381E38,,エナジーシート,Ｅｎｅｒｇｙ　Ｓｈｅｅｔ,False,4,0,True,True,"Known uint16 bank-local table; target decoded using CP932+MTE, including repointed targets"
item_names_descriptions,0x3804AE,0x38F880,0x381E48,,火薬玉,Ｐｏｗｄｅｒ　Ｂａｌｌ,False,3,0,True,True,"Known uint16 bank-local table; target decoded using CP932+MTE, including repointed targets"
item_names_descriptions,0x3804B0,0x38F1B0,0x381E50,,爆弾,Ｂｏｍｂ,False,1,0,True,True,"Known uint16 bank-local table; target decoded using CP932+MTE, including repointed targets"
item_names_descriptions,0x3804B2,0x38F75A,0x381E56,,ダイナマイト,Ｄｙｎａｍｉｔｅ,False,2,0,True,True,"Known uint16 bank-local table; target decoded using CP932+MTE, including repointed targets"
item_names_descriptions,0x3804B4,0x38FCAE,0x381E64,,ディップ,Ｄｉｐ,False,0,0,True,True,"Known uint16 bank-local table; target decoded using CP932+MTE, including repointed targets"
item_names_descriptions,0x3804B6,0x380DA4,0x380DA4,,,,False,0,0,False,True,"Known uint16 bank-local table; target decoded using CP932+MTE, including repointed targets"
item_names_descriptions,0x3804B8,0x38FF0E,0x381E6E,,豆,Ｂｅａｎ,False,0,0,True,True,"Known uint16 bank-local table; target decoded using CP932+MTE, including repointed targets"
item_names_descriptions,0x3804BA,0x380DA4,0x380DA4,,,,False,0,0,False,True,"Known uint16 bank-local table; target decoded using CP932+MTE, including repointed targets"
item_names_descriptions,0x3804BC,0x380DA4,0x380DA4,,,,False,0,0,False,True,"Known uint16 bank-local table; target decoded using CP932+MTE, including repointed targets"
item_names_descriptions,0x3804BE,0x380DA4,0x380DA4,,,,False,0,0,False,True,"Known uint16 bank-local table; target decoded using CP932+MTE, including repointed targets"
item_names_descriptions,0x3804C0,0x380DA4,0x380DA4,,,,False,0,0,False,True,"Known uint16 bank-local table; target decoded using CP932+MTE, including repointed targets"
item_names_descriptions,0x3804C2,0x380DA4,0x380DA4,,,,False,0,0,False,True,"Known uint16 bank-local table; target decoded using CP932+MTE, including repointed targets"
item_names_descriptions,0x3804C4,0x380DA4,0x380DA4,,,,False,0,0,False,True,"Known uint16 bank-local table; target decoded using CP932+MTE, including repointed targets"
item_names_descriptions,0x3804C6,0x38F8FE,0x380F27,,セーブのタイコ,Ｓａｖｅ　Ｄｒｕｍ,False,2,0,True,True,"Known uint16 bank-local table; target decoded using CP932+MTE, including repointed targets"
item_names_descriptions,0x3804C8,0x38FF18,0x381E72,,鉄,Ｉｒｏｎ,False,0,0,True,True,"Known uint16 bank-local table; target decoded using CP932+MTE, including repointed targets"
item_names_descriptions,0x3804CA,0x38F438,0x381E76,,オリハルコン,Ｏｒｉｃｈａｌｃｕｍ,False,3,0,True,True,"Known uint16 bank-local table; target decoded using CP932+MTE, including repointed targets"
item_names_descriptions,0x3804CC,0x380DA4,0x380DA4,,,,False,0,0,False,True,"Known uint16 bank-local table; target decoded using CP932+MTE, including repointed targets"
item_names_descriptions,0x3804CE,0x380DA4,0x380DA4,,,,False,0,0,False,True,"Known uint16 bank-local table; target decoded using CP932+MTE, including repointed targets"
item_names_descriptions,0x3804D0,0x380DA4,0x380DA4,,,,False,0,0,False,True,"Known uint16 bank-local table; target decoded using CP932+MTE, including repointed targets"
item_names_descriptions,0x3804D2,0x380DA4,0x380DA4,,,,False,0,0,False,True,"Known uint16 bank-local table; target decoded using CP932+MTE, including repointed targets"
item_names_descriptions,0x3804D4,0x380DA4,0x380DA4,,,,False,0,0,False,True,"Known uint16 bank-local table; target decoded using CP932+MTE, including repointed targets"
item_names_descriptions,0x3804D6,0x380DA4,0x380DA4,,,,False,0,0,False,True,"Known uint16 bank-local table; target decoded using CP932+MTE, including repointed targets"
item_names_descriptions,0x3804D8,0x38F99E,0x381E84,,１ユール,１　Ｙｕｌｅ,False,1,0,True,True,"Known uint16 bank-local table; target decoded using CP932+MTE, including repointed targets"
item_names_descriptions,0x3804DA,0x38F9AA,0x381E8E,,５ユール,５　Ｙｕｌｅ,False,1,0,True,True,"Known uint16 bank-local table; target decoded using CP932+MTE, including repointed targets"
item_names_descriptions,0x3804DC,0x38F6DC,0x381E98,,１０ユール,１０　Ｙｕｌｅ,False,1,0,True,True,"Known uint16 bank-local table; target decoded using CP932+MTE, including repointed targets"
item_names_descriptions,0x3804DE,0x38F6EA,0x381EA4,,５０ユール,５０　Ｙｕｌｅ,False,1,0,True,True,"Known uint16 bank-local table; target decoded using CP932+MTE, including repointed targets"
item_names_descriptions,0x3804E0,0x38F078,0x381EB0,,１００ユール,１００　Ｙｕｌｅ,False,1,0,True,True,"Known uint16 bank-local table; target decoded using CP932+MTE, including repointed targets"
item_names_descriptions,0x3804E2,0x380DA4,0x380DA4,,,,False,0,0,False,True,"Known uint16 bank-local table; target decoded using CP932+MTE, including repointed targets"
item_names_descriptions,0x3804E4,0x38FA22,0x381EBE,,ライフジェム,Ｌｉｆｅ　Ｇｅｍ,False,3,0,True,True,"Known uint16 bank-local table; target decoded using CP932+MTE, including repointed targets"
item_names_descriptions,0x3804E6,0x38F3C8,0x381ECC,,マジックジェム,Ｍａｇｉｃ　Ｇｅｍ,False,2,0,True,True,"Known uint16 bank-local table; target decoded using CP932+MTE, including repointed targets"
item_names_descriptions,0x3804E8,0x38EC5A,0x381EDC,,ライフボトル,Ｌｉｆｅ　Ｂｏｔｔｌｅ,False,3,0,True,True,"Known uint16 bank-local table; target decoded using CP932+MTE, including repointed targets"
item_names_descriptions,0x3804EA,0x38E3D8,0x381EEA,,マジックボトル,Ｍａｇｉｃ　Ｂｏｔｔｌｅ,False,2,0,True,True,"Known uint16 bank-local table; target decoded using CP932+MTE, including repointed targets"
item_names_descriptions,0x3804EC,0x38FCE6,0x381EFA,,薬草,Ｈｅｒｂ,False,1,0,True,True,"Known uint16 bank-local table; target decoded using CP932+MTE, including repointed targets"
item_names_descriptions,0x3804EE,0x38F0D8,0x381F00,,毒消し,Ａｎｔｉｄｏｔｅ,False,1,0,True,True,"Known uint16 bank-local table; target decoded using CP932+MTE, including repointed targets"
item_names_descriptions,0x3804F0,0x38EB70,0x381F08,,守りの実,Ｇｕａｒｄ　Ｆｒｕｉｔ,False,3,0,True,True,"Known uint16 bank-local table; target decoded using CP932+MTE, including repointed targets"
item_names_descriptions,0x3804F2,0x38F88E,0x381F12,,力の実,Ｐｏｗｅｒ　Ｆｒｕｉｔ,False,4,0,True,True,"Known uint16 bank-local table; target decoded using CP932+MTE, including repointed targets"
item_names_descriptions,0x3804F4,0x38E91C,0x381F1A,,スタミナ・武器,Ｗｅａｐｏｎ　Ｓｔａｍｉｎａ,False,5,0,True,True,"Known uint16 bank-local table; target decoded using CP932+MTE, including repointed targets"
item_names_descriptions,0x3804F6,0x38E262,0x381F2A,,スタミナ・防具,Ａｒｍｏｒ　Ｓｔａｍｉｎａ,False,3,0,True,True,"Known uint16 bank-local table; target decoded using CP932+MTE, including repointed targets"
item_names_descriptions,0x3804F8,0x38E746,0x381F3A,,矢筒,Ｑｕｉｖｅｒ,False,1,0,True,True,"Known uint16 bank-local table; target decoded using CP932+MTE, including repointed targets"
item_names_descriptions,0x3804FA,0x380DA4,0x380DA4,,,,False,0,0,False,True,"Known uint16 bank-local table; target decoded using CP932+MTE, including repointed targets"
item_names_descriptions,0x3804FC,0x38F638,0x381F40,,ユール袋,Ｙｕｌｅ　Ｂａｇ,False,1,0,True,True,"Known uint16 bank-local table; target decoded using CP932+MTE, including repointed targets"
item_names_descriptions,0x3804FE,0x38F638,0x381F40,,ユール袋,Ｙｕｌｅ　Ｂａｇ,False,1,0,True,True,"Known uint16 bank-local table; target decoded using CP932+MTE, including repointed targets"
item_names_descriptions,0x380500,0x38F638,0x381F40,,ユール袋,Ｙｕｌｅ　Ｂａｇ,False,1,0,True,True,"Known uint16 bank-local table; target decoded using CP932+MTE, including repointed targets"
item_names_descriptions,0x380502,0x38F638,0x381F40,,ユール袋,Ｙｕｌｅ　Ｂａｇ,False,1,0,True,True,"Known uint16 bank-local table; target decoded using CP932+MTE, including repointed targets"
item_names_descriptions,0x380504,0x38F638,0x381F40,,ユール袋,Ｙｕｌｅ　Ｂａｇ,False,1,0,True,True,"Known uint16 bank-local table; target decoded using CP932+MTE, including repointed targets"
item_names_descriptions,0x380506,0x380DA4,0x380DA4,,,,False,0,0,False,True,"Known uint16 bank-local table; target decoded using CP932+MTE, including repointed targets"
item_names_descriptions,0x380508,0x380DA4,0x380DA4,,,,False,0,0,False,True,"Known uint16 bank-local table; target decoded using CP932+MTE, including repointed targets"
item_names_descriptions,0x38050A,0x380DA4,0x380DA4,,,,False,0,0,False,True,"Known uint16 bank-local table; target decoded using CP932+MTE, including repointed targets"
item_names_descriptions,0x38050C,0x380DA4,0x380DA4,,,,False,0,0,False,True,"Known uint16 bank-local table; target decoded using CP932+MTE, including repointed targets"
item_names_descriptions,0x38050E,0x380DA4,0x380DA4,,,,False,0,0,False,True,"Known uint16 bank-local table; target decoded using CP932+MTE, including repointed targets"
item_names_descriptions,0x380510,0x380DA4,0x380DA4,,,,False,0,0,False,True,"Known uint16 bank-local table; target decoded using CP932+MTE, including repointed targets"
item_names_descriptions,0x380512,0x380DA4,0x380DA4,,,,False,0,0,False,True,"Known uint16 bank-local table; target decoded using CP932+MTE, including repointed targets"
item_names_descriptions,0x380514,0x380DA4,0x380DA4,,,,False,0,0,False,True,"Known uint16 bank-local table; target decoded using CP932+MTE, including repointed targets"
item_names_descriptions,0x380516,0x380DA4,0x380DA4,,,,False,0,0,False,True,"Known uint16 bank-local table; target decoded using CP932+MTE, including repointed targets"
item_names_descriptions,0x380518,0x38FB1E,0x381245,,★予備,★Ｓｐａｒｅ,False,1,0,True,True,"Known uint16 bank-local table; target decoded using CP932+MTE, including repointed targets"
item_names_descriptions,0x38051A,0x38F148,0x381F4A,,BGMディスク,ＢＧＭ　Ｄｉｓｃ,False,1,0,True,True,"Known uint16 bank-local table; target decoded using CP932+MTE, including repointed targets"
item_names_descriptions,0x38051C,0x38F148,0x381F4A,,BGMディスク,ＢＧＭ　Ｄｉｓｃ,False,1,0,True,True,"Known uint16 bank-local table; target decoded using CP932+MTE, including repointed targets"
item_names_descriptions,0x38051E,0x38F148,0x381F4A,,BGMディスク,ＢＧＭ　Ｄｉｓｃ,False,1,0,True,True,"Known uint16 bank-local table; target decoded using CP932+MTE, including repointed targets"
item_names_descriptions,0x380520,0x38F148,0x381F4A,,BGMディスク,ＢＧＭ　Ｄｉｓｃ,False,1,0,True,True,"Known uint16 bank-local table; target decoded using CP932+MTE, including repointed targets"
item_names_descriptions,0x380522,0x38F148,0x381F4A,,BGMディスク,ＢＧＭ　Ｄｉｓｃ,False,1,0,True,True,"Known uint16 bank-local table; target decoded using CP932+MTE, including repointed targets"
item_names_descriptions,0x380524,0x38F148,0x381F4A,,BGMディスク,ＢＧＭ　Ｄｉｓｃ,False,1,0,True,True,"Known uint16 bank-local table; target decoded using CP932+MTE, including repointed targets"
item_names_descriptions,0x380526,0x38F148,0x381F4A,,BGMディスク,ＢＧＭ　Ｄｉｓｃ,False,1,0,True,True,"Known uint16 bank-local table; target decoded using CP932+MTE, including repointed targets"
item_names_descriptions,0x380528,0x38F148,0x381F4A,,BGMディスク,ＢＧＭ　Ｄｉｓｃ,False,1,0,True,True,"Known uint16 bank-local table; target decoded using CP932+MTE, including repointed targets"
item_names_descriptions,0x38052A,0x38F148,0x381F4A,,BGMディスク,ＢＧＭ　Ｄｉｓｃ,False,1,0,True,True,"Known uint16 bank-local table; target decoded using CP932+MTE, including repointed targets"
item_names_descriptions,0x38052C,0x38F148,0x381F4A,,BGMディスク,ＢＧＭ　Ｄｉｓｃ,False,1,0,True,True,"Known uint16 bank-local table; target decoded using CP932+MTE, including repointed targets"
item_names_descriptions,0x38052E,0x38F148,0x381F4A,,BGMディスク,ＢＧＭ　Ｄｉｓｃ,False,1,0,True,True,"Known uint16 bank-local table; target decoded using CP932+MTE, including repointed targets"
item_names_descriptions,0x380530,0x38F148,0x381F4A,,BGMディスク,ＢＧＭ　Ｄｉｓｃ,False,1,0,True,True,"Known uint16 bank-local table; target decoded using CP932+MTE, including repointed targets"
item_names_descriptions,0x380532,0x38F148,0x381F4A,,BGMディスク,ＢＧＭ　Ｄｉｓｃ,False,1,0,True,True,"Known uint16 bank-local table; target decoded using CP932+MTE, including repointed targets"
item_names_descriptions,0x380534,0x38F148,0x381F4A,,BGMディスク,ＢＧＭ　Ｄｉｓｃ,False,1,0,True,True,"Known uint16 bank-local table; target decoded using CP932+MTE, including repointed targets"
item_names_descriptions,0x380536,0x38F148,0x381F4A,,BGMディスク,ＢＧＭ　Ｄｉｓｃ,False,1,0,True,True,"Known uint16 bank-local table; target decoded using CP932+MTE, including repointed targets"
item_names_descriptions,0x380538,0x38F148,0x381F4A,,BGMディスク,ＢＧＭ　Ｄｉｓｃ,False,1,0,True,True,"Known uint16 bank-local table; target decoded using CP932+MTE, including repointed targets"
item_names_descriptions,0x38053A,0x38F148,0x381F4A,,BGMディスク,ＢＧＭ　Ｄｉｓｃ,False,1,0,True,True,"Known uint16 bank-local table; target decoded using CP932+MTE, including repointed targets"
item_names_descriptions,0x38053C,0x38F148,0x381F4A,,BGMディスク,ＢＧＭ　Ｄｉｓｃ,False,1,0,True,True,"Known uint16 bank-local table; target decoded using CP932+MTE, including repointed targets"
item_names_descriptions,0x38053E,0x38F148,0x381F4A,,BGMディスク,ＢＧＭ　Ｄｉｓｃ,False,1,0,True,True,"Known uint16 bank-local table; target decoded using CP932+MTE, including repointed targets"
item_names_descriptions,0x380540,0x38F148,0x381F4A,,BGMディスク,ＢＧＭ　Ｄｉｓｃ,False,1,0,True,True,"Known uint16 bank-local table; target decoded using CP932+MTE, including repointed targets"
item_names_descriptions,0x380542,0x38F148,0x381F4A,,BGMディスク,ＢＧＭ　Ｄｉｓｃ,False,1,0,True,True,"Known uint16 bank-local table; target decoded using CP932+MTE, including repointed targets"
item_names_descriptions,0x380544,0x38F148,0x381F4A,,BGMディスク,ＢＧＭ　Ｄｉｓｃ,False,1,0,True,True,"Known uint16 bank-local table; target decoded using CP932+MTE, including repointed targets"
item_names_descriptions,0x380546,0x38F148,0x381F4A,,BGMディスク,ＢＧＭ　Ｄｉｓｃ,False,1,0,True,True,"Known uint16 bank-local table; target decoded using CP932+MTE, including repointed targets"
item_names_descriptions,0x380548,0x38F148,0x381F4A,,BGMディスク,ＢＧＭ　Ｄｉｓｃ,False,1,0,True,True,"Known uint16 bank-local table; target decoded using CP932+MTE, including repointed targets"
item_names_descriptions,0x38054A,0x38F148,0x381F4A,,BGMディスク,ＢＧＭ　Ｄｉｓｃ,False,1,0,True,True,"Known uint16 bank-local table; target decoded using CP932+MTE, including repointed targets"
item_names_descriptions,0x38054C,0x38F148,0x381F4A,,BGMディスク,ＢＧＭ　Ｄｉｓｃ,False,1,0,True,True,"Known uint16 bank-local table; target decoded using CP932+MTE, including repointed targets"
item_names_descriptions,0x38054E,0x38F148,0x381F4A,,BGMディスク,ＢＧＭ　Ｄｉｓｃ,False,1,0,True,True,"Known uint16 bank-local table; target decoded using CP932+MTE, including repointed targets"
item_names_descriptions,0x380550,0x38F148,0x381F4A,,BGMディスク,ＢＧＭ　Ｄｉｓｃ,False,1,0,True,True,"Known uint16 bank-local table; target decoded using CP932+MTE, including repointed targets"
item_names_descriptions,0x380552,0x38F148,0x381F4A,,BGMディスク,ＢＧＭ　Ｄｉｓｃ,False,1,0,True,True,"Known uint16 bank-local table; target decoded using CP932+MTE, including repointed targets"
item_names_descriptions,0x380554,0x38F148,0x381F4A,,BGMディスク,ＢＧＭ　Ｄｉｓｃ,False,1,0,True,True,"Known uint16 bank-local table; target decoded using CP932+MTE, including repointed targets"
item_names_descriptions,0x380556,0x38F148,0x381F4A,,BGMディスク,ＢＧＭ　Ｄｉｓｃ,False,1,0,True,True,"Known uint16 bank-local table; target decoded using CP932+MTE, including repointed targets"
item_names_descriptions,0x380558,0x38F148,0x381F4A,,BGMディスク,ＢＧＭ　Ｄｉｓｃ,False,1,0,True,True,"Known uint16 bank-local table; target decoded using CP932+MTE, including repointed targets"
item_names_descriptions,0x38055A,0x38F148,0x381F4A,,BGMディスク,ＢＧＭ　Ｄｉｓｃ,False,1,0,True,True,"Known uint16 bank-local table; target decoded using CP932+MTE, including repointed targets"
item_names_descriptions,0x38055C,0x38F148,0x381F4A,,BGMディスク,ＢＧＭ　Ｄｉｓｃ,False,1,0,True,True,"Known uint16 bank-local table; target decoded using CP932+MTE, including repointed targets"
item_names_descriptions,0x38055E,0x38F148,0x381F4A,,BGMディスク,ＢＧＭ　Ｄｉｓｃ,False,1,0,True,True,"Known uint16 bank-local table; target decoded using CP932+MTE, including repointed targets"
item_names_descriptions,0x380560,0x38F148,0x381F4A,,BGMディスク,ＢＧＭ　Ｄｉｓｃ,False,1,0,True,True,"Known uint16 bank-local table; target decoded using CP932+MTE, including repointed targets"
item_names_descriptions,0x380562,0x38F148,0x381F4A,,BGMディスク,ＢＧＭ　Ｄｉｓｃ,False,1,0,True,True,"Known uint16 bank-local table; target decoded using CP932+MTE, including repointed targets"
item_names_descriptions,0x380564,0x38F148,0x381F4A,,BGMディスク,ＢＧＭ　Ｄｉｓｃ,False,1,0,True,True,"Known uint16 bank-local table; target decoded using CP932+MTE, including repointed targets"
item_names_descriptions,0x380566,0x38F148,0x381F4A,,BGMディスク,ＢＧＭ　Ｄｉｓｃ,False,1,0,True,True,"Known uint16 bank-local table; target decoded using CP932+MTE, including repointed targets"
item_names_descriptions,0x380568,0x38FB1E,0x381245,,★予備,★Ｓｐａｒｅ,False,1,0,True,True,"Known uint16 bank-local table; target decoded using CP932+MTE, including repointed targets"
item_names_descriptions,0x38056A,0x38FB1E,0x381245,,★予備,★Ｓｐａｒｅ,False,1,0,True,True,"Known uint16 bank-local table; target decoded using CP932+MTE, including repointed targets"
item_names_descriptions,0x38056C,0x38FB1E,0x381245,,★予備,★Ｓｐａｒｅ,False,1,0,True,True,"Known uint16 bank-local table; target decoded using CP932+MTE, including repointed targets"
item_names_descriptions,0x38056E,0x38FB1E,0x381245,,★予備,★Ｓｐａｒｅ,False,1,0,True,True,"Known uint16 bank-local table; target decoded using CP932+MTE, including repointed targets"
item_names_descriptions,0x380570,0x38FB1E,0x381245,,★予備,★Ｓｐａｒｅ,False,1,0,True,True,"Known uint16 bank-local table; target decoded using CP932+MTE, including repointed targets"
item_names_descriptions,0x380572,0x38FB1E,0x381245,,★予備,★Ｓｐａｒｅ,False,1,0,True,True,"Known uint16 bank-local table; target decoded using CP932+MTE, including repointed targets"
item_names_descriptions,0x380574,0x38FB1E,0x381245,,★予備,★Ｓｐａｒｅ,False,1,0,True,True,"Known uint16 bank-local table; target decoded using CP932+MTE, including repointed targets"
item_names_descriptions,0x380576,0x38F148,0x381F4A,,BGMディスク,ＢＧＭ　Ｄｉｓｃ,False,1,0,True,True,"Known uint16 bank-local table; target decoded using CP932+MTE, including repointed targets"
item_names_descriptions,0x380578,0x38F7D8,0x381F57,,ジングルＣＤ,Ｊｉｎｇｌｅ　ＣＤ,False,2,0,True,True,"Known uint16 bank-local table; target decoded using CP932+MTE, including repointed targets"
item_names_descriptions,0x38057A,0x38F7D8,0x381F57,,ジングルＣＤ,Ｊｉｎｇｌｅ　ＣＤ,False,2,0,True,True,"Known uint16 bank-local table; target decoded using CP932+MTE, including repointed targets"
item_names_descriptions,0x38057C,0x38F7D8,0x381F57,,ジングルＣＤ,Ｊｉｎｇｌｅ　ＣＤ,False,2,0,True,True,"Known uint16 bank-local table; target decoded using CP932+MTE, including repointed targets"
item_names_descriptions,0x38057E,0x38F7D8,0x381F57,,ジングルＣＤ,Ｊｉｎｇｌｅ　ＣＤ,False,2,0,True,True,"Known uint16 bank-local table; target decoded using CP932+MTE, including repointed targets"
item_names_descriptions,0x380580,0x38F7D8,0x381F57,,ジングルＣＤ,Ｊｉｎｇｌｅ　ＣＤ,False,2,0,True,True,"Known uint16 bank-local table; target decoded using CP932+MTE, including repointed targets"
item_names_descriptions,0x380582,0x38F7D8,0x381F57,,ジングルＣＤ,Ｊｉｎｇｌｅ　ＣＤ,False,2,0,True,True,"Known uint16 bank-local table; target decoded using CP932+MTE, including repointed targets"
item_names_descriptions,0x380584,0x38F7D8,0x381F57,,ジングルＣＤ,Ｊｉｎｇｌｅ　ＣＤ,False,2,0,True,True,"Known uint16 bank-local table; target decoded using CP932+MTE, including repointed targets"
item_names_descriptions,0x380586,0x38F7D8,0x381F57,,ジングルＣＤ,Ｊｉｎｇｌｅ　ＣＤ,False,2,0,True,True,"Known uint16 bank-local table; target decoded using CP932+MTE, including repointed targets"
item_names_descriptions,0x380588,0x38F7D8,0x381F57,,ジングルＣＤ,Ｊｉｎｇｌｅ　ＣＤ,False,2,0,True,True,"Known uint16 bank-local table; target decoded using CP932+MTE, including repointed targets"
item_names_descriptions,0x38058A,0x38F7D8,0x381F57,,ジングルＣＤ,Ｊｉｎｇｌｅ　ＣＤ,False,2,0,True,True,"Known uint16 bank-local table; target decoded using CP932+MTE, including repointed targets"
item_names_descriptions,0x38058C,0x38F7D8,0x381F57,,ジングルＣＤ,Ｊｉｎｇｌｅ　ＣＤ,False,2,0,True,True,"Known uint16 bank-local table; target decoded using CP932+MTE, including repointed targets"
item_names_descriptions,0x38058E,0x38F7D8,0x381F57,,ジングルＣＤ,Ｊｉｎｇｌｅ　ＣＤ,False,2,0,True,True,"Known uint16 bank-local table; target decoded using CP932+MTE, including repointed targets"
item_names_descriptions,0x380590,0x38F7D8,0x381F57,,ジングルＣＤ,Ｊｉｎｇｌｅ　ＣＤ,False,2,0,True,True,"Known uint16 bank-local table; target decoded using CP932+MTE, including repointed targets"
item_names_descriptions,0x380592,0x38F7D8,0x381F57,,ジングルＣＤ,Ｊｉｎｇｌｅ　ＣＤ,False,2,0,True,True,"Known uint16 bank-local table; target decoded using CP932+MTE, including repointed targets"
item_names_descriptions,0x380594,0x38F7D8,0x381F57,,ジングルＣＤ,Ｊｉｎｇｌｅ　ＣＤ,False,2,0,True,True,"Known uint16 bank-local table; target decoded using CP932+MTE, including repointed targets"
item_names_descriptions,0x380596,0x38F7D8,0x381F57,,ジングルＣＤ,Ｊｉｎｇｌｅ　ＣＤ,False,2,0,True,True,"Known uint16 bank-local table; target decoded using CP932+MTE, including repointed targets"
item_names_descriptions,0x380598,0x38F7D8,0x381F57,,ジングルＣＤ,Ｊｉｎｇｌｅ　ＣＤ,False,2,0,True,True,"Known uint16 bank-local table; target decoded using CP932+MTE, including repointed targets"
item_names_descriptions,0x38059A,0x38F7D8,0x381F57,,ジングルＣＤ,Ｊｉｎｇｌｅ　ＣＤ,False,2,0,True,True,"Known uint16 bank-local table; target decoded using CP932+MTE, including repointed targets"
item_names_descriptions,0x38059C,0x38F7D8,0x381F57,,ジングルＣＤ,Ｊｉｎｇｌｅ　ＣＤ,False,2,0,True,True,"Known uint16 bank-local table; target decoded using CP932+MTE, including repointed targets"
item_names_descriptions,0x38059E,0x38F7D8,0x381F57,,ジングルＣＤ,Ｊｉｎｇｌｅ　ＣＤ,False,2,0,True,True,"Known uint16 bank-local table; target decoded using CP932+MTE, including repointed targets"
item_names_descriptions,0x3805A0,0x38F7D8,0x381F57,,ジングルＣＤ,Ｊｉｎｇｌｅ　ＣＤ,False,2,0,True,True,"Known uint16 bank-local table; target decoded using CP932+MTE, including repointed targets"
item_names_descriptions,0x3805A2,0x38F7D8,0x381F57,,ジングルＣＤ,Ｊｉｎｇｌｅ　ＣＤ,False,2,0,True,True,"Known uint16 bank-local table; target decoded using CP932+MTE, including repointed targets"
item_names_descriptions,0x3805A4,0x38F7D8,0x381F57,,ジングルＣＤ,Ｊｉｎｇｌｅ　ＣＤ,False,2,0,True,True,"Known uint16 bank-local table; target decoded using CP932+MTE, including repointed targets"
item_names_descriptions,0x3805A6,0x38F7D8,0x381F57,,ジングルＣＤ,Ｊｉｎｇｌｅ　ＣＤ,False,2,0,True,True,"Known uint16 bank-local table; target decoded using CP932+MTE, including repointed targets"
item_names_descriptions,0x3805A8,0x38FB1E,0x381245,,★予備,★Ｓｐａｒｅ,False,1,0,True,True,"Known uint16 bank-local table; target decoded using CP932+MTE, including repointed targets"
item_names_descriptions,0x3805AA,0x38FB1E,0x381245,,★予備,★Ｓｐａｒｅ,False,1,0,True,True,"Known uint16 bank-local table; target decoded using CP932+MTE, including repointed targets"
item_names_descriptions,0x3805AC,0x38FB1E,0x381245,,★予備,★Ｓｐａｒｅ,False,1,0,True,True,"Known uint16 bank-local table; target decoded using CP932+MTE, including repointed targets"
item_names_descriptions,0x3805AE,0x38FB1E,0x381245,,★予備,★Ｓｐａｒｅ,False,1,0,True,True,"Known uint16 bank-local table; target decoded using CP932+MTE, including repointed targets"
item_names_descriptions,0x3805B0,0x38FB1E,0x381245,,★予備,★Ｓｐａｒｅ,False,1,0,True,True,"Known uint16 bank-local table; target decoded using CP932+MTE, including repointed targets"
item_names_descriptions,0x3805B2,0x38FB1E,0x381245,,★予備,★Ｓｐａｒｅ,False,1,0,True,True,"Known uint16 bank-local table; target decoded using CP932+MTE, including repointed targets"
item_names_descriptions,0x3805B4,0x38FB1E,0x381245,,★予備,★Ｓｐａｒｅ,False,1,0,True,True,"Known uint16 bank-local table; target decoded using CP932+MTE, including repointed targets"
item_names_descriptions,0x3805B6,0x38FB1E,0x381245,,★予備,★Ｓｐａｒｅ,False,1,0,True,True,"Known uint16 bank-local table; target decoded using CP932+MTE, including repointed targets"
item_names_descriptions,0x3805B8,0x38F0E8,0x381F65,,アクススロー,Ａｘｅ　Ｔｈｒｏｗ,False,2,0,True,True,"Known uint16 bank-local table; target decoded using CP932+MTE, including repointed targets"
item_names_descriptions,0x3805BA,0x38E8CC,0x381F73,,ソードスロー,Ｓｗｏｒｄ　Ｔｈｒｏｗ,False,2,0,True,True,"Known uint16 bank-local table; target decoded using CP932+MTE, including repointed targets"
item_names_descriptions,0x3805BC,0x38EC24,0x381F81,,ランススロー,Ｌａｎｃｅ　Ｔｈｒｏｗ,False,3,0,True,True,"Known uint16 bank-local table; target decoded using CP932+MTE, including repointed targets"
item_names_descriptions,0x3805BE,0x38F548,0x381F8F,,スリアロー,Ｔｒｉ‐Ａｒｒｏｗ,False,2,0,True,True,"Known uint16 bank-local table; target decoded using CP932+MTE, including repointed targets"
item_names_descriptions,0x3805C0,0x38F714,0x381F9B,,アクスロール,Ａｘｅ　Ｒｏｌｌ,False,2,0,True,True,"Known uint16 bank-local table; target decoded using CP932+MTE, including repointed targets"
item_names_descriptions,0x3805C2,0x38EF2A,0x381FA9,,ソードロール,Ｓｗｏｒｄ　Ｒｏｌｌ,False,2,0,True,True,"Known uint16 bank-local table; target decoded using CP932+MTE, including repointed targets"
item_names_descriptions,0x3805C4,0x38FB64,0x381FB7,,クラッシュ,Ｃｒｕｓｈ,False,1,0,True,True,"Known uint16 bank-local table; target decoded using CP932+MTE, including repointed targets"
item_names_descriptions,0x3805C6,0x38FB1E,0x381245,,★予備,★Ｓｐａｒｅ,False,1,0,True,True,"Known uint16 bank-local table; target decoded using CP932+MTE, including repointed targets"
item_names_descriptions,0x3805C8,0x38F388,0x381FC3,,ランスファイヤ,Ｌａｎｃｅ　Ｆｉｒｅ,False,3,0,True,True,"Known uint16 bank-local table; target decoded using CP932+MTE, including repointed targets"
item_names_descriptions,0x3805CA,0x38FC40,0x381FD3,,ラーヴァン,Ｒａｖａｎ,False,1,0,True,True,"Known uint16 bank-local table; target decoded using CP932+MTE, including repointed targets"
item_names_descriptions,0x3805CC,0x38EF18,0x381FDF,,ソードファイヤ,Ｓｗｏｒｄ　Ｆｉｒｅ,False,2,0,True,True,"Known uint16 bank-local table; target decoded using CP932+MTE, including repointed targets"
item_names_descriptions,0x3805CE,0x38DE1C,0x381FEF,,火竜剣,Ｆｉｒｅ　Ｄｒａｇｏｎ　Ｓｗｏｒｄ,False,5,0,True,True,"Known uint16 bank-local table; target decoded using CP932+MTE, including repointed targets"
item_names_descriptions,0x3805D0,0x38FB1E,0x381245,,★予備,★Ｓｐａｒｅ,False,1,0,True,True,"Known uint16 bank-local table; target decoded using CP932+MTE, including repointed targets"
item_names_descriptions,0x3805D2,0x38FB1E,0x381245,,★予備,★Ｓｐａｒｅ,False,1,0,True,True,"Known uint16 bank-local table; target decoded using CP932+MTE, including repointed targets"
item_names_descriptions,0x3805D4,0x38DF6E,0x381FF7,,水竜剣,Ｗａｔｅｒ　Ｄｒａｇｏｎ　Ｓｗｏｒｄ,False,5,0,True,True,"Known uint16 bank-local table; target decoded using CP932+MTE, including repointed targets"
item_names_descriptions,0x3805D6,0x38FA6A,0x3819D2,,スプラッシュ,Ｓｐｌａｓｈ,False,1,0,True,True,"Known uint16 bank-local table; target decoded using CP932+MTE, including repointed targets"
item_names_descriptions,0x3805D8,0x38FB96,0x381FFF,,フローズン,Ｆｒｏｚｅｎ,False,2,0,True,True,"Known uint16 bank-local table; target decoded using CP932+MTE, including repointed targets"
item_names_descriptions,0x3805DA,0x38F7CA,0x38200B,,アイスキューブ,Ｉｃｅ　Ｃｕｂｅ,False,2,0,True,True,"Known uint16 bank-local table; target decoded using CP932+MTE, including repointed targets"
item_names_descriptions,0x3805DC,0x38FB1E,0x381245,,★予備,★Ｓｐａｒｅ,False,1,0,True,True,"Known uint16 bank-local table; target decoded using CP932+MTE, including repointed targets"
item_names_descriptions,0x3805DE,0x38FB1E,0x381245,,★予備,★Ｓｐａｒｅ,False,1,0,True,True,"Known uint16 bank-local table; target decoded using CP932+MTE, including repointed targets"
item_names_descriptions,0x3805E0,0x38E548,0x38201B,,エアバルキリー,Ａｉｒ　Ｖａｌｋｙｒｉｅ,False,3,0,True,True,"Known uint16 bank-local table; target decoded using CP932+MTE, including repointed targets"
item_names_descriptions,0x3805E2,0x38F4D8,0x38202B,,スカイアタック,Ｓｋｙ　Ａｔｔａｃｋ,False,2,0,True,True,"Known uint16 bank-local table; target decoded using CP932+MTE, including repointed targets"
item_names_descriptions,0x3805E4,0x38EDF8,0x38203B,,レイサンダー,Ｒａｙ　Ｔｈｕｎｄｅｒ,False,3,0,True,True,"Known uint16 bank-local table; target decoded using CP932+MTE, including repointed targets"
item_names_descriptions,0x3805E6,0x38FA76,0x382049,,スパークル,Ｓｐａｒｋｌｅ,False,2,0,True,True,"Known uint16 bank-local table; target decoded using CP932+MTE, including repointed targets"
item_names_descriptions,0x3805E8,0x38FB1E,0x381245,,★予備,★Ｓｐａｒｅ,False,1,0,True,True,"Known uint16 bank-local table; target decoded using CP932+MTE, including repointed targets"
item_names_descriptions,0x3805EA,0x38FB1E,0x381245,,★予備,★Ｓｐａｒｅ,False,1,0,True,True,"Known uint16 bank-local table; target decoded using CP932+MTE, including repointed targets"
item_names_descriptions,0x3805EC,0x38F398,0x382055,,ランドストーム,Ｌａｎｄ　Ｓｔｏｒｍ,False,2,0,True,True,"Known uint16 bank-local table; target decoded using CP932+MTE, including repointed targets"
item_names_descriptions,0x3805EE,0x38F4F8,0x382065,,サンドストーク,Ｓａｎｄ　Ｓｔｏｒｋ,False,2,0,True,True,"Known uint16 bank-local table; target decoded using CP932+MTE, including repointed targets"
item_names_descriptions,0x3805F0,0x38FCCE,0x382075,,クウェイク,Ｑｕａｋｅ,False,1,0,True,True,"Known uint16 bank-local table; target decoded using CP932+MTE, including repointed targets"
item_names_descriptions,0x3805F2,0x38F1A8,0x382081,,ボムボム,Ｂｏｍｂ　Ｂｏｍｂ,False,2,0,True,True,"Known uint16 bank-local table; target decoded using CP932+MTE, including repointed targets"
item_names_descriptions,0x3805F4,0x38FB1E,0x381245,,★予備,★Ｓｐａｒｅ,False,1,0,True,True,"Known uint16 bank-local table; target decoded using CP932+MTE, including repointed targets"
item_names_descriptions,0x3805F6,0x38FB1E,0x381245,,★予備,★Ｓｐａｒｅ,False,1,0,True,True,"Known uint16 bank-local table; target decoded using CP932+MTE, including repointed targets"
item_names_descriptions,0x3805F8,0x38F7F4,0x38208B,,ライトライズ,Ｌｉｇｈｔ　Ｒｉｓｅ,False,2,0,True,True,"Known uint16 bank-local table; target decoded using CP932+MTE, including repointed targets"
item_names_descriptions,0x3805FA,0x38F7AE,0x382099,,ホーリーサイト,Ｈｏｌｙ　Ｓｉｇｈｔ,False,2,0,True,True,"Known uint16 bank-local table; target decoded using CP932+MTE, including repointed targets"
item_names_descriptions,0x3805FC,0x38FC4A,0x3820A9,,ローリング,Ｒｏｌｌｉｎｇ,False,2,0,True,True,"Known uint16 bank-local table; target decoded using CP932+MTE, including repointed targets"
item_names_descriptions,0x3805FE,0x38FCBE,0x3820B5,,レーザー,Ｌａｓｅｒ,False,2,0,True,True,"Known uint16 bank-local table; target decoded using CP932+MTE, including repointed targets"
item_names_descriptions,0x380600,0x38F4E8,0x3820BF,,サンダンス,Ｓｕｎ　Ｄａｎｃｅ,False,2,0,True,True,"Known uint16 bank-local table; target decoded using CP932+MTE, including repointed targets"
item_names_descriptions,0x380602,0x38FB1E,0x381245,,★予備,★Ｓｐａｒｅ,False,1,0,True,True,"Known uint16 bank-local table; target decoded using CP932+MTE, including repointed targets"
item_names_descriptions,0x380604,0x38F238,0x3820CB,,ダーククラスト,Ｄａｒｋ　Ｃｒｕｓｔ,False,3,0,True,True,"Known uint16 bank-local table; target decoded using CP932+MTE, including repointed targets"
item_names_descriptions,0x380606,0x38F178,0x3820DB,,ブラックムーン,Ｂｌａｃｋ　Ｍｏｏｎ,False,2,0,True,True,"Known uint16 bank-local table; target decoded using CP932+MTE, including repointed targets"
item_names_descriptions,0x380608,0x38E8B8,0x3820EB,,シャドウソード,Ｓｈａｄｏｗ　Ｓｗｏｒｄ,False,3,0,True,True,"Known uint16 bank-local table; target decoded using CP932+MTE, including repointed targets"
item_names_descriptions,0x38060A,0x38FC54,0x3820FB,,シャドウ,Ｓｈａｄｏｗ,False,2,0,True,True,"Known uint16 bank-local table; target decoded using CP932+MTE, including repointed targets"
item_names_descriptions,0x38060C,0x38FB1E,0x381245,,★予備,★Ｓｐａｒｅ,False,1,0,True,True,"Known uint16 bank-local table; target decoded using CP932+MTE, including repointed targets"
item_names_descriptions,0x38060E,0x38FB1E,0x381245,,★予備,★Ｓｐａｒｅ,False,1,0,True,True,"Known uint16 bank-local table; target decoded using CP932+MTE, including repointed targets"
item_names_descriptions,0x380610,0x38FA9A,0x382105,,タイムライン,Ｔｉｍｅｌｉｎｅ,False,3,0,True,True,"Known uint16 bank-local table; target decoded using CP932+MTE, including repointed targets"
item_names_descriptions,0x380612,0x38F458,0x382113,,プレクロック,Ｐｒｅ‐Ｃｌｏｃｋ,False,2,0,True,True,"Known uint16 bank-local table; target decoded using CP932+MTE, including repointed targets"
item_names_descriptions,0x380614,0x38F578,0x382121,,ウェイトホーン,Ｗａｉｔ　Ｈｏｒｎ,False,2,0,True,True,"Known uint16 bank-local table; target decoded using CP932+MTE, including repointed targets"
item_names_descriptions,0x380616,0x38F8E2,0x382131,,サテライト,Ｓａｔｅｌｌｉｔｅ,False,3,0,True,True,"Known uint16 bank-local table; target decoded using CP932+MTE, including repointed targets"
item_names_descriptions,0x380618,0x38EDC2,0x38213D,,クイックロール,Ｑｕｉｃｋ　Ｒｏｌｌ,False,2,0,True,True,"Known uint16 bank-local table; target decoded using CP932+MTE, including repointed targets"
item_names_descriptions,0x38061A,0x38FB1E,0x381245,,★予備,★Ｓｐａｒｅ,False,1,0,True,True,"Known uint16 bank-local table; target decoded using CP932+MTE, including repointed targets"
item_names_descriptions,0x38061C,0x38F7A0,0x38214D,,グラビティア,Ｇｒａｖｉｔｉａ,False,2,0,True,True,"Known uint16 bank-local table; target decoded using CP932+MTE, including repointed targets"
item_names_descriptions,0x38061E,0x38F9E6,0x38215B,,ディメンション,Ｄｉｍｅｎｓｉｏｎ,False,3,0,True,True,"Known uint16 bank-local table; target decoded using CP932+MTE, including repointed targets"
item_names_descriptions,0x380620,0x38FB1E,0x381245,,★予備,★Ｓｐａｒｅ,False,1,0,True,True,"Known uint16 bank-local table; target decoded using CP932+MTE, including repointed targets"
item_names_descriptions,0x380622,0x38FB1E,0x381245,,★予備,★Ｓｐａｒｅ,False,1,0,True,True,"Known uint16 bank-local table; target decoded using CP932+MTE, including repointed targets"
item_names_descriptions,0x380624,0x38FB1E,0x381245,,★予備,★Ｓｐａｒｅ,False,1,0,True,True,"Known uint16 bank-local table; target decoded using CP932+MTE, including repointed targets"
item_names_descriptions,0x380626,0x38FB1E,0x381245,,★予備,★Ｓｐａｒｅ,False,1,0,True,True,"Known uint16 bank-local table; target decoded using CP932+MTE, including repointed targets"
item_names_descriptions,0x380628,0x38F928,0x38216B,,ハートマイン,Ｈｅａｒｔ　Ｍｉｎｅ,False,4,0,True,True,"Known uint16 bank-local table; target decoded using CP932+MTE, including repointed targets"
item_names_descriptions,0x38062A,0x38FAEC,0x38235C,,,？？？？,False,0,0,True,True,"Known uint16 bank-local table; target decoded using CP932+MTE, including repointed targets"
item_names_descriptions,0x38062C,0x38DE50,0x382366,,ゲートバザーの会員証,Ｇａｔｅ　Ｂａｚａａｒ　Ｐａｓｓ,False,4,0,True,True,"Known uint16 bank-local table; target decoded using CP932+MTE, including repointed targets"
item_names_descriptions,0x38062E,0x38E908,0x38237C,,ゾーグ討伐を認定する紋章,Ｚｏｒｇ　Ｓｌａｙｅｒ　Ｃｒｅｓｔ,False,5,0,True,True,"Known uint16 bank-local table; target decoded using CP932+MTE, including repointed targets"
item_names_descriptions,0x380630,0x38DE02,0x382396,,Δ石内部で見つけたタマゴ,Ｄｅｌｔａ　Ｓｔｏｎｅ　Ｅｇｇ,False,3,0,True,True,"Known uint16 bank-local table; target decoded using CP932+MTE, including repointed targets"
item_names_descriptions,0x380632,0x38DDCE,0x3823B0,,古めかしい髪留め,Ａｎｔｉｑｕｅ　Ｈａｉｒｐｉｎ,False,3,0,True,True,"Known uint16 bank-local table; target decoded using CP932+MTE, including repointed targets"
item_names_descriptions,0x380634,0x38DDCE,0x3823B0,,古めかしい髪留め,Ａｎｔｉｑｕｅ　Ｈａｉｒｐｉｎ,False,3,0,True,True,"Known uint16 bank-local table; target decoded using CP932+MTE, including repointed targets"
item_names_descriptions,0x380636,0x38E1B0,0x3823C2,,ヤパンに伝わる秘伝の書,Ｙａｐａｎ　Ｓｅｃｒｅｔ　Ｔｏｍｅ,False,5,0,True,True,"Known uint16 bank-local table; target decoded using CP932+MTE, including repointed targets"
item_names_descriptions,0x380638,0x38EB4C,0x3823DA,,勇者グラディスの兜,Ｇｌａｄｉｓ’ｓ　Ｈｅｌｍ,False,4,0,True,True,"Known uint16 bank-local table; target decoded using CP932+MTE, including repointed targets"
item_names_descriptions,0x38063A,0x38E328,0x3823EE,,勇者グラディスの盾,Ｇｌａｄｉｓ’ｓ　Ｓｈｉｅｌｄ,False,4,0,True,True,"Known uint16 bank-local table; target decoded using CP932+MTE, including repointed targets"
item_names_descriptions,0x38063C,0x38F3A8,0x382402,,王への手紙,Ｌｅｔｔｅｒ　ｔｏ　Ｋｉｎｇ,False,4,0,True,True,"Known uint16 bank-local table; target decoded using CP932+MTE, including repointed targets"
item_names_descriptions,0x38063E,0x38F952,0x38240E,,ペルジプト王の手紙,Ｐｅｌｇｙｐｔ　Ｌｅｔｔｅｒ,False,3,0,True,True,"Known uint16 bank-local table; target decoded using CP932+MTE, including repointed targets"
item_names_descriptions,0x380640,0x38F936,0x382422,,アルケミア皇帝の手紙,Ａｌｃｈｅｍｉａ　Ｌｅｔｔｅｒ,False,3,0,True,True,"Known uint16 bank-local table; target decoded using CP932+MTE, including repointed targets"
item_names_descriptions,0x380642,0x38F89C,0x382438,,何かが詰まっている箱,Ｐａｃｋｅｄ　Ｂｏｘ,False,2,0,True,True,"Known uint16 bank-local table; target decoded using CP932+MTE, including repointed targets"
item_names_descriptions,0x380644,0x38E674,0x38244E,,金の装飾品,Ｇｏｌｄ　Ｏｒｎａｍｅｎｔ,False,3,0,True,True,"Known uint16 bank-local table; target decoded using CP932+MTE, including repointed targets"
item_names_descriptions,0x380646,0x38E660,0x38245A,,神様が持っている秘薬,Ｇｏｄ’ｓ　Ｅｌｉｘｉｒ,False,2,0,True,True,"Known uint16 bank-local table; target decoded using CP932+MTE, including repointed targets"
item_names_descriptions,0x380648,0x38E660,0x38245A,,神様が持っている秘薬,Ｇｏｄ’ｓ　Ｅｌｉｘｉｒ,False,2,0,True,True,"Known uint16 bank-local table; target decoded using CP932+MTE, including repointed targets"
item_names_descriptions,0x38064A,0x38DF54,0x382470,,何でも溶かす溶解液,Ｕｎｉｖｅｒｓａｌ　Ｓｏｌｖｅｎｔ,False,3,0,True,True,"Known uint16 bank-local table; target decoded using CP932+MTE, including repointed targets"
item_names_descriptions,0x38064C,0x38E060,0x382484,,邪皇帝を封じる最後の力,Ｆｉｎａｌ　Ｓｅａｌ　Ｐｏｗｅｒ,False,5,0,True,True,"Known uint16 bank-local table; target decoded using CP932+MTE, including repointed targets"
item_names_descriptions,0x38064E,0x38F168,0x38249C,,何も書かれていない地図,Ｂｌａｎｋ　Ｍａｐ,False,2,0,True,True,"Known uint16 bank-local table; target decoded using CP932+MTE, including repointed targets"
item_names_descriptions,0x380650,0x38DC60,0x3824B4,,バザー常連サマの証,Ｂａｚａａｒ　Ｒｅｇｕｌａｒ　ＩＤ,False,3,0,True,True,"Known uint16 bank-local table; target decoded using CP932+MTE, including repointed targets"
item_names_descriptions,0x380652,0x38ED8C,0x3824C8,,キジの体内から見つかる白い石,Ｐｈｅａｓａｎｔ　Ｓｔｏｎｅ,False,5,0,True,True,"Known uint16 bank-local table; target decoded using CP932+MTE, including repointed targets"
item_names_descriptions,0x380654,0x38E0A8,0x3824E6,,不思議な力を持った生命の石,Ｍｙｓｔｉｃ　Ｌｉｆｅ　Ｓｔｏｎｅ,False,5,0,True,True,"Known uint16 bank-local table; target decoded using CP932+MTE, including repointed targets"
item_names_descriptions,0x380656,0x38DE36,0x382502,,女神の名を冠した生命の水,Ｇｏｄｄｅｓｓ　Ｌｉｆｅ　Ｗａｔｅｒ,False,6,0,True,True,"Known uint16 bank-local table; target decoded using CP932+MTE, including repointed targets"
item_names_descriptions,0x380658,0x38E4F6,0x38251C,,カメの体内にある赤い石,Ｔｕｒｔｌｅ　Ｒｅｄ　Ｓｔｏｎｅ,False,4,0,True,True,"Known uint16 bank-local table; target decoded using CP932+MTE, including repointed targets"
item_names_descriptions,0x38065A,0x38F960,0x382534,,奥義を使うために必要な秘石,Ｓｅｃｒｅｔ　Ａｒｔ　Ｓｔｏｎｅ,False,3,0,True,True,"Known uint16 bank-local table; target decoded using CP932+MTE, including repointed targets"
item_names_descriptions,0x38065C,0x38F960,0x382534,,奥義を使うために必要な秘石,Ｓｅｃｒｅｔ　Ａｒｔ　Ｓｔｏｎｅ,False,3,0,True,True,"Known uint16 bank-local table; target decoded using CP932+MTE, including repointed targets"
item_names_descriptions,0x38065E,0x38F960,0x382534,,奥義を使うために必要な秘石,Ｓｅｃｒｅｔ　Ａｒｔ　Ｓｔｏｎｅ,False,3,0,True,True,"Known uint16 bank-local table; target decoded using CP932+MTE, including repointed targets"
item_names_descriptions,0x380660,0x38F960,0x382534,,奥義を使うために必要な秘石,Ｓｅｃｒｅｔ　Ａｒｔ　Ｓｔｏｎｅ,False,3,0,True,True,"Known uint16 bank-local table; target decoded using CP932+MTE, including repointed targets"
item_names_descriptions,0x380662,0x38DD2C,0x382550,,ちょっとした経験のご褒美,Ｓｍａｌｌ　ＥＸＰ　Ｒｅｗａｒｄ,False,2,0,True,True,"Known uint16 bank-local table; target decoded using CP932+MTE, including repointed targets"
item_names_descriptions,0x380664,0x38DD2C,0x382550,,ちょっとした経験のご褒美,Ｓｍａｌｌ　ＥＸＰ　Ｒｅｗａｒｄ,False,2,0,True,True,"Known uint16 bank-local table; target decoded using CP932+MTE, including repointed targets"
item_names_descriptions,0x380666,0x38DD2C,0x382550,,ちょっとした経験のご褒美,Ｓｍａｌｌ　ＥＸＰ　Ｒｅｗａｒｄ,False,2,0,True,True,"Known uint16 bank-local table; target decoded using CP932+MTE, including repointed targets"
item_names_descriptions,0x380668,0x38E120,0x38256A,,他の世界では大金持ち,Ｏｔｈｅｒ‐Ｗｏｒｌｄ　Ｒｉｃｈｅｓ,False,5,0,True,True,"Known uint16 bank-local table; target decoded using CP932+MTE, including repointed targets"
item_names_descriptions,0x38066A,0x38E120,0x38256A,,他の世界では大金持ち,Ｏｔｈｅｒ‐Ｗｏｒｌｄ　Ｒｉｃｈｅｓ,False,5,0,True,True,"Known uint16 bank-local table; target decoded using CP932+MTE, including repointed targets"
item_names_descriptions,0x38066C,0x38E2BA,0x382580,,ドワーフの大切な石,Ｄｗａｒｆ’ｓ　Ｔｒｅａｓｕｒｅ,False,5,0,True,True,"Known uint16 bank-local table; target decoded using CP932+MTE, including repointed targets"
item_names_descriptions,0x38066E,0x38E078,0x382594,,薬草を見つけやすくなる,Ｆｉｎｄ　Ｈｅｒｂｓ　Ｅａｓｉｅｒ,False,5,0,True,True,"Known uint16 bank-local table; target decoded using CP932+MTE, including repointed targets"
item_names_descriptions,0x380670,0x38E2FC,0x3825AC,,毒消しを見つけやすくなる,Ｆｉｎｄ　Ａｎｔｉｄｏｔｅｓ,False,3,0,True,True,"Known uint16 bank-local table; target decoded using CP932+MTE, including repointed targets"
item_names_descriptions,0x380672,0x38E2D0,0x3825C6,,魔法が使えるようになる,Ｅｎａｂｌｅｓ　Ｍａｇｉｃ,False,3,0,True,True,"Known uint16 bank-local table; target decoded using CP932+MTE, including repointed targets"
item_names_descriptions,0x380674,0x38E45C,0x3825DE,,楽器を奏でられるようになる,Ｐｌａｙ　Ｉｎｓｔｒｕｍｅｎｔｓ,False,5,0,True,True,"Known uint16 bank-local table; target decoded using CP932+MTE, including repointed targets"
item_names_descriptions,0x380676,0x38F488,0x3825FA,,ペットを育てられるようになる,Ｒａｉｓｅ　Ｐｅｔｓ,False,3,0,True,True,"Known uint16 bank-local table; target decoded using CP932+MTE, including repointed targets"
item_names_descriptions,0x380678,0x38F872,0x382618,,モンスターを知ることができる,Ｍｏｎｓｔｅｒ　Ｌｏｒｅ,False,3,0,True,True,"Known uint16 bank-local table; target decoded using CP932+MTE, including repointed targets"
item_names_descriptions,0x38067A,0x38F856,0x382636,,地図を作ることができる,Ｍａｋｅ　Ｍａｐｓ,False,2,0,True,True,"Known uint16 bank-local table; target decoded using CP932+MTE, including repointed targets"
item_names_descriptions,0x38067C,0x38DD10,0x38264E,,鍵のかかった扉を開けられる,Ｏｐｅｎ　Ｌｏｃｋｅｄ　Ｄｏｏｒｓ,False,3,0,True,True,"Known uint16 bank-local table; target decoded using CP932+MTE, including repointed targets"
item_names_descriptions,0x38067E,0x38E534,0x38266A,,アイテムを鑑定できる,Ａｐｐｒａｉｓｅ　Ｉｔｅｍｓ,False,5,0,True,True,"Known uint16 bank-local table; target decoded using CP932+MTE, including repointed targets"
item_names_descriptions,0x380680,0x38F558,0x382680,,アイテムの売買ができる,Ｔｒａｄｅ　Ｉｔｅｍｓ,False,4,0,True,True,"Known uint16 bank-local table; target decoded using CP932+MTE, including repointed targets"
item_names_descriptions,0x380682,0x382359,0x382359,,,,False,0,0,False,True,"Known uint16 bank-local table; target decoded using CP932+MTE, including repointed targets"
item_names_descriptions,0x380684,0x38E87C,0x382698,,武器や防具を修理できる,Ｒｅｐａｉｒ　Ｇｅａｒ,False,2,0,True,True,"Known uint16 bank-local table; target decoded using CP932+MTE, including repointed targets"
item_names_descriptions,0x380686,0x382359,0x382359,,,,False,0,0,False,True,"Known uint16 bank-local table; target decoded using CP932+MTE, including repointed targets"
item_names_descriptions,0x380688,0x382359,0x382359,,,,False,0,0,False,True,"Known uint16 bank-local table; target decoded using CP932+MTE, including repointed targets"
item_names_descriptions,0x38068A,0x38FAEC,0x3826B0,,,？？？？,False,0,0,True,True,"Known uint16 bank-local table; target decoded using CP932+MTE, including repointed targets"
item_names_descriptions,0x38068C,0x38FB5A,0x3826BA,,太古グッズの１つ,Ａｎｃｉｅｎｔ　Ｉｔｅｍ,False,3,0,True,True,"Known uint16 bank-local table; target decoded using CP932+MTE, including repointed targets"
item_names_descriptions,0x38068E,0x38FB5A,0x3826BA,,太古グッズの１つ,Ａｎｃｉｅｎｔ　Ｉｔｅｍ,False,3,0,True,True,"Known uint16 bank-local table; target decoded using CP932+MTE, including repointed targets"
item_names_descriptions,0x380690,0x38FB5A,0x3826BA,,太古グッズの１つ,Ａｎｃｉｅｎｔ　Ｉｔｅｍ,False,3,0,True,True,"Known uint16 bank-local table; target decoded using CP932+MTE, including repointed targets"
item_names_descriptions,0x380692,0x38FB5A,0x3826BA,,太古グッズの１つ,Ａｎｃｉｅｎｔ　Ｉｔｅｍ,False,3,0,True,True,"Known uint16 bank-local table; target decoded using CP932+MTE, including repointed targets"
item_names_descriptions,0x380694,0x38FB5A,0x3826BA,,太古グッズの１つ,Ａｎｃｉｅｎｔ　Ｉｔｅｍ,False,3,0,True,True,"Known uint16 bank-local table; target decoded using CP932+MTE, including repointed targets"
item_names_descriptions,0x380696,0x38FB5A,0x3826BA,,太古グッズの１つ,Ａｎｃｉｅｎｔ　Ｉｔｅｍ,False,3,0,True,True,"Known uint16 bank-local table; target decoded using CP932+MTE, including repointed targets"
item_names_descriptions,0x380698,0x38FB5A,0x3826BA,,太古グッズの１つ,Ａｎｃｉｅｎｔ　Ｉｔｅｍ,False,3,0,True,True,"Known uint16 bank-local table; target decoded using CP932+MTE, including repointed targets"
item_names_descriptions,0x38069A,0x38FC7C,0x3826CC,,,ＸＸＸＸ,False,0,0,True,True,"Known uint16 bank-local table; target decoded using CP932+MTE, including repointed targets"
item_names_descriptions,0x38069C,0x38DF3A,0x3826D6,,錆びていて使いものにならない？,Ｔｏｏ　Ｒｕｓｔｙ　ｔｏ　Ｕｓｅ？,False,4,0,True,True,"Known uint16 bank-local table; target decoded using CP932+MTE, including repointed targets"
item_names_descriptions,0x38069E,0x38DF3A,0x3826D6,,錆びていて使いものにならない？,Ｔｏｏ　Ｒｕｓｔｙ　ｔｏ　Ｕｓｅ？,False,4,0,True,True,"Known uint16 bank-local table; target decoded using CP932+MTE, including repointed targets"
item_names_descriptions,0x3806A0,0x38DF3A,0x3826D6,,錆びていて使いものにならない？,Ｔｏｏ　Ｒｕｓｔｙ　ｔｏ　Ｕｓｅ？,False,4,0,True,True,"Known uint16 bank-local table; target decoded using CP932+MTE, including repointed targets"
item_names_descriptions,0x3806A2,0x38DF3A,0x3826D6,,錆びていて使いものにならない？,Ｔｏｏ　Ｒｕｓｔｙ　ｔｏ　Ｕｓｅ？,False,4,0,True,True,"Known uint16 bank-local table; target decoded using CP932+MTE, including repointed targets"
item_names_descriptions,0x3806A4,0x38DF3A,0x3826D6,,錆びていて使いものにならない？,Ｔｏｏ　Ｒｕｓｔｙ　ｔｏ　Ｕｓｅ？,False,4,0,True,True,"Known uint16 bank-local table; target decoded using CP932+MTE, including repointed targets"
item_names_descriptions,0x3806A6,0x38DF3A,0x3826D6,,錆びていて使いものにならない？,Ｔｏｏ　Ｒｕｓｔｙ　ｔｏ　Ｕｓｅ？,False,4,0,True,True,"Known uint16 bank-local table; target decoded using CP932+MTE, including repointed targets"
item_names_descriptions,0x3806A8,0x38DF3A,0x3826D6,,錆びていて使いものにならない？,Ｔｏｏ　Ｒｕｓｔｙ　ｔｏ　Ｕｓｅ？,False,4,0,True,True,"Known uint16 bank-local table; target decoded using CP932+MTE, including repointed targets"
item_names_descriptions,0x3806AA,0x38DC9C,0x3826F6,,マナンの宝珠を埋め込む石版,Ｍａｎａｎａｎ　Ｏｒｂ　Ｔａｂｌｅｔ,False,4,0,True,True,"Known uint16 bank-local table; target decoded using CP932+MTE, including repointed targets"
item_names_descriptions,0x3806AC,0x38DCF4,0x382712,,マナンマクリールの宝珠,Ｍａｎａｎ　Ｍａｋｒｉｌ　Ｏｒｂ,False,3,0,True,True,"Known uint16 bank-local table; target decoded using CP932+MTE, including repointed targets"
item_names_descriptions,0x3806AE,0x38DCF4,0x382712,,マナンマクリールの宝珠,Ｍａｎａｎ　Ｍａｋｒｉｌ　Ｏｒｂ,False,3,0,True,True,"Known uint16 bank-local table; target decoded using CP932+MTE, including repointed targets"
item_names_descriptions,0x3806B0,0x38DCF4,0x382712,,マナンマクリールの宝珠,Ｍａｎａｎ　Ｍａｋｒｉｌ　Ｏｒｂ,False,3,0,True,True,"Known uint16 bank-local table; target decoded using CP932+MTE, including repointed targets"
item_names_descriptions,0x3806B2,0x38DCF4,0x382712,,マナンマクリールの宝珠,Ｍａｎａｎ　Ｍａｋｒｉｌ　Ｏｒｂ,False,3,0,True,True,"Known uint16 bank-local table; target decoded using CP932+MTE, including repointed targets"
item_names_descriptions,0x3806B4,0x38DCF4,0x382712,,マナンマクリールの宝珠,Ｍａｎａｎ　Ｍａｋｒｉｌ　Ｏｒｂ,False,3,0,True,True,"Known uint16 bank-local table; target decoded using CP932+MTE, including repointed targets"
item_names_descriptions,0x3806B6,0x38E7C8,0x38272A,,①印の扉を開けられる,Ｏｐｅｎｓ　Ｄｏｏｒ　１,False,3,0,True,True,"Known uint16 bank-local table; target decoded using CP932+MTE, including repointed targets"
item_names_descriptions,0x3806B8,0x38E7DC,0x382740,,②印の扉を開けられる,Ｏｐｅｎｓ　Ｄｏｏｒ　２,False,3,0,True,True,"Known uint16 bank-local table; target decoded using CP932+MTE, including repointed targets"
item_names_descriptions,0x3806BA,0x38E804,0x382756,,④印の扉を開けられる,Ｏｐｅｎｓ　Ｄｏｏｒ　４,False,3,0,True,True,"Known uint16 bank-local table; target decoded using CP932+MTE, including repointed targets"
item_names_descriptions,0x3806BC,0x38E7F0,0x38276C,,③印の扉を開けられる,Ｏｐｅｎｓ　Ｄｏｏｒ　３,False,3,0,True,True,"Known uint16 bank-local table; target decoded using CP932+MTE, including repointed targets"
item_names_descriptions,0x3806BE,0x38E7B4,0x382782,,★印の扉を開けられる,Ｏｐｅｎｓ　Ｄｏｏｒ　★,False,3,0,True,True,"Known uint16 bank-local table; target decoded using CP932+MTE, including repointed targets"
item_names_descriptions,0x3806C0,0x134A00,0x382798,0x134400,錆びていて使いものにならない,Ｔｏｏ　Ｒｕｓｔｙ　ｔｏ　Ｕｓｅ,False,4,0,True,True,"Known uint16 bank-local table; target decoded using CP932+MTE, including repointed targets"
item_names_descriptions,0x3806C2,0x134A18,0x3827B6,0x134402,天使の扉を開けられる,Ｏｐｅｎｓ　Ａｎｇｅｌ　Ｄｏｏｒ,False,5,0,True,True,"Known uint16 bank-local table; target decoded using CP932+MTE, including repointed targets"
item_names_descriptions,0x3806C4,0x134A30,0x3827CC,0x134404,古そうな扉を開けられる,Ｏｐｅｎｓ　Ａｎｃｉｅｎｔ　Ｄｏｏｒ,False,4,0,True,True,"Known uint16 bank-local table; target decoded using CP932+MTE, including repointed targets"
item_names_descriptions,0x3806C6,0x134A44,0x3827E4,0x134406,未来世界の扉を開けられる,Ｏｐｅｎｓ　Ｆｕｔｕｒｅ　Ｄｏｏｒ,False,6,0,True,True,"Known uint16 bank-local table; target decoded using CP932+MTE, including repointed targets"
item_names_descriptions,0x3806C8,0x134A5C,0x3827FE,0x134408,どこでもセーブできる,Ｓａｖｅ　Ａｎｙｗｈｅｒｅ,False,2,0,True,True,"Known uint16 bank-local table; target decoded using CP932+MTE, including repointed targets"
item_names_descriptions,0x3806CA,0x134A6C,0x382814,0x13440A,虫ロボットのプログラムができそう,Ｐｒｏｇｒａｍｓ　Ｂｕｇ　Ｒｏｂｏｔ,False,3,0,True,True,"Known uint16 bank-local table; target decoded using CP932+MTE, including repointed targets"
item_names_descriptions,0x3806CC,0x134A8C,0x382836,0x13440C,虫ロボットのアンテナにぴったりだ,Ｂｕｇ　Ｒｏｂｏｔ　Ａｎｔｅｎｎａ,False,2,0,True,True,"Known uint16 bank-local table; target decoded using CP932+MTE, including repointed targets"
item_names_descriptions,0x3806CE,0x134AAC,0x382858,0x13440E,虫ロボットの足にぴったりだ,Ｂｕｇ　Ｒｏｂｏｔ　Ｌｅｇｓ,False,1,0,True,True,"Known uint16 bank-local table; target decoded using CP932+MTE, including repointed targets"
item_names_descriptions,0x3806D0,0x134AC8,0x382874,0x134410,虫ロボットのこうらにぴったりだ,Ｂｕｇ　Ｒｏｂｏｔ　Ｓｈｅｌｌ,False,3,0,True,True,"Known uint16 bank-local table; target decoded using CP932+MTE, including repointed targets"
item_names_descriptions,0x3806D2,0x382359,0x382359,,,,False,0,0,False,True,"Known uint16 bank-local table; target decoded using CP932+MTE, including repointed targets"
item_names_descriptions,0x3806D4,0x382359,0x382359,,,,False,0,0,False,True,"Known uint16 bank-local table; target decoded using CP932+MTE, including repointed targets"
item_names_descriptions,0x3806D6,0x382359,0x382359,,,,False,0,0,False,True,"Known uint16 bank-local table; target decoded using CP932+MTE, including repointed targets"
item_names_descriptions,0x3806D8,0x382359,0x382359,,,,False,0,0,False,True,"Known uint16 bank-local table; target decoded using CP932+MTE, including repointed targets"
item_names_descriptions,0x3806DA,0x382359,0x382359,,,,False,0,0,False,True,"Known uint16 bank-local table; target decoded using CP932+MTE, including repointed targets"
item_names_descriptions,0x3806DC,0x382359,0x382359,,,,False,0,0,False,True,"Known uint16 bank-local table; target decoded using CP932+MTE, including repointed targets"
item_names_descriptions,0x3806DE,0x382359,0x382359,,,,False,0,0,False,True,"Known uint16 bank-local table; target decoded using CP932+MTE, including repointed targets"
item_names_descriptions,0x3806E0,0x382359,0x382359,,,,False,0,0,False,True,"Known uint16 bank-local table; target decoded using CP932+MTE, including repointed targets"
item_names_descriptions,0x3806E2,0x382359,0x382359,,,,False,0,0,False,True,"Known uint16 bank-local table; target decoded using CP932+MTE, including repointed targets"
item_names_descriptions,0x3806E4,0x382359,0x382359,,,,False,0,0,False,True,"Known uint16 bank-local table; target decoded using CP932+MTE, including repointed targets"
item_names_descriptions,0x3806E6,0x382359,0x382359,,,,False,0,0,False,True,"Known uint16 bank-local table; target decoded using CP932+MTE, including repointed targets"
item_names_descriptions,0x3806E8,0x134AE2,0x382894,0x134412,ウッフンなビデオ,Ｓｅｘｙ　Ｖｉｄｅｏ,False,2,0,True,True,"Known uint16 bank-local table; target decoded using CP932+MTE, including repointed targets"
item_names_descriptions,0x3806EA,0x134AF4,0x3828A6,0x134414,誰にでも使いこなせる,Ｅａｓｙ　ｆｏｒ　Ａｎｙｏｎｅ,False,4,0,True,True,"Known uint16 bank-local table; target decoded using CP932+MTE, including repointed targets"
item_names_descriptions,0x3806EC,0x134B08,0x3828BC,0x134416,素早い攻撃ができる,Ｅｎａｂｌｅｓ　Ｆａｓｔ　Ａｔｔａｃｋ,False,5,0,True,True,"Known uint16 bank-local table; target decoded using CP932+MTE, including repointed targets"
item_names_descriptions,0x3806EE,0x134B24,0x3828D0,0x134418,攻撃範囲が広い,Ｗｉｄｅ　Ａｔｔａｃｋ　Ｒａｎｇｅ,False,4,0,True,True,"Known uint16 bank-local table; target decoded using CP932+MTE, including repointed targets"
item_names_descriptions,0x3806F0,0x134B3E,0x3828E0,0x13441A,命を持たない敵に大ダメージ,Ｈｕｇｅ　ｖｓ　Ｌｉｆｅｌｅｓｓ,False,5,0,True,True,"Known uint16 bank-local table; target decoded using CP932+MTE, including repointed targets"
item_names_descriptions,0x3806F2,0x134B56,0x3828FC,0x13441C,大きく射程が長い,Ｌｏｎｇ　Ｒｅａｃｈ,False,2,0,True,True,"Known uint16 bank-local table; target decoded using CP932+MTE, including repointed targets"
item_names_descriptions,0x3806F4,0x134B68,0x38290E,0x13441E,いんで村に伝わる宝斧,Ｉｎｄｅ　Ｖｉｌｌａｇｅ　Ａｘｅ,False,4,0,True,True,"Known uint16 bank-local table; target decoded using CP932+MTE, including repointed targets"
item_names_descriptions,0x3806F6,0x134B7E,0x382924,0x134420,骨を砕くのに適している,Ｃｒｕｓｈｅｓ　Ｂｏｎｅｓ,False,5,0,True,True,"Known uint16 bank-local table; target decoded using CP932+MTE, including repointed targets"
item_names_descriptions,0x3806F8,0x134B90,0x38293C,0x134422,敵を眠らせることもある,Ｍａｙ　Ｐｕｔ　Ｆｏｅｓ　Ａｓｌｅｅｐ,False,4,0,True,True,"Known uint16 bank-local table; target decoded using CP932+MTE, including repointed targets"
item_names_descriptions,0x3806FA,0x134BAE,0x382954,0x134424,耐久力が絶対に下がらない,Ｎｏ　Ｄｕｒａｂｉｌｉｔｙ　Ｌｏｓｓ,False,4,0,True,True,"Known uint16 bank-local table; target decoded using CP932+MTE, including repointed targets"
item_names_descriptions,0x3806FC,0x134A00,0x382798,0x134400,錆びていて使いものにならない,Ｔｏｏ　Ｒｕｓｔｙ　ｔｏ　Ｕｓｅ,False,4,0,True,True,"Known uint16 bank-local table; target decoded using CP932+MTE, including repointed targets"
item_names_descriptions,0x3806FE,0x134BCC,0x38296E,0x134426,クリティカルが出やすい,Ｈｉｇｈ　Ｃｒｉｔｉｃａｌ　Ｒａｔｅ,False,5,0,True,True,"Known uint16 bank-local table; target decoded using CP932+MTE, including repointed targets"
item_names_descriptions,0x380700,0x134BAE,0x382986,0x134428,耐久力が下がらない,Ｎｏ　Ｄｕｒａｂｉｌｉｔｙ　Ｌｏｓｓ,False,4,0,True,True,"Known uint16 bank-local table; target decoded using CP932+MTE, including repointed targets"
item_names_descriptions,0x380702,0x134BE8,0x38299A,0x13442A,泉に投げ入れても何も出てこない,Ｆｏｕｎｔａｉｎ：　Ｎｏ　Ｅｆｆｅｃｔ,False,3,0,True,True,"Known uint16 bank-local table; target decoded using CP932+MTE, including repointed targets"
item_names_descriptions,0x380704,0x134BE8,0x38299A,0x13442A,泉に投げ入れても何も出てこない,Ｆｏｕｎｔａｉｎ：　Ｎｏ　Ｅｆｆｅｃｔ,False,3,0,True,True,"Known uint16 bank-local table; target decoded using CP932+MTE, including repointed targets"
item_names_descriptions,0x380706,0x134C08,0x3829BA,0x13442C,地上最強の斧,Ｕｌｔｉｍａｔｅ　Ａｘｅ,False,3,0,True,True,"Known uint16 bank-local table; target decoded using CP932+MTE, including repointed targets"
item_names_descriptions,0x380708,0x134C1C,0x3829C8,0x13442E,最初から呪われている,Ｃｕｒｓｅｄ　ｆｒｏｍ　Ｓｔａｒｔ,False,4,0,True,True,"Known uint16 bank-local table; target decoded using CP932+MTE, including repointed targets"
item_names_descriptions,0x38070A,0x134C32,0x3829DE,0x134430,モンスターが使っている,Ｕｓｅｄ　ｂｙ　Ｍｏｎｓｔｅｒｓ,False,5,0,True,True,"Known uint16 bank-local table; target decoded using CP932+MTE, including repointed targets"
item_names_descriptions,0x38070C,0x134C32,0x3829DE,0x134430,モンスターが使っている,Ｕｓｅｄ　ｂｙ　Ｍｏｎｓｔｅｒｓ,False,5,0,True,True,"Known uint16 bank-local table; target decoded using CP932+MTE, including repointed targets"
item_names_descriptions,0x38070E,0x134C46,0x3829F6,0x134432,攻撃力が安定しない,Ｕｎｓｔａｂｌｅ　Ｐｏｗｅｒ,False,4,0,True,True,"Known uint16 bank-local table; target decoded using CP932+MTE, including repointed targets"
item_names_descriptions,0x380710,0x134BCC,0x38296E,0x134426,クリティカルが出やすい,Ｈｉｇｈ　Ｃｒｉｔｉｃａｌ　Ｒａｔｅ,False,5,0,True,True,"Known uint16 bank-local table; target decoded using CP932+MTE, including repointed targets"
item_names_descriptions,0x380712,0x134C5C,0x382A0A,0x134434,攻撃力は高いが壊れやすい,Ｓｔｒｏｎｇ　ｂｕｔ　Ｆｒａｇｉｌｅ,False,5,0,True,True,"Known uint16 bank-local table; target decoded using CP932+MTE, including repointed targets"
item_names_descriptions,0x380714,0x134C74,0x382A24,0x134436,大鬼が使っている武器,Ｏｇｒｅ’ｓ　Ｗｅａｐｏｎ,False,5,0,True,True,"Known uint16 bank-local table; target decoded using CP932+MTE, including repointed targets"
item_names_descriptions,0x380716,0x134C84,0x382A3A,0x134438,崩れた壁や岩を壊せる,Ｂｒｅａｋｓ　Ｗａｌｌｓ／Ｒｏｃｋｓ,False,3,0,True,True,"Known uint16 bank-local table; target decoded using CP932+MTE, including repointed targets"
item_names_descriptions,0x380718,0x134CA2,0x382A50,0x13443A,魔法使いの杖,Ｗｉｚａｒｄ’ｓ　Ｓｔａｆｆ,False,2,0,True,True,"Known uint16 bank-local table; target decoded using CP932+MTE, including repointed targets"
item_names_descriptions,0x38071A,0x134CA2,0x382A50,0x13443A,魔法使いの杖,Ｗｉｚａｒｄ’ｓ　Ｓｔａｆｆ,False,2,0,True,True,"Known uint16 bank-local table; target decoded using CP932+MTE, including repointed targets"
item_names_descriptions,0x38071C,0x134CA2,0x382A50,0x13443A,魔法使いの杖,Ｗｉｚａｒｄ’ｓ　Ｓｔａｆｆ,False,2,0,True,True,"Known uint16 bank-local table; target decoded using CP932+MTE, including repointed targets"
item_names_descriptions,0x38071E,0x134CA2,0x382A50,0x13443A,魔法使いの杖,Ｗｉｚａｒｄ’ｓ　Ｓｔａｆｆ,False,2,0,True,True,"Known uint16 bank-local table; target decoded using CP932+MTE, including repointed targets"
item_names_descriptions,0x380720,0x134CA2,0x382A50,0x13443A,魔法使いの杖,Ｗｉｚａｒｄ’ｓ　Ｓｔａｆｆ,False,2,0,True,True,"Known uint16 bank-local table; target decoded using CP932+MTE, including repointed targets"
item_names_descriptions,0x380722,0x134CA2,0x382A50,0x13443A,魔法使いの杖,Ｗｉｚａｒｄ’ｓ　Ｓｔａｆｆ,False,2,0,True,True,"Known uint16 bank-local table; target decoded using CP932+MTE, including repointed targets"
item_names_descriptions,0x380724,0x134CA2,0x382A50,0x13443A,魔法使いの杖,Ｗｉｚａｒｄ’ｓ　Ｓｔａｆｆ,False,2,0,True,True,"Known uint16 bank-local table; target decoded using CP932+MTE, including repointed targets"
item_names_descriptions,0x380726,0x134CA2,0x382A50,0x13443A,魔法使いの杖,Ｗｉｚａｒｄ’ｓ　Ｓｔａｆｆ,False,2,0,True,True,"Known uint16 bank-local table; target decoded using CP932+MTE, including repointed targets"
item_names_descriptions,0x380728,0x134CA2,0x382A50,0x13443A,魔法使いの杖,Ｗｉｚａｒｄ’ｓ　Ｓｔａｆｆ,False,2,0,True,True,"Known uint16 bank-local table; target decoded using CP932+MTE, including repointed targets"
item_names_descriptions,0x38072A,0x134AF4,0x3828A6,0x134414,誰にでも使いこなせる,Ｅａｓｙ　ｆｏｒ　Ａｎｙｏｎｅ,False,4,0,True,True,"Known uint16 bank-local table; target decoded using CP932+MTE, including repointed targets"
item_names_descriptions,0x38072C,0x134B08,0x3828BC,0x134416,素早い攻撃ができる,Ｅｎａｂｌｅｓ　Ｆａｓｔ　Ａｔｔａｃｋ,False,5,0,True,True,"Known uint16 bank-local table; target decoded using CP932+MTE, including repointed targets"
item_names_descriptions,0x38072E,0x134CBA,0x382A5E,0x13443C,倒した敵がアイテムを落としやすい,Ｂｏｏｓｔｓ　Ｉｔｅｍ　Ｄｒｏｐｓ,False,5,0,True,True,"Known uint16 bank-local table; target decoded using CP932+MTE, including repointed targets"
item_names_descriptions,0x380730,0x134CD4,0x382A80,0x13443E,水属性の敵に大ダメージ,Ｈｕｇｅ　ｖｓ　Ｗａｔｅｒ　Ｆｏｅｓ,False,5,0,True,True,"Known uint16 bank-local table; target decoded using CP932+MTE, including repointed targets"
item_names_descriptions,0x380732,0x134CEE,0x382A98,0x134440,勇者の従者が持っていた槍,Ｈｅｒｏ　Ｒｅｔａｉｎｅｒ　Ｓｐｅａｒ,False,7,0,True,True,"Known uint16 bank-local table; target decoded using CP932+MTE, including repointed targets"
item_names_descriptions,0x380734,0x134D06,0x382AB2,0x134442,奥義を極めたい人向き,Ｆｏｒ　Ｓｅｃｒｅｔ　Ａｒｔｓ,False,2,0,True,True,"Known uint16 bank-local table; target decoded using CP932+MTE, including repointed targets"
item_names_descriptions,0x380736,0x134A00,0x382798,0x134400,錆びていて使いものにならない,Ｔｏｏ　Ｒｕｓｔｙ　ｔｏ　Ｕｓｅ,False,4,0,True,True,"Known uint16 bank-local table; target decoded using CP932+MTE, including repointed targets"
item_names_descriptions,0x380738,0x134D16,0x382AC8,0x134444,毒に強い槍,Ｐｏｉｓｏｎ‐Ｒｅｓｉｓｔ　Ｓｐｅａｒ,False,7,0,True,True,"Known uint16 bank-local table; target decoded using CP932+MTE, including repointed targets"
item_names_descriptions,0x38073A,0x134D30,0x382AD4,0x134446,三又の槍　攻撃力が高い,Ｓｔｒｏｎｇ　Ｔｒｉｄｅｎｔ,False,4,0,True,True,"Known uint16 bank-local table; target decoded using CP932+MTE, including repointed targets"
item_names_descriptions,0x38073C,0x134D44,0x382AEC,0x134448,不完全な槍,Ｉｎｃｏｍｐｌｅｔｅ　Ｓｐｅａｒ,False,5,0,True,True,"Known uint16 bank-local table; target decoded using CP932+MTE, including repointed targets"
item_names_descriptions,0x38073E,0x134D44,0x382AEC,0x134448,不完全な槍,Ｉｎｃｏｍｐｌｅｔｅ　Ｓｐｅａｒ,False,5,0,True,True,"Known uint16 bank-local table; target decoded using CP932+MTE, including repointed targets"
item_names_descriptions,0x380740,0x134D5C,0x382AF8,0x13444A,相反するチカラを持っている,Ｏｐｐｏｓｉｎｇ　Ｐｏｗｅｒｓ,False,3,0,True,True,"Known uint16 bank-local table; target decoded using CP932+MTE, including repointed targets"
item_names_descriptions,0x380742,0x134D74,0x382B14,0x13444C,投げられれば強力な槍,Ｓｔｒｏｎｇ　Ｗｈｅｎ　Ｔｈｒｏｗｎ,False,4,0,True,True,"Known uint16 bank-local table; target decoded using CP932+MTE, including repointed targets"
item_names_descriptions,0x380744,0x134D92,0x382B2A,0x13444E,クリティカルが出やすいシヴァの槍,Ｓｈｉｖａ　Ｓｐｅａｒ：　Ｃｒｉｔ＋,False,3,0,True,True,"Known uint16 bank-local table; target decoded using CP932+MTE, including repointed targets"
item_names_descriptions,0x380746,0x134DB2,0x382B4C,0x134450,護符を多く付けられる,Ｆｉｔｓ　Ｍａｎｙ　Ｃｈａｒｍｓ,False,5,0,True,True,"Known uint16 bank-local table; target decoded using CP932+MTE, including repointed targets"
item_names_descriptions,0x380748,0x134DCA,0x382B62,0x134452,大神オルディンの槍,Ｄｉｖｉｎｅ　Ｏｒｄｉｎ　Ｓｐｅａｒ,False,5,0,True,True,"Known uint16 bank-local table; target decoded using CP932+MTE, including repointed targets"
item_names_descriptions,0x38074A,0x134C32,0x3829DE,0x134430,モンスターが使っている,Ｕｓｅｄ　ｂｙ　Ｍｏｎｓｔｅｒｓ,False,5,0,True,True,"Known uint16 bank-local table; target decoded using CP932+MTE, including repointed targets"
item_names_descriptions,0x38074C,0x134C32,0x3829DE,0x134430,モンスターが使っている,Ｕｓｅｄ　ｂｙ　Ｍｏｎｓｔｅｒｓ,False,5,0,True,True,"Known uint16 bank-local table; target decoded using CP932+MTE, including repointed targets"
item_names_descriptions,0x38074E,0x134DE6,0x382B76,0x134454,２回連続で攻撃ができる,Ａｔｔａｃｋｓ　Ｔｗｉｃｅ,False,3,0,True,True,"Known uint16 bank-local table; target decoded using CP932+MTE, including repointed targets"
item_names_descriptions,0x380750,0x134DFA,0x382B8E,0x134456,闇のチカラを強化した槍,Ｄａｒｋ‐Ｐｏｗｅｒｅｄ　Ｓｐｅａｒ,False,6,0,True,True,"Known uint16 bank-local table; target decoded using CP932+MTE, including repointed targets"
item_names_descriptions,0x380752,0x382BA6,0x382BA6,,,0,False,0,0,False,True,"Known uint16 bank-local table; target decoded using CP932+MTE, including repointed targets"
item_names_descriptions,0x380754,0x382BA6,0x382BA6,,,0,False,0,0,False,True,"Known uint16 bank-local table; target decoded using CP932+MTE, including repointed targets"
item_names_descriptions,0x380756,0x382BA6,0x382BA6,,,0,False,0,0,False,True,"Known uint16 bank-local table; target decoded using CP932+MTE, including repointed targets"
item_names_descriptions,0x380758,0x382BA6,0x382BA6,,,0,False,0,0,False,True,"Known uint16 bank-local table; target decoded using CP932+MTE, including repointed targets"
item_names_descriptions,0x38075A,0x134AF4,0x3828A6,0x134414,誰にでも使いこなせる,Ｅａｓｙ　ｆｏｒ　Ａｎｙｏｎｅ,False,4,0,True,True,"Known uint16 bank-local table; target decoded using CP932+MTE, including repointed targets"
item_names_descriptions,0x38075C,0x134B08,0x3828BC,0x134416,素早い攻撃ができる,Ｅｎａｂｌｅｓ　Ｆａｓｔ　Ａｔｔａｃｋ,False,5,0,True,True,"Known uint16 bank-local table; target decoded using CP932+MTE, including repointed targets"
item_names_descriptions,0x38075E,0x134E12,0x382BA9,0x134458,耐久力の高い弓,Ｄｕｒａｂｌｅ　Ｂｏｗ,False,3,0,True,True,"Known uint16 bank-local table; target decoded using CP932+MTE, including repointed targets"
item_names_descriptions,0x380760,0x134E24,0x382BB9,0x13445A,ガンタイプの弓,Ｇｕｎ‐Ｔｙｐｅ　Ｂｏｗ,False,2,0,True,True,"Known uint16 bank-local table; target decoded using CP932+MTE, including repointed targets"
item_names_descriptions,0x380762,0x134E3A,0x382BC9,0x13445C,風の属性が付いている,Ｗｉｎｄ　Ｅｌｅｍｅｎｔ,False,3,0,True,True,"Known uint16 bank-local table; target decoded using CP932+MTE, including repointed targets"
item_names_descriptions,0x380764,0x134E4A,0x382BDF,0x13445E,弓では最強の攻撃力を持つ,Ｓｔｒｏｎｇｅｓｔ　Ｂｏｗ,False,5,0,True,True,"Known uint16 bank-local table; target decoded using CP932+MTE, including repointed targets"
item_names_descriptions,0x380766,0x134E5C,0x382BF9,0x134460,弓より威力が高い,Ｓｔｒｏｎｇｅｒ　ｔｈａｎ　Ｂｏｗ,False,6,0,True,True,"Known uint16 bank-local table; target decoded using CP932+MTE, including repointed targets"
item_names_descriptions,0x380768,0x134E72,0x382C0B,0x134462,弓よりも格段に威力が高い,Ｍｕｃｈ　Ｓｔｒｏｎｇｅｒ　Ｂｏｗ,False,5,0,True,True,"Known uint16 bank-local table; target decoded using CP932+MTE, including repointed targets"
item_names_descriptions,0x38076A,0x134C32,0x3829DE,0x134430,モンスターが使っている,Ｕｓｅｄ　ｂｙ　Ｍｏｎｓｔｅｒｓ,False,5,0,True,True,"Known uint16 bank-local table; target decoded using CP932+MTE, including repointed targets"
item_names_descriptions,0x38076C,0x134C32,0x3829DE,0x134430,モンスターが使っている,Ｕｓｅｄ　ｂｙ　Ｍｏｎｓｔｅｒｓ,False,5,0,True,True,"Known uint16 bank-local table; target decoded using CP932+MTE, including repointed targets"
item_names_descriptions,0x38076E,0x134C32,0x3829DE,0x134430,モンスターが使っている,Ｕｓｅｄ　ｂｙ　Ｍｏｎｓｔｅｒｓ,False,5,0,True,True,"Known uint16 bank-local table; target decoded using CP932+MTE, including repointed targets"
item_names_descriptions,0x380770,0x134C32,0x3829DE,0x134430,モンスターが使っている,Ｕｓｅｄ　ｂｙ　Ｍｏｎｓｔｅｒｓ,False,5,0,True,True,"Known uint16 bank-local table; target decoded using CP932+MTE, including repointed targets"
item_names_descriptions,0x380772,0x134E8A,0x382C25,0x134464,★説明なし★0098ショートボウの矢,Ｎｏ　Ｄｅｓｃ：　Ｓｈｏｒｔ　Ｂｏｗ,False,4,0,True,True,"Known uint16 bank-local table; target decoded using CP932+MTE, including repointed targets"
item_names_descriptions,0x380774,0x134EA8,0x382C47,0x134466,★説明なし★0099クイックボウの矢,Ｎｏ　Ｄｅｓｃ：　Ｑｕｉｃｋ　Ｂｏｗ,False,3,0,True,True,"Known uint16 bank-local table; target decoded using CP932+MTE, including repointed targets"
item_names_descriptions,0x380776,0x134EC8,0x382C69,0x134468,★説明なし★009Aロングボウの矢,Ｎｏ　Ｄｅｓｃ：　Ｌｏｎｇ　Ｂｏｗ,False,3,0,True,True,"Known uint16 bank-local table; target decoded using CP932+MTE, including repointed targets"
item_names_descriptions,0x380778,0x134EE6,0x382C89,0x13446A,★説明なし★009Bクロスボウの矢,Ｎｏ　Ｄｅｓｃ：　Ｃｒｏｓｓｂｏｗ,False,3,0,True,True,"Known uint16 bank-local table; target decoded using CP932+MTE, including repointed targets"
item_names_descriptions,0x38077A,0x134F04,0x382CA9,0x13446C,★説明なし★009C風神の弓の矢,Ｎｏ　Ｄｅｓｃ：　Ｗｉｎｄ　Ｂｏｗ,False,3,0,True,True,"Known uint16 bank-local table; target decoded using CP932+MTE, including repointed targets"
item_names_descriptions,0x38077C,0x134F20,0x382CC7,0x13446E,★説明なし★009Dサルンガの矢,Ｎｏ　Ｄｅｓｃ：　Ｓａｒｕｎｇａ,False,3,0,True,True,"Known uint16 bank-local table; target decoded using CP932+MTE, including repointed targets"
item_names_descriptions,0x38077E,0x134F3C,0x382CE5,0x134470,★説明なし★009E火縄銃の弾,Ｎｏ　Ｄｅｓｃ：　Ｍａｔｃｈｌｏｃｋ,False,4,0,True,True,"Known uint16 bank-local table; target decoded using CP932+MTE, including repointed targets"
item_names_descriptions,0x380780,0x134F5A,0x382D01,0x134472,★説明なし★009Fライフルの弾,Ｎｏ　Ｄｅｓｃ：　Ｒｉｆｌｅ,False,3,0,True,True,"Known uint16 bank-local table; target decoded using CP932+MTE, including repointed targets"
item_names_descriptions,0x380782,0x134F72,0x382D1F,0x134474,★説明なし★00A0モンボウの矢,Ｎｏ　Ｄｅｓｃ：　Ｍｏｎ　Ｂｏｗ,False,3,0,True,True,"Known uint16 bank-local table; target decoded using CP932+MTE, including repointed targets"
item_names_descriptions,0x380784,0x134F8E,0x382D3D,0x134476,★説明なし★00A1モンボウⅡの矢,Ｎｏ　Ｄｅｓｃ：　Ｍｏｎ　Ｂｏｗ　ＩＩ,False,4,0,True,True,"Known uint16 bank-local table; target decoded using CP932+MTE, including repointed targets"
item_names_descriptions,0x380786,0x134FAE,0x382D5D,0x134478,★説明なし★00A2コッツンの弓の矢,Ｎｏ　Ｄｅｓｃ：　Ｋｏｔｔｓｕｎ,False,1,0,True,True,"Known uint16 bank-local table; target decoded using CP932+MTE, including repointed targets"
item_names_descriptions,0x380788,0x134FCE,0x382D7F,0x13447A,★説明なし★00A3エリヤンガンの弾,Ｎｏ　Ｄｅｓｃ：　Ｅｌｉｙａｎ　Ｇｕｎ,False,2,0,True,True,"Known uint16 bank-local table; target decoded using CP932+MTE, including repointed targets"
item_names_descriptions,0x38078A,0x134AF4,0x3828A6,0x134414,誰にでも使いこなせる,Ｅａｓｙ　ｆｏｒ　Ａｎｙｏｎｅ,False,4,0,True,True,"Known uint16 bank-local table; target decoded using CP932+MTE, including repointed targets"
item_names_descriptions,0x38078C,0x134B08,0x3828BC,0x134416,素早い攻撃ができる,Ｅｎａｂｌｅｓ　Ｆａｓｔ　Ａｔｔａｃｋ,False,5,0,True,True,"Known uint16 bank-local table; target decoded using CP932+MTE, including repointed targets"
item_names_descriptions,0x38078E,0x134FF2,0x382DA1,0x13447C,幅広で攻撃力が高い,Ｂｒｏａｄ　＆　Ｐｏｗｅｒｆｕｌ,False,5,0,True,True,"Known uint16 bank-local table; target decoded using CP932+MTE, including repointed targets"
item_names_descriptions,0x380790,0x135008,0x382DB5,0x13447E,刀匠ムラサキの鍛えた名剣,Ｍｕｒａｓａｋｉ　Ｍａｓｔｅｒｗｏｒｋ,False,5,0,True,True,"Known uint16 bank-local table; target decoded using CP932+MTE, including repointed targets"
item_names_descriptions,0x380792,0x135024,0x382DCF,0x134480,アルケミアに代々伝わる秘剣,Ａｌｃｈｅｍｉａ　Ｈｅｉｒｌｏｏｍ,False,5,0,True,True,"Known uint16 bank-local table; target decoded using CP932+MTE, including repointed targets"
item_names_descriptions,0x380794,0x135032,0x382DEB,0x134482,安定した威力を持つ,Ｓｔａｂｌｅ　Ｐｏｗｅｒ,False,3,0,True,True,"Known uint16 bank-local table; target decoded using CP932+MTE, including repointed targets"
item_names_descriptions,0x380796,0x135046,0x382DFF,0x134484,火の属性が付いている,Ｆｉｒｅ　Ｅｌｅｍｅｎｔ,False,4,0,True,True,"Known uint16 bank-local table; target decoded using CP932+MTE, including repointed targets"
item_names_descriptions,0x380798,0x134A00,0x382798,0x134400,錆びていて使いものにならない,Ｔｏｏ　Ｒｕｓｔｙ　ｔｏ　Ｕｓｅ,False,4,0,True,True,"Known uint16 bank-local table; target decoded using CP932+MTE, including repointed targets"
item_names_descriptions,0x38079A,0x135056,0x382E15,0x134486,魔法使いに大ダメージを与える,Ｈｕｇｅ　ｖｓ　Ｍａｇｅｓ,False,3,0,True,True,"Known uint16 bank-local table; target decoded using CP932+MTE, including repointed targets"
item_names_descriptions,0x38079C,0x13506A,0x382E33,0x134488,勇者グラディスが持っていた剣,Ｈｅｒｏ　Ｇｌａｄｉｓ’ｓ　Ｓｗｏｒｄ,False,6,0,True,True,"Known uint16 bank-local table; target decoded using CP932+MTE, including repointed targets"
item_names_descriptions,0x38079E,0x135084,0x382E51,0x13448A,呪われている怪しい剣だが…,Ｃｕｒｓｅｄ．．．　ｂｕｔ．．．,False,5,0,True,True,"Known uint16 bank-local table; target decoded using CP932+MTE, including repointed targets"
item_names_descriptions,0x3807A0,0x135094,0x382E6D,0x13448C,エクスカリバーとも呼ばれる剣,Ｃａｌｌｅｄ　Ｅｘｃａｌｉｂｕｒ,False,4,0,True,True,"Known uint16 bank-local table; target decoded using CP932+MTE, including repointed targets"
item_names_descriptions,0x3807A2,0x1350AA,0x382E8B,0x13448E,各属性が強化された剣,Ｂｏｏｓｔｓ　Ａｌｌ　Ｅｌｅｍｅｎｔｓ,False,5,0,True,True,"Known uint16 bank-local table; target decoded using CP932+MTE, including repointed targets"
item_names_descriptions,0x3807A4,0x1350C6,0x382EA1,0x134490,常にクリティカル攻撃になる,Ａｌｗａｙｓ　Ｃｒｉｔｉｃａｌ,False,5,0,True,True,"Known uint16 bank-local table; target decoded using CP932+MTE, including repointed targets"
item_names_descriptions,0x3807A6,0x1350DA,0x382EBD,0x134492,地上最強のの魔剣,Ｕｌｔｉｍａｔｅ　Ｍａｇｅｂｌａｄｅ,False,5,0,True,True,"Known uint16 bank-local table; target decoded using CP932+MTE, including repointed targets"
item_names_descriptions,0x3807A8,0x1350F4,0x382ECF,0x134494,光の軌跡で敵を攻撃する,Ａｔｔａｃｋｓ　ｗｉｔｈ　Ｌｉｇｈｔ,False,4,0,True,True,"Known uint16 bank-local table; target decoded using CP932+MTE, including repointed targets"
item_names_descriptions,0x3807AA,0x134C32,0x3829DE,0x134430,モンスターが使っている,Ｕｓｅｄ　ｂｙ　Ｍｏｎｓｔｅｒｓ,False,5,0,True,True,"Known uint16 bank-local table; target decoded using CP932+MTE, including repointed targets"
item_names_descriptions,0x3807AC,0x134C32,0x3829DE,0x134430,モンスターが使っている,Ｕｓｅｄ　ｂｙ　Ｍｏｎｓｔｅｒｓ,False,5,0,True,True,"Known uint16 bank-local table; target decoded using CP932+MTE, including repointed targets"
item_names_descriptions,0x3807AE,0x134C32,0x3829DE,0x134430,モンスターが使っている,Ｕｓｅｄ　ｂｙ　Ｍｏｎｓｔｅｒｓ,False,5,0,True,True,"Known uint16 bank-local table; target decoded using CP932+MTE, including repointed targets"
item_names_descriptions,0x3807B0,0x135108,0x382EE7,0x134496,火の属性が強化された剣,Ｓｔｒｏｎｇ　Ｆｉｒｅ　Ｅｌｅｍｅｎｔ,False,6,0,True,True,"Known uint16 bank-local table; target decoded using CP932+MTE, including repointed targets"
item_names_descriptions,0x3807B2,0x135122,0x382EFF,0x134498,水の属性が強化された剣,Ｓｔｒｏｎｇ　Ｗａｔｅｒ　Ｅｌｅｍ．,False,5,0,True,True,"Known uint16 bank-local table; target decoded using CP932+MTE, including repointed targets"
item_names_descriptions,0x3807B4,0x134C32,0x3829DE,0x134430,モンスターが使っている,Ｕｓｅｄ　ｂｙ　Ｍｏｎｓｔｅｒｓ,False,5,0,True,True,"Known uint16 bank-local table; target decoded using CP932+MTE, including repointed targets"
item_names_descriptions,0x3807B6,0x134C32,0x3829DE,0x134430,モンスターが使っている,Ｕｓｅｄ　ｂｙ　Ｍｏｎｓｔｅｒｓ,False,5,0,True,True,"Known uint16 bank-local table; target decoded using CP932+MTE, including repointed targets"
item_names_descriptions,0x3807B8,0x134C32,0x3829DE,0x134430,モンスターが使っている,Ｕｓｅｄ　ｂｙ　Ｍｏｎｓｔｅｒｓ,False,5,0,True,True,"Known uint16 bank-local table; target decoded using CP932+MTE, including repointed targets"
item_names_descriptions,0x3807BA,0x13513C,0x382F17,0x13449A,闇の属性が強化された剣,Ｓｔｒｏｎｇ　Ｄａｒｋ　Ｅｌｅｍｅｎｔ,False,5,0,True,True,"Known uint16 bank-local table; target decoded using CP932+MTE, including repointed targets"
item_names_descriptions,0x3807BC,0x134DE6,0x382B76,0x134454,２回連続で攻撃ができる,Ａｔｔａｃｋｓ　Ｔｗｉｃｅ,False,3,0,True,True,"Known uint16 bank-local table; target decoded using CP932+MTE, including repointed targets"
item_names_descriptions,0x3807BE,0x135158,0x382F2F,0x13449C,悪魔の剣,Ｄｅｍｏｎ　Ｓｗｏｒｄ,False,3,0,True,True,"Known uint16 bank-local table; target decoded using CP932+MTE, including repointed targets"
item_names_descriptions,0x3807C0,0x13516A,0x382F39,0x13449E,悪魔の嫌う聖なる剣,Ｈｏｌｙ　ｖｓ　Ｄｅｍｏｎｓ,False,4,0,True,True,"Known uint16 bank-local table; target decoded using CP932+MTE, including repointed targets"
item_names_descriptions,0x3807C2,0x135180,0x382F4D,0x1344A0,コッツンキングの剣,Ｋｏｔｔｓｕｎ　Ｋｉｎｇ　Ｓｗｏｒｄ,False,2,0,True,True,"Known uint16 bank-local table; target decoded using CP932+MTE, including repointed targets"
item_names_descriptions,0x3807C4,0x1351A0,0x382F61,0x1344A2,ビッグソルジャーの剣,Ｂｉｇ　Ｓｏｌｄｉｅｒ　Ｓｗｏｒｄ,False,4,0,True,True,"Known uint16 bank-local table; target decoded using CP932+MTE, including repointed targets"
item_names_descriptions,0x3807C6,0x382BA6,0x382BA6,,,0,False,0,0,False,True,"Known uint16 bank-local table; target decoded using CP932+MTE, including repointed targets"
item_names_descriptions,0x3807C8,0x382BA6,0x382BA6,,,0,False,0,0,False,True,"Known uint16 bank-local table; target decoded using CP932+MTE, including repointed targets"
item_names_descriptions,0x3807CA,0x1351BA,0x382F77,0x1344A4,飾りの付いているシンプルな服,Ｄｅｃｏｒａｔｅｄ　Ｇａｒｂ,False,4,0,True,True,"Known uint16 bank-local table; target decoded using CP932+MTE, including repointed targets"
item_names_descriptions,0x3807CC,0x1351CE,0x382F95,0x1344A6,軽くて動きやすい皮の鎧,Ｌｉｇｈｔ　Ｌｅａｔｈｅｒ　Ａｒｍｏｒ,False,4,0,True,True,"Known uint16 bank-local table; target decoded using CP932+MTE, including repointed targets"
item_names_descriptions,0x3807CE,0x1351E8,0x382FAD,0x1344A8,リングを組み上げた鎧,Ｌｉｎｋｅｄ‐Ｒｉｎｇ　Ａｒｍｏｒ,False,4,0,True,True,"Known uint16 bank-local table; target decoded using CP932+MTE, including repointed targets"
item_names_descriptions,0x3807D0,0x135202,0x382FC3,0x1344AA,防御力の比較的高い鎧,Ｆａｉｒｌｙ　Ｈｉｇｈ　Ｄｅｆｅｎｓｅ,False,5,0,True,True,"Known uint16 bank-local table; target decoded using CP932+MTE, including repointed targets"
item_names_descriptions,0x3807D2,0x135220,0x382FD9,0x1344AC,溶岩地帯でもダメージを受けない鎧,Ｎｏ　Ｌａｖａ　Ｄａｍａｇｅ,False,2,0,True,True,"Known uint16 bank-local table; target decoded using CP932+MTE, including repointed targets"
item_names_descriptions,0x3807D4,0x135238,0x382FFB,0x1344AE,敵に触れると敵に毒ダメージを与え,Ｐｏｉｓｏｎｓ　ｏｎ　Ｃｏｎｔａｃｔ,False,5,0,True,True,"Known uint16 bank-local table; target decoded using CP932+MTE, including repointed targets"
item_names_descriptions,0x3807D6,0x135254,0x38301D,0x1344B0,竜のうろこからできている鎧,Ｄｒａｇｏｎ　Ｓｃａｌｅ　Ａｒｍｏｒ,False,5,0,True,True,"Known uint16 bank-local table; target decoded using CP932+MTE, including repointed targets"
item_names_descriptions,0x3807D8,0x135270,0x383039,0x1344B2,心属性の抗体を持つ鎧,Ｍｉｎｄ‐Ｒｅｓｉｓｔ　Ａｒｍｏｒ,False,5,0,True,True,"Known uint16 bank-local table; target decoded using CP932+MTE, including repointed targets"
item_names_descriptions,0x3807DA,0x135288,0x38304F,0x1344B4,オーサーの証となる服,Ｏｓｅｒ’ｓ　Ｇａｒｂ,False,3,0,True,True,"Known uint16 bank-local table; target decoded using CP932+MTE, including repointed targets"
item_names_descriptions,0x3807DC,0x135298,0x383065,0x1344B6,火にとても強い,Ｖｅｒｙ　Ｆｉｒｅ　Ｒｅｓｉｓｔａｎｔ,False,7,0,True,True,"Known uint16 bank-local table; target decoded using CP932+MTE, including repointed targets"
item_names_descriptions,0x3807DE,0x1352B0,0x383075,0x1344B8,動物のチカラが込められている,Ａｎｉｍａｌ　Ｐｏｗｅｒ,False,4,0,True,True,"Known uint16 bank-local table; target decoded using CP932+MTE, including repointed targets"
item_names_descriptions,0x3807E0,0x134C1C,0x3829C8,0x13442E,最初から呪われている,Ｃｕｒｓｅｄ　ｆｒｏｍ　Ｓｔａｒｔ,False,4,0,True,True,"Known uint16 bank-local table; target decoded using CP932+MTE, including repointed targets"
item_names_descriptions,0x3807E2,0x1352C2,0x383093,0x1344BA,自然のチカラが込められている,Ｎａｔｕｒｅ　Ｐｏｗｅｒ,False,5,0,True,True,"Known uint16 bank-local table; target decoded using CP932+MTE, including repointed targets"
item_names_descriptions,0x3807E4,0x1352D2,0x3830B1,0x1344BC,特殊攻撃を完全防御,Ｂｌｏｃｋｓ　Ｓｐｅｃｉａｌ　ＡＴＫ,False,4,0,True,True,"Known uint16 bank-local table; target decoded using CP932+MTE, including repointed targets"
item_names_descriptions,0x3807E6,0x1352F0,0x3830C5,0x1344BE,地上最強の鎧,Ｕｌｔｉｍａｔｅ　Ａｒｍｏｒ,False,4,0,True,True,"Known uint16 bank-local table; target decoded using CP932+MTE, including repointed targets"
item_names_descriptions,0x3807E8,0x135306,0x3830D3,0x1344C0,絶対に呪われない,Ｎｅｖｅｒ　Ｃｕｒｓｅｄ,False,3,0,True,True,"Known uint16 bank-local table; target decoded using CP932+MTE, including repointed targets"
item_names_descriptions,0x3807EA,0x135318,0x3830E5,0x1344C2,装備中に限り「すばやさ」＋１,Ｅｑｕｉｐ：　Ａｇｉｌｉｔｙ　＋１,False,3,0,True,True,"Known uint16 bank-local table; target decoded using CP932+MTE, including repointed targets"
item_names_descriptions,0x3807EC,0x135336,0x383103,0x1344C4,装備中に限り「すばやさ」＋２,Ｅｑｕｉｐ：　Ａｇｉｌｉｔｙ　＋２,False,3,0,True,True,"Known uint16 bank-local table; target decoded using CP932+MTE, including repointed targets"
item_names_descriptions,0x3807EE,0x135354,0x383121,0x1344C6,装備中に限り「つよさ」＋１,Ｅｑｕｉｐ：　Ｓｔｒｅｎｇｔｈ　＋１,False,3,0,True,True,"Known uint16 bank-local table; target decoded using CP932+MTE, including repointed targets"
item_names_descriptions,0x3807F0,0x135374,0x38313D,0x1344C8,装備中に限り「つよさ」＋２,Ｅｑｕｉｐ：　Ｓｔｒｅｎｇｔｈ　＋２,False,3,0,True,True,"Known uint16 bank-local table; target decoded using CP932+MTE, including repointed targets"
item_names_descriptions,0x3807F2,0x135394,0x383159,0x1344CA,装備中に限り「つよさ」＋３,Ｅｑｕｉｐ：　Ｓｔｒｅｎｇｔｈ　＋３,False,3,0,True,True,"Known uint16 bank-local table; target decoded using CP932+MTE, including repointed targets"
item_names_descriptions,0x3807F4,0x1353B4,0x383175,0x1344CC,装備中に限り「つよさ」＋４,Ｅｑｕｉｐ：　Ｓｔｒｅｎｇｔｈ　＋４,False,3,0,True,True,"Known uint16 bank-local table; target decoded using CP932+MTE, including repointed targets"
item_names_descriptions,0x3807F6,0x1353D4,0x383191,0x1344CE,無属性への攻撃ダメージ増加,Ｂｏｏｓｔｓ　Ｎｅｕｔｒａｌ　ＡＴＫ,False,4,0,True,True,"Known uint16 bank-local table; target decoded using CP932+MTE, including repointed targets"
item_names_descriptions,0x3807F8,0x1353F2,0x3831AD,0x1344D0,武器に火の属性が付く,Ａｄｄｓ　Ｆｉｒｅ　Ｅｌｅｍｅｎｔ,False,5,0,True,True,"Known uint16 bank-local table; target decoded using CP932+MTE, including repointed targets"
item_names_descriptions,0x3807FA,0x13540A,0x3831C3,0x1344D2,武器に水の属性が付く,Ａｄｄｓ　Ｗａｔｅｒ　Ｅｌｅｍｅｎｔ,False,5,0,True,True,"Known uint16 bank-local table; target decoded using CP932+MTE, including repointed targets"
item_names_descriptions,0x3807FC,0x135422,0x3831D9,0x1344D4,武器に氷の属性が付く,Ａｄｄｓ　Ｉｃｅ　Ｅｌｅｍｅｎｔ,False,4,0,True,True,"Known uint16 bank-local table; target decoded using CP932+MTE, including repointed targets"
item_names_descriptions,0x3807FE,0x13543A,0x3831EF,0x1344D6,武器に風の属性が付く,Ａｄｄｓ　Ｗｉｎｄ　Ｅｌｅｍｅｎｔ,False,4,0,True,True,"Known uint16 bank-local table; target decoded using CP932+MTE, including repointed targets"
item_names_descriptions,0x380800,0x135452,0x383205,0x1344D8,武器に雷の属性が付く,Ａｄｄｓ　Ｔｈｕｎｄｅｒ　Ｅｌｅｍ．,False,4,0,True,True,"Known uint16 bank-local table; target decoded using CP932+MTE, including repointed targets"
item_names_descriptions,0x380802,0x13546E,0x38321B,0x1344DA,武器に地の属性が付く,Ａｄｄｓ　Ｅａｒｔｈ　Ｅｌｅｍｅｎｔ,False,4,0,True,True,"Known uint16 bank-local table; target decoded using CP932+MTE, including repointed targets"
item_names_descriptions,0x380804,0x135484,0x383231,0x1344DC,武器に光の属性が付く,Ａｄｄｓ　Ｌｉｇｈｔ　Ｅｌｅｍｅｎｔ,False,4,0,True,True,"Known uint16 bank-local table; target decoded using CP932+MTE, including repointed targets"
item_names_descriptions,0x380806,0x13549C,0x383247,0x1344DE,武器に闇の属性が付く,Ａｄｄｓ　Ｄａｒｋ　Ｅｌｅｍｅｎｔ,False,4,0,True,True,"Known uint16 bank-local table; target decoded using CP932+MTE, including repointed targets"
item_names_descriptions,0x380808,0x1354B6,0x38325D,0x1344E0,武器に時の属性が付く,Ａｄｄｓ　Ｔｉｍｅ　Ｅｌｅｍｅｎｔ,False,5,0,True,True,"Known uint16 bank-local table; target decoded using CP932+MTE, including repointed targets"
item_names_descriptions,0x38080A,0x1354CE,0x383273,0x1344E2,武器に界の属性が付く,Ａｄｄｓ　Ｓｐａｃｅ　Ｅｌｅｍｅｎｔ,False,4,0,True,True,"Known uint16 bank-local table; target decoded using CP932+MTE, including repointed targets"
item_names_descriptions,0x38080C,0x1354EA,0x383289,0x1344E4,武器に心の属性が付く,Ａｄｄｓ　Ｍｉｎｄ　Ｅｌｅｍｅｎｔ,False,4,0,True,True,"Known uint16 bank-local table; target decoded using CP932+MTE, including repointed targets"
item_names_descriptions,0x38080E,0x135502,0x38329F,0x1344E6,武器で奥義を出すために必要,Ｅｎａｂｌｅｓ　Ｗｅａｐｏｎ　Ａｒｔ,False,5,0,True,True,"Known uint16 bank-local table; target decoded using CP932+MTE, including repointed targets"
item_names_descriptions,0x380810,0x13551E,0x3832BB,0x1344E8,確率で敵に毒攻撃,Ｍａｙ　Ｐｏｉｓｏｎ　Ｆｏｅｓ,False,4,0,True,True,"Known uint16 bank-local table; target decoded using CP932+MTE, including repointed targets"
item_names_descriptions,0x380812,0x134B90,0x3832CD,0x1344EA,確率で敵に眠り攻撃,Ｍａｙ　Ｐｕｔ　Ｆｏｅｓ　Ａｓｌｅｅｐ,False,4,0,True,True,"Known uint16 bank-local table; target decoded using CP932+MTE, including repointed targets"
item_names_descriptions,0x380814,0x135536,0x3832E1,0x1344EC,確率で敵にマヒ攻撃,Ｍａｙ　Ｐａｒａｌｙｚｅ　Ｆｏｅｓ,False,5,0,True,True,"Known uint16 bank-local table; target decoded using CP932+MTE, including repointed targets"
item_names_descriptions,0x380816,0x135550,0x3832F5,0x1344EE,確率で敵を爆発させる,Ｍａｙ　Ｅｘｐｌｏｄｅ　Ｆｏｅｓ,False,4,0,True,True,"Known uint16 bank-local table; target decoded using CP932+MTE, including repointed targets"
item_names_descriptions,0x380818,0x134BCC,0x38330B,0x1344F0,クリティカルがでやすい,Ｈｉｇｈ　Ｃｒｉｔｉｃａｌ　Ｒａｔｅ,False,5,0,True,True,"Known uint16 bank-local table; target decoded using CP932+MTE, including repointed targets"
item_names_descriptions,0x38081A,0x1350C6,0x383323,0x1344F2,常にクリティカル攻撃,Ａｌｗａｙｓ　Ｃｒｉｔｉｃａｌ,False,5,0,True,True,"Known uint16 bank-local table; target decoded using CP932+MTE, including repointed targets"
item_names_descriptions,0x38081C,0x134CBA,0x383339,0x1344F4,アイテムを落としやすい,Ｂｏｏｓｔｓ　Ｉｔｅｍ　Ｄｒｏｐｓ,False,5,0,True,True,"Known uint16 bank-local table; target decoded using CP932+MTE, including repointed targets"
item_names_descriptions,0x38081E,0x13556A,0x383351,0x1344F6,確率で敵が武器を落とす,Ｍａｙ　Ｄｒｏｐ　Ｅｎｅｍｙ　Ｗｐｎ,False,4,0,True,True,"Known uint16 bank-local table; target decoded using CP932+MTE, including repointed targets"
item_names_descriptions,0x380820,0x135588,0x383369,0x1344F8,お金を落としやすい,Ｂｏｏｓｔｓ　Ｇｏｌｄ　Ｄｒｏｐｓ,False,4,0,True,True,"Known uint16 bank-local table; target decoded using CP932+MTE, including repointed targets"
item_names_descriptions,0x380822,0x1355A4,0x38337D,0x1344FA,耐久力が下がりにくい,Ｄｕｒａｂｉｌｉｔｙ　Ｌａｓｔｓ,False,5,0,True,True,"Known uint16 bank-local table; target decoded using CP932+MTE, including repointed targets"
item_names_descriptions,0x380824,0x134BAE,0x382986,0x134428,耐久力が下がらない,Ｎｏ　Ｄｕｒａｂｉｌｉｔｙ　Ｌｏｓｓ,False,4,0,True,True,"Known uint16 bank-local table; target decoded using CP932+MTE, including repointed targets"
item_names_descriptions,0x380826,0x134B24,0x383393,0x1344FC,広範囲に攻撃できる,Ｗｉｄｅ　Ａｔｔａｃｋ　Ｒａｎｇｅ,False,4,0,True,True,"Known uint16 bank-local table; target decoded using CP932+MTE, including repointed targets"
item_names_descriptions,0x380828,0x1355BA,0x3833A7,0x1344FE,回転攻撃ができる,Ｅｎａｂｌｅｓ　Ｓｐｉｎ　Ａｔｔａｃｋ,False,4,0,True,True,"Known uint16 bank-local table; target decoded using CP932+MTE, including repointed targets"
item_names_descriptions,0x38082A,0x1355D8,0x3833B9,0x134500,確率で敵の特殊攻撃を封じる,Ｍａｙ　Ｓｅａｌ　Ｓｐｅｃｉａｌｓ,False,4,0,True,True,"Known uint16 bank-local table; target decoded using CP932+MTE, including repointed targets"
item_names_descriptions,0x38082C,0x1355F4,0x3833D5,0x134502,魔法攻撃を跳ね返す,Ｒｅｆｌｅｃｔｓ　Ｍａｇｉｃ,False,3,0,True,True,"Known uint16 bank-local table; target decoded using CP932+MTE, including repointed targets"
item_names_descriptions,0x38082E,0x13560A,0x3833E9,0x134504,１度の武器攻撃で２回攻撃,Ｄｏｕｂｌｅ　Ｗｅａｐｏｎ　Ｈｉｔ,False,6,0,True,True,"Known uint16 bank-local table; target decoded using CP932+MTE, including repointed targets"
item_names_descriptions,0x380830,0x135622,0x383403,0x134506,！他の武器を装備できない,！Ｎｏ　Ｏｔｈｅｒ　Ｗｅａｐｏｎ,False,5,0,True,True,"Known uint16 bank-local table; target decoded using CP932+MTE, including repointed targets"
item_names_descriptions,0x380832,0x135638,0x38341D,0x134508,！敵へのダメージが必ず１,！Ｄａｍａｇｅ　Ａｌｗａｙｓ　１,False,4,0,True,True,"Known uint16 bank-local table; target decoded using CP932+MTE, including repointed targets"
item_names_descriptions,0x380834,0x13564E,0x383437,0x13450A,！魔法やアイテムが使えない,！Ｎｏ　Ｍａｇｉｃ／Ｉｔｅｍｓ,False,3,0,True,True,"Known uint16 bank-local table; target decoded using CP932+MTE, including repointed targets"
item_names_descriptions,0x380836,0x135668,0x383453,0x13450C,！耐久力が上がらない,！Ｎｏ　Ｄｕｒａｂｉｌｉｔｙ　Ｇａｉｎ,False,5,0,True,True,"Known uint16 bank-local table; target decoded using CP932+MTE, including repointed targets"
item_names_descriptions,0x380838,0x135686,0x383469,0x13450E,！すぐに耐久力が下がる,！Ｄｕｒａｂｉｌｉｔｙ　Ｄｒａｉｎｓ,False,6,0,True,True,"Known uint16 bank-local table; target decoded using CP932+MTE, including repointed targets"
item_names_descriptions,0x38083A,0x1356A0,0x383481,0x134510,！攻撃範囲が狭くなる,！Ｎａｒｒｏｗ　Ａｔｔａｃｋ,False,3,0,True,True,"Known uint16 bank-local table; target decoded using CP932+MTE, including repointed targets"
item_names_descriptions,0x38083C,0x1356B6,0x383497,0x134512,！武器を出すのが遅くなる,！Ｓｌｏｗ　Ｗｅａｐｏｎ　Ｄｒａｗ,False,5,0,True,True,"Known uint16 bank-local table; target decoded using CP932+MTE, including repointed targets"
item_names_descriptions,0x38083E,0x1356D0,0x3834B1,0x134514,！剣を振るとライフが回復する,！Ｓｗｏｒｄ　Ｈｅａｌｓ　Ｌｉｆｅ,False,5,0,True,True,"Known uint16 bank-local table; target decoded using CP932+MTE, including repointed targets"
item_names_descriptions,0x380840,0x38FAEC,0x3826B0,,,？？？？,False,0,0,True,True,"Known uint16 bank-local table; target decoded using CP932+MTE, including repointed targets"
item_names_descriptions,0x380842,0x382BA6,0x382BA6,,,0,False,0,0,False,True,"Known uint16 bank-local table; target decoded using CP932+MTE, including repointed targets"
item_names_descriptions,0x380844,0x382BA6,0x382BA6,,,0,False,0,0,False,True,"Known uint16 bank-local table; target decoded using CP932+MTE, including repointed targets"
item_names_descriptions,0x380846,0x382BA6,0x382BA6,,,0,False,0,0,False,True,"Known uint16 bank-local table; target decoded using CP932+MTE, including repointed targets"
item_names_descriptions,0x380848,0x1356EA,0x3834CF,0x134516,１回だけ耐久力を守る,１ｘ　Ｄｕｒａｂｉｌｉｔｙ　Ｇｕａｒｄ,False,5,0,True,True,"Known uint16 bank-local table; target decoded using CP932+MTE, including repointed targets"
item_names_descriptions,0x38084A,0x135708,0x3834E5,0x134518,◆護符では出現しない◆,Ｎｏ　Ｃｈａｒｍ　Ｓｐａｗｎ,False,1,0,True,True,"Known uint16 bank-local table; target decoded using CP932+MTE, including repointed targets"
item_names_descriptions,0x38084C,0x135708,0x3834E5,0x134518,◆護符では出現しない◆,Ｎｏ　Ｃｈａｒｍ　Ｓｐａｗｎ,False,1,0,True,True,"Known uint16 bank-local table; target decoded using CP932+MTE, including repointed targets"
item_names_descriptions,0x38084E,0x135708,0x3834E5,0x134518,◆護符では出現しない◆,Ｎｏ　Ｃｈａｒｍ　Ｓｐａｗｎ,False,1,0,True,True,"Known uint16 bank-local table; target decoded using CP932+MTE, including repointed targets"
item_names_descriptions,0x380850,0x135708,0x3834E5,0x134518,◆護符では出現しない◆,Ｎｏ　Ｃｈａｒｍ　Ｓｐａｗｎ,False,1,0,True,True,"Known uint16 bank-local table; target decoded using CP932+MTE, including repointed targets"
item_names_descriptions,0x380852,0x135708,0x3834E5,0x134518,◆護符では出現しない◆,Ｎｏ　Ｃｈａｒｍ　Ｓｐａｗｎ,False,1,0,True,True,"Known uint16 bank-local table; target decoded using CP932+MTE, including repointed targets"
item_names_descriptions,0x380854,0x135708,0x3834E5,0x134518,◆護符では出現しない◆,Ｎｏ　Ｃｈａｒｍ　Ｓｐａｗｎ,False,1,0,True,True,"Known uint16 bank-local table; target decoded using CP932+MTE, including repointed targets"
item_names_descriptions,0x380856,0x135708,0x3834E5,0x134518,◆護符では出現しない◆,Ｎｏ　Ｃｈａｒｍ　Ｓｐａｗｎ,False,1,0,True,True,"Known uint16 bank-local table; target decoded using CP932+MTE, including repointed targets"
item_names_descriptions,0x380858,0x135708,0x3834E5,0x134518,◆護符では出現しない◆,Ｎｏ　Ｃｈａｒｍ　Ｓｐａｗｎ,False,1,0,True,True,"Known uint16 bank-local table; target decoded using CP932+MTE, including repointed targets"
item_names_descriptions,0x38085A,0x135708,0x3834E5,0x134518,◆護符では出現しない◆,Ｎｏ　Ｃｈａｒｍ　Ｓｐａｗｎ,False,1,0,True,True,"Known uint16 bank-local table; target decoded using CP932+MTE, including repointed targets"
item_names_descriptions,0x38085C,0x135708,0x3834E5,0x134518,◆護符では出現しない◆,Ｎｏ　Ｃｈａｒｍ　Ｓｐａｗｎ,False,1,0,True,True,"Known uint16 bank-local table; target decoded using CP932+MTE, including repointed targets"
item_names_descriptions,0x38085E,0x135708,0x3834E5,0x134518,◆護符では出現しない◆,Ｎｏ　Ｃｈａｒｍ　Ｓｐａｗｎ,False,1,0,True,True,"Known uint16 bank-local table; target decoded using CP932+MTE, including repointed targets"
item_names_descriptions,0x380860,0x135708,0x3834E5,0x134518,◆護符では出現しない◆,Ｎｏ　Ｃｈａｒｍ　Ｓｐａｗｎ,False,1,0,True,True,"Known uint16 bank-local table; target decoded using CP932+MTE, including repointed targets"
item_names_descriptions,0x380862,0x135708,0x3834E5,0x134518,◆護符では出現しない◆,Ｎｏ　Ｃｈａｒｍ　Ｓｐａｗｎ,False,1,0,True,True,"Known uint16 bank-local table; target decoded using CP932+MTE, including repointed targets"
item_names_descriptions,0x380864,0x135708,0x3834E5,0x134518,◆護符では出現しない◆,Ｎｏ　Ｃｈａｒｍ　Ｓｐａｗｎ,False,1,0,True,True,"Known uint16 bank-local table; target decoded using CP932+MTE, including repointed targets"
item_names_descriptions,0x380866,0x135708,0x3834E5,0x134518,◆護符では出現しない◆,Ｎｏ　Ｃｈａｒｍ　Ｓｐａｗｎ,False,1,0,True,True,"Known uint16 bank-local table; target decoded using CP932+MTE, including repointed targets"
item_names_descriptions,0x380868,0x135708,0x3834E5,0x134518,◆護符では出現しない◆,Ｎｏ　Ｃｈａｒｍ　Ｓｐａｗｎ,False,1,0,True,True,"Known uint16 bank-local table; target decoded using CP932+MTE, including repointed targets"
item_names_descriptions,0x38086A,0x135724,0x3834FD,0x13451A,装備中に限り「まもり」＋１,Ｅｑｕｉｐ：　Ｄｅｆｅｎｓｅ　＋１,False,2,0,True,True,"Known uint16 bank-local table; target decoded using CP932+MTE, including repointed targets"
item_names_descriptions,0x38086C,0x135744,0x383519,0x13451C,装備中に限り「まもり」＋２,Ｅｑｕｉｐ：　Ｄｅｆｅｎｓｅ　＋２,False,2,0,True,True,"Known uint16 bank-local table; target decoded using CP932+MTE, including repointed targets"
item_names_descriptions,0x38086E,0x135764,0x383535,0x13451E,装備中に限り「かしこさ」＋１,Ｅｑｕｉｐ：　Ｗｉｓｄｏｍ　＋１,False,2,0,True,True,"Known uint16 bank-local table; target decoded using CP932+MTE, including repointed targets"
item_names_descriptions,0x380870,0x135782,0x383553,0x134520,装備中に限り「かしこさ」＋２,Ｅｑｕｉｐ：　Ｗｉｓｄｏｍ　＋２,False,2,0,True,True,"Known uint16 bank-local table; target decoded using CP932+MTE, including repointed targets"
item_names_descriptions,0x380872,0x1357A0,0x383571,0x134522,装備中に限り「かしこさ」＋３,Ｅｑｕｉｐ：　Ｗｉｓｄｏｍ　＋３,False,2,0,True,True,"Known uint16 bank-local table; target decoded using CP932+MTE, including repointed targets"
item_names_descriptions,0x380874,0x1357BE,0x38358F,0x134524,装備中に限り「かしこさ」＋４,Ｅｑｕｉｐ：　Ｗｉｓｄｏｍ　＋４,False,2,0,True,True,"Known uint16 bank-local table; target decoded using CP932+MTE, including repointed targets"
item_names_descriptions,0x380876,0x1357DC,0x3835AD,0x134526,無属性の攻撃ダメージを軽減,Ｃｕｔｓ　Ｎｅｕｔｒａｌ　Ｄａｍａｇｅ,False,6,0,True,True,"Known uint16 bank-local table; target decoded using CP932+MTE, including repointed targets"
item_names_descriptions,0x380878,0x1357F6,0x3835C9,0x134528,防具に火の属性が付く,Ａｒｍｏｒ：　Ｆｉｒｅ　Ｅｌｅｍｅｎｔ,False,5,0,True,True,"Known uint16 bank-local table; target decoded using CP932+MTE, including repointed targets"
item_names_descriptions,0x38087A,0x135812,0x3835DF,0x13452A,防具に水の属性が付く,Ａｒｍｏｒ：　Ｗａｔｅｒ　Ｅｌｅｍ．,False,4,0,True,True,"Known uint16 bank-local table; target decoded using CP932+MTE, including repointed targets"
item_names_descriptions,0x38087C,0x13582E,0x3835F5,0x13452C,防具に氷の属性が付く,Ａｒｍｏｒ：　Ｉｃｅ　Ｅｌｅｍｅｎｔ,False,5,0,True,True,"Known uint16 bank-local table; target decoded using CP932+MTE, including repointed targets"
item_names_descriptions,0x38087E,0x135848,0x38360B,0x13452E,防具に風の属性が付く,Ａｒｍｏｒ：　Ｗｉｎｄ　Ｅｌｅｍｅｎｔ,False,4,0,True,True,"Known uint16 bank-local table; target decoded using CP932+MTE, including repointed targets"
item_names_descriptions,0x380880,0x135864,0x383621,0x134530,防具に雷の属性が付く,Ａｒｍｏｒ：　Ｔｈｕｎｄｅｒ,False,3,0,True,True,"Known uint16 bank-local table; target decoded using CP932+MTE, including repointed targets"
item_names_descriptions,0x380882,0x13587C,0x383637,0x134532,防具に地の属性が付く,Ａｒｍｏｒ：　Ｅａｒｔｈ　Ｅｌｅｍ．,False,3,0,True,True,"Known uint16 bank-local table; target decoded using CP932+MTE, including repointed targets"
item_names_descriptions,0x380884,0x135896,0x38364D,0x134534,防具に光の属性が付く,Ａｒｍｏｒ：　Ｌｉｇｈｔ　Ｅｌｅｍ．,False,3,0,True,True,"Known uint16 bank-local table; target decoded using CP932+MTE, including repointed targets"
item_names_descriptions,0x380886,0x1358B2,0x383663,0x134536,防具に闇の属性が付く,Ａｒｍｏｒ：　Ｄａｒｋ　Ｅｌｅｍｅｎｔ,False,4,0,True,True,"Known uint16 bank-local table; target decoded using CP932+MTE, including repointed targets"
item_names_descriptions,0x380888,0x1358D0,0x383679,0x134538,防具に時の属性が付く,Ａｒｍｏｒ：　Ｔｉｍｅ　Ｅｌｅｍｅｎｔ,False,5,0,True,True,"Known uint16 bank-local table; target decoded using CP932+MTE, including repointed targets"
item_names_descriptions,0x38088A,0x1358EC,0x38368F,0x13453A,防具に界の属性が付く,Ａｒｍｏｒ：　Ｓｐａｃｅ　Ｅｌｅｍ．,False,3,0,True,True,"Known uint16 bank-local table; target decoded using CP932+MTE, including repointed targets"
item_names_descriptions,0x38088C,0x13590C,0x3836A5,0x13453C,防具に心の属性が付く,Ａｒｍｏｒ：　Ｍｉｎｄ　Ｅｌｅｍｅｎｔ,False,4,0,True,True,"Known uint16 bank-local table; target decoded using CP932+MTE, including repointed targets"
item_names_descriptions,0x38088E,0x135928,0x3836BB,0x13453E,毒のダメージを受けない,Ｎｏ　Ｐｏｉｓｏｎ　Ｄａｍａｇｅ,False,4,0,True,True,"Known uint16 bank-local table; target decoded using CP932+MTE, including repointed targets"
item_names_descriptions,0x380890,0x135940,0x3836D3,0x134540,眠らなくなる,Ｐｒｅｖｅｎｔｓ　Ｓｌｅｅｐ,False,4,0,True,True,"Known uint16 bank-local table; target decoded using CP932+MTE, including repointed targets"
item_names_descriptions,0x380892,0x135952,0x3836E1,0x134542,マヒしなくなる,Ｐｒｅｖｅｎｔｓ　Ｐａｒａｌｙｓｉｓ,False,6,0,True,True,"Known uint16 bank-local table; target decoded using CP932+MTE, including repointed targets"
item_names_descriptions,0x380894,0x13596A,0x3836F1,0x134544,凍らなくなる,Ｐｒｅｖｅｎｔｓ　Ｆｒｅｅｚｅ,False,4,0,True,True,"Known uint16 bank-local table; target decoded using CP932+MTE, including repointed targets"
item_names_descriptions,0x380896,0x135980,0x3836FF,0x134546,確率でクリティカル回避,Ｍａｙ　Ｅｖａｄｅ　Ｃｒｉｔｉｃａｌ,False,6,0,True,True,"Known uint16 bank-local table; target decoded using CP932+MTE, including repointed targets"
item_names_descriptions,0x380898,0x135220,0x383717,0x134548,溶岩地帯でダメージを受けない,Ｎｏ　Ｌａｖａ　Ｄａｍａｇｅ,False,2,0,True,True,"Known uint16 bank-local table; target decoded using CP932+MTE, including repointed targets"
item_names_descriptions,0x38089A,0x13599A,0x383735,0x13454A,隠れているトラップにかからない,Ａｖｏｉｄｓ　Ｈｉｄｄｅｎ　Ｔｒａｐｓ,False,5,0,True,True,"Known uint16 bank-local table; target decoded using CP932+MTE, including repointed targets"
item_names_descriptions,0x38089C,0x1355A4,0x38337D,0x1344FA,耐久力が下がりにくい,Ｄｕｒａｂｉｌｉｔｙ　Ｌａｓｔｓ,False,5,0,True,True,"Known uint16 bank-local table; target decoded using CP932+MTE, including repointed targets"
item_names_descriptions,0x38089E,0x134BAE,0x382986,0x134428,耐久力が下がらない,Ｎｏ　Ｄｕｒａｂｉｌｉｔｙ　Ｌｏｓｓ,False,4,0,True,True,"Known uint16 bank-local table; target decoded using CP932+MTE, including repointed targets"
item_names_descriptions,0x3808A0,0x1359B8,0x383755,0x13454C,敵からの武器ダメージが減る,Ｃｕｔｓ　Ｗｅａｐｏｎ　Ｄａｍａｇｅ,False,7,0,True,True,"Known uint16 bank-local table; target decoded using CP932+MTE, including repointed targets"
item_names_descriptions,0x3808A2,0x1359CE,0x383771,0x13454E,敵からの魔法ダメージが減る,Ｃｕｔｓ　Ｍａｇｉｃ　Ｄａｍａｇｅ,False,5,0,True,True,"Known uint16 bank-local table; target decoded using CP932+MTE, including repointed targets"
item_names_descriptions,0x3808A4,0x1359E6,0x38378D,0x134550,歩くとライフが回復する,Ｗａｌｋ　ｔｏ　Ｈｅａｌ　Ｌｉｆｅ,False,5,0,True,True,"Known uint16 bank-local table; target decoded using CP932+MTE, including repointed targets"
item_names_descriptions,0x3808A6,0x1359FE,0x3837A5,0x134552,当たった敵にダメージを与える,Ｈｕｒｔｓ　Ｆｏｅｓ　ｏｎ　Ｔｏｕｃｈ,False,6,0,True,True,"Known uint16 bank-local table; target decoded using CP932+MTE, including repointed targets"
item_names_descriptions,0x3808A8,0x135A18,0x3837C3,0x134554,見えない敵が見える,Ｓｅｅ　Ｉｎｖｉｓｉｂｌｅ　Ｆｏｅｓ,False,4,0,True,True,"Known uint16 bank-local table; target decoded using CP932+MTE, including repointed targets"
item_names_descriptions,0x3808AA,0x135A36,0x3837D7,0x134556,確率で魔法を跳ね返す,Ｍａｙ　Ｒｅｆｌｅｃｔ　Ｍａｇｉｃ,False,4,0,True,True,"Known uint16 bank-local table; target decoded using CP932+MTE, including repointed targets"
item_names_descriptions,0x3808AC,0x135A52,0x3837ED,0x134558,弱い敵は体当たりで倒せる,Ｒａｍ　Ｗｅａｋ　Ｆｏｅｓ,False,3,0,True,True,"Known uint16 bank-local table; target decoded using CP932+MTE, including repointed targets"
item_names_descriptions,0x3808AE,0x135A68,0x383807,0x13455A,敵の魔法を吸収する,Ａｂｓｏｒｂｓ　Ｅｎｅｍｙ　Ｍａｇｉｃ,False,5,0,True,True,"Known uint16 bank-local table; target decoded using CP932+MTE, including repointed targets"
item_names_descriptions,0x3808B0,0x135A86,0x38381B,0x13455C,！他の防具を装備できない,！Ｎｏ　Ｏｔｈｅｒ　Ａｒｍｏｒ,False,3,0,True,True,"Known uint16 bank-local table; target decoded using CP932+MTE, including repointed targets"
item_names_descriptions,0x3808B2,0x135A9E,0x383835,0x13455E,！防具の防御力が１になる,！Ａｒｍｏｒ　ＤＥＦ　＝　１,False,1,0,True,True,"Known uint16 bank-local table; target decoded using CP932+MTE, including repointed targets"
item_names_descriptions,0x3808B4,0x13564E,0x383437,0x13450A,！魔法やアイテムが使えない,！Ｎｏ　Ｍａｇｉｃ／Ｉｔｅｍｓ,False,3,0,True,True,"Known uint16 bank-local table; target decoded using CP932+MTE, including repointed targets"
item_names_descriptions,0x3808B6,0x135ABA,0x38384F,0x134560,！敵の攻撃ダメージが２倍,！Ｄａｍａｇｅ　Ｔａｋｅｎ　ｘ２,False,3,0,True,True,"Known uint16 bank-local table; target decoded using CP932+MTE, including repointed targets"
item_names_descriptions,0x3808B8,0x135668,0x383453,0x13450C,！耐久力が上がらない,！Ｎｏ　Ｄｕｒａｂｉｌｉｔｙ　Ｇａｉｎ,False,5,0,True,True,"Known uint16 bank-local table; target decoded using CP932+MTE, including repointed targets"
item_names_descriptions,0x3808BA,0x135686,0x383469,0x13450E,！すぐに耐久力が下がる,！Ｄｕｒａｂｉｌｉｔｙ　Ｄｒａｉｎｓ,False,6,0,True,True,"Known uint16 bank-local table; target decoded using CP932+MTE, including repointed targets"
item_names_descriptions,0x3808BC,0x135AD2,0x383869,0x134562,！歩くとライフが減る,！Ｌｉｆｅ　Ｌｏｓｓ　Ｗａｌｋｉｎｇ,False,5,0,True,True,"Known uint16 bank-local table; target decoded using CP932+MTE, including repointed targets"
item_names_descriptions,0x3808BE,0x135AEC,0x38387F,0x134564,！動きが遅くなる,！Ｓｌｏｗｅｒ　Ｍｏｖｅｍｅｎｔ,False,4,0,True,True,"Known uint16 bank-local table; target decoded using CP932+MTE, including repointed targets"
item_names_descriptions,0x3808C0,0x135B02,0x383891,0x134566,何になるかな？,Ｗｈａｔ　Ｗｉｌｌ　Ｉｔ　Ｂｅ？,False,4,0,True,True,"Known uint16 bank-local table; target decoded using CP932+MTE, including repointed targets"
item_names_descriptions,0x3808C2,0x135B16,0x3838A1,0x134568,マジック消費が半分になる,Ｈａｌｆ　Ｍａｇｉｃ　Ｃｏｓｔ,False,3,0,True,True,"Known uint16 bank-local table; target decoded using CP932+MTE, including repointed targets"
item_names_descriptions,0x3808C4,0x382BA6,0x382BA6,,,0,False,0,0,False,True,"Known uint16 bank-local table; target decoded using CP932+MTE, including repointed targets"
item_names_descriptions,0x3808C6,0x382BA6,0x382BA6,,,0,False,0,0,False,True,"Known uint16 bank-local table; target decoded using CP932+MTE, including repointed targets"
item_names_descriptions,0x3808C8,0x1356EA,0x3834CF,0x134516,１回だけ耐久力を守る,１ｘ　Ｄｕｒａｂｉｌｉｔｙ　Ｇｕａｒｄ,False,5,0,True,True,"Known uint16 bank-local table; target decoded using CP932+MTE, including repointed targets"
item_names_descriptions,0x3808CA,0x135708,0x3834E5,0x134518,◆護符では出現しない◆,Ｎｏ　Ｃｈａｒｍ　Ｓｐａｗｎ,False,1,0,True,True,"Known uint16 bank-local table; target decoded using CP932+MTE, including repointed targets"
item_names_descriptions,0x3808CC,0x135708,0x3834E5,0x134518,◆護符では出現しない◆,Ｎｏ　Ｃｈａｒｍ　Ｓｐａｗｎ,False,1,0,True,True,"Known uint16 bank-local table; target decoded using CP932+MTE, including repointed targets"
item_names_descriptions,0x3808CE,0x135708,0x3834E5,0x134518,◆護符では出現しない◆,Ｎｏ　Ｃｈａｒｍ　Ｓｐａｗｎ,False,1,0,True,True,"Known uint16 bank-local table; target decoded using CP932+MTE, including repointed targets"
item_names_descriptions,0x3808D0,0x135708,0x3834E5,0x134518,◆護符では出現しない◆,Ｎｏ　Ｃｈａｒｍ　Ｓｐａｗｎ,False,1,0,True,True,"Known uint16 bank-local table; target decoded using CP932+MTE, including repointed targets"
item_names_descriptions,0x3808D2,0x135708,0x3834E5,0x134518,◆護符では出現しない◆,Ｎｏ　Ｃｈａｒｍ　Ｓｐａｗｎ,False,1,0,True,True,"Known uint16 bank-local table; target decoded using CP932+MTE, including repointed targets"
item_names_descriptions,0x3808D4,0x135708,0x3834E5,0x134518,◆護符では出現しない◆,Ｎｏ　Ｃｈａｒｍ　Ｓｐａｗｎ,False,1,0,True,True,"Known uint16 bank-local table; target decoded using CP932+MTE, including repointed targets"
item_names_descriptions,0x3808D6,0x135708,0x3834E5,0x134518,◆護符では出現しない◆,Ｎｏ　Ｃｈａｒｍ　Ｓｐａｗｎ,False,1,0,True,True,"Known uint16 bank-local table; target decoded using CP932+MTE, including repointed targets"
item_names_descriptions,0x3808D8,0x135708,0x3834E5,0x134518,◆護符では出現しない◆,Ｎｏ　Ｃｈａｒｍ　Ｓｐａｗｎ,False,1,0,True,True,"Known uint16 bank-local table; target decoded using CP932+MTE, including repointed targets"
item_names_descriptions,0x3808DA,0x135708,0x3834E5,0x134518,◆護符では出現しない◆,Ｎｏ　Ｃｈａｒｍ　Ｓｐａｗｎ,False,1,0,True,True,"Known uint16 bank-local table; target decoded using CP932+MTE, including repointed targets"
item_names_descriptions,0x3808DC,0x135708,0x3834E5,0x134518,◆護符では出現しない◆,Ｎｏ　Ｃｈａｒｍ　Ｓｐａｗｎ,False,1,0,True,True,"Known uint16 bank-local table; target decoded using CP932+MTE, including repointed targets"
item_names_descriptions,0x3808DE,0x135708,0x3834E5,0x134518,◆護符では出現しない◆,Ｎｏ　Ｃｈａｒｍ　Ｓｐａｗｎ,False,1,0,True,True,"Known uint16 bank-local table; target decoded using CP932+MTE, including repointed targets"
item_names_descriptions,0x3808E0,0x135708,0x3834E5,0x134518,◆護符では出現しない◆,Ｎｏ　Ｃｈａｒｍ　Ｓｐａｗｎ,False,1,0,True,True,"Known uint16 bank-local table; target decoded using CP932+MTE, including repointed targets"
item_names_descriptions,0x3808E2,0x135708,0x3834E5,0x134518,◆護符では出現しない◆,Ｎｏ　Ｃｈａｒｍ　Ｓｐａｗｎ,False,1,0,True,True,"Known uint16 bank-local table; target decoded using CP932+MTE, including repointed targets"
item_names_descriptions,0x3808E4,0x135708,0x3834E5,0x134518,◆護符では出現しない◆,Ｎｏ　Ｃｈａｒｍ　Ｓｐａｗｎ,False,1,0,True,True,"Known uint16 bank-local table; target decoded using CP932+MTE, including repointed targets"
item_names_descriptions,0x3808E6,0x135708,0x3834E5,0x134518,◆護符では出現しない◆,Ｎｏ　Ｃｈａｒｍ　Ｓｐａｗｎ,False,1,0,True,True,"Known uint16 bank-local table; target decoded using CP932+MTE, including repointed targets"
item_names_descriptions,0x3808E8,0x135708,0x3834E5,0x134518,◆護符では出現しない◆,Ｎｏ　Ｃｈａｒｍ　Ｓｐａｗｎ,False,1,0,True,True,"Known uint16 bank-local table; target decoded using CP932+MTE, including repointed targets"
item_names_descriptions,0x3808EA,0x135B30,0x3838BB,0x13456A,火の玉を飛ばす,Ｓｈｏｏｔｓ　Ｆｉｒｅｂａｌｌ,False,4,0,True,True,"Known uint16 bank-local table; target decoded using CP932+MTE, including repointed targets"
item_names_descriptions,0x3808EC,0x135B46,0x3838CB,0x13456C,火柱で攻撃,Ｐｉｌｌａｒ　ｏｆ　Ｆｉｒｅ,False,4,0,True,True,"Known uint16 bank-local table; target decoded using CP932+MTE, including repointed targets"
item_names_descriptions,0x3808EE,0x135220,0x383717,0x134548,溶岩地帯でダメージを受けない,Ｎｏ　Ｌａｖａ　Ｄａｍａｇｅ,False,2,0,True,True,"Known uint16 bank-local table; target decoded using CP932+MTE, including repointed targets"
item_names_descriptions,0x3808F0,0x135B56,0x3838D7,0x13456E,火のチカラで全体にダメージ,Ｆｉｒｅ　Ｈｉｔｓ　Ａｌｌ　Ｆｏｅｓ,False,6,0,True,True,"Known uint16 bank-local table; target decoded using CP932+MTE, including repointed targets"
item_names_descriptions,0x3808F2,0x135B70,0x3838F3,0x134570,水の玉を飛ばす,Ｓｈｏｏｔｓ　Ｗａｔｅｒ　Ｂａｌｌ,False,5,0,True,True,"Known uint16 bank-local table; target decoded using CP932+MTE, including repointed targets"
item_names_descriptions,0x3808F4,0x135B86,0x383903,0x134572,水柱で攻撃,Ｗａｔｅｒ　Ｐｉｌｌａｒ,False,4,0,True,True,"Known uint16 bank-local table; target decoded using CP932+MTE, including repointed targets"
item_names_descriptions,0x3808F6,0x135B94,0x38390F,0x134574,装備していると状態異常を自動回復,Ａｕｔｏ‐Ｃｕｒｅｓ　Ｓｔａｔｕｓ,False,5,0,True,True,"Known uint16 bank-local table; target decoded using CP932+MTE, including repointed targets"
item_names_descriptions,0x3808F8,0x135BAE,0x383931,0x134576,水のチカラで全体にダメージ,Ｗａｔｅｒ　Ｈｉｔｓ　Ａｌｌ　Ｆｏｅｓ,False,6,0,True,True,"Known uint16 bank-local table; target decoded using CP932+MTE, including repointed targets"
item_names_descriptions,0x3808FA,0x135BC8,0x38394D,0x134578,氷弾を飛ばす,Ｓｈｏｏｔｓ　Ｉｃｅ　Ｂｕｌｌｅｔ,False,5,0,True,True,"Known uint16 bank-local table; target decoded using CP932+MTE, including repointed targets"
item_names_descriptions,0x3808FC,0x135BE2,0x38395B,0x13457A,かまいたちで攻撃する,Ｗｉｎｄ　Ｃｕｔｔｅｒ　Ａｔｔａｃｋ,False,4,0,True,True,"Known uint16 bank-local table; target decoded using CP932+MTE, including repointed targets"
item_names_descriptions,0x3808FE,0x135BFA,0x383971,0x13457C,竜巻で攻撃する,Ｔｏｒｎａｄｏ　Ａｔｔａｃｋ,False,3,0,True,True,"Known uint16 bank-local table; target decoded using CP932+MTE, including repointed targets"
item_names_descriptions,0x380900,0x135C10,0x383981,0x13457E,洞窟の中から入口まで脱出する,Ｅｓｃａｐｅ　ｔｏ　Ｅｎｔｒａｎｃｅ,False,5,0,True,True,"Known uint16 bank-local table; target decoded using CP932+MTE, including repointed targets"
item_names_descriptions,0x380902,0x135C2A,0x38399F,0x134580,風のチカラで全体にダメージ,Ｗｉｎｄ　Ｈｉｔｓ　Ａｌｌ　Ｆｏｅｓ,False,5,0,True,True,"Known uint16 bank-local table; target decoded using CP932+MTE, including repointed targets"
item_names_descriptions,0x380904,0x135C44,0x3839BB,0x134582,周りに雷を落とす,Ｃａｌｌｓ　Ｄｏｗｎ　Ｔｈｕｎｄｅｒ,False,5,0,True,True,"Known uint16 bank-local table; target decoded using CP932+MTE, including repointed targets"
item_names_descriptions,0x380906,0x135C5E,0x3839CD,0x134584,地面を掘る,Ｄｉｇｓ　ｔｈｅ　Ｇｒｏｕｎｄ,False,5,0,True,True,"Known uint16 bank-local table; target decoded using CP932+MTE, including repointed targets"
item_names_descriptions,0x380908,0x135C70,0x3839D9,0x134586,トラップを探す,Ｆｉｎｄｓ　Ｔｒａｐｓ,False,3,0,True,True,"Known uint16 bank-local table; target decoded using CP932+MTE, including repointed targets"
item_names_descriptions,0x38090A,0x135C80,0x3839E9,0x134588,地のチカラで全体にダメージ,Ｅａｒｔｈ　Ｈｉｔｓ　Ａｌｌ　Ｆｏｅｓ,False,5,0,True,True,"Known uint16 bank-local table; target decoded using CP932+MTE, including repointed targets"
item_names_descriptions,0x38090C,0x135C98,0x383A05,0x13458A,光のチカラで敵の眼をくらます,Ｂｌｉｎｄｓ　ｗｉｔｈ　Ｌｉｇｈｔ,False,4,0,True,True,"Known uint16 bank-local table; target decoded using CP932+MTE, including repointed targets"
item_names_descriptions,0x38090E,0x135CAA,0x383A23,0x13458C,天使ミカエルが強力防御,Ｍｉｃｈａｅｌ’ｓ　Ｇｕａｒｄ,False,4,0,True,True,"Known uint16 bank-local table; target decoded using CP932+MTE, including repointed targets"
item_names_descriptions,0x380910,0x135CC0,0x383A3B,0x13458E,光のチカラで全体にダメージ,Ｌｉｇｈｔ　Ｈｉｔｓ　Ａｌｌ　Ｆｏｅｓ,False,5,0,True,True,"Known uint16 bank-local table; target decoded using CP932+MTE, including repointed targets"
item_names_descriptions,0x380912,0x135CDA,0x383A57,0x134590,闇の力が守ってくれる,Ｄａｒｋ　Ｐｏｗｅｒ　Ｐｒｏｔｅｃｔｓ,False,5,0,True,True,"Known uint16 bank-local table; target decoded using CP932+MTE, including repointed targets"
item_names_descriptions,0x380914,0x135CF4,0x383A6D,0x134592,小さい悪魔を使って攻撃する,Ｓｕｍｍｏｎｓ　Ｔｉｎｙ　Ｄｅｍｏｎ,False,6,0,True,True,"Known uint16 bank-local table; target decoded using CP932+MTE, including repointed targets"
item_names_descriptions,0x380916,0x135D0E,0x383A89,0x134594,闇のチカラで全体にダメージ,Ｄａｒｋ　Ｈｉｔｓ　Ａｌｌ　Ｆｏｅｓ,False,5,0,True,True,"Known uint16 bank-local table; target decoded using CP932+MTE, including repointed targets"
item_names_descriptions,0x380918,0x135D2A,0x383AA5,0x134596,敵の動きを遅くする,Ｓｌｏｗｓ　Ｅｎｅｍｙ,False,3,0,True,True,"Known uint16 bank-local table; target decoded using CP932+MTE, including repointed targets"
item_names_descriptions,0x38091A,0x135D3C,0x383AB9,0x134598,自分の動きを速くする,Ｓｐｅｅｄｓ　Ｙｏｕ　Ｕｐ,False,4,0,True,True,"Known uint16 bank-local table; target decoded using CP932+MTE, including repointed targets"
item_names_descriptions,0x38091C,0x135D4E,0x383ACF,0x13459A,時のチカラで全体にダメージ,Ｔｉｍｅ　Ｈｉｔｓ　Ａｌｌ　Ｆｏｅｓ,False,6,0,True,True,"Known uint16 bank-local table; target decoded using CP932+MTE, including repointed targets"
item_names_descriptions,0x38091E,0x135D68,0x383AEB,0x13459C,自分のダミーを出して標的にする,Ｃｒｅａｔｅｓ　ａ　Ｄｅｃｏｙ,False,4,0,True,True,"Known uint16 bank-local table; target decoded using CP932+MTE, including repointed targets"
item_names_descriptions,0x380920,0x135D7E,0x383B0B,0x13459E,自分のダミーが敵にヒットする,Ｄｅｃｏｙ　Ｈｉｔｓ　Ｅｎｅｍｙ,False,4,0,True,True,"Known uint16 bank-local table; target decoded using CP932+MTE, including repointed targets"
item_names_descriptions,0x380922,0x135D98,0x383B29,0x1345A0,界のチカラで全体にダメージ,Ｓｐａｃｅ　Ｈｉｔｓ　Ａｌｌ　Ｆｏｅｓ,False,5,0,True,True,"Known uint16 bank-local table; target decoded using CP932+MTE, including repointed targets"
item_names_descriptions,0x380924,0x135DB6,0x383B45,0x1345A2,敵を眠らせる,Ｐｕｔｓ　Ｅｎｅｍｙ　ｔｏ　Ｓｌｅｅｐ,False,6,0,True,True,"Known uint16 bank-local table; target decoded using CP932+MTE, including repointed targets"
item_names_descriptions,0x380926,0x135DCE,0x383B53,0x1345A4,敵の動きを止める,Ｓｔｏｐｓ　Ｅｎｅｍｙ,False,2,0,True,True,"Known uint16 bank-local table; target decoded using CP932+MTE, including repointed targets"
item_names_descriptions,0x380928,0x135DE2,0x383B65,0x1345A6,心のチカラで全体にダメージ,Ｍｉｎｄ　Ｈｉｔｓ　Ａｌｌ　Ｆｏｅｓ,False,5,0,True,True,"Known uint16 bank-local table; target decoded using CP932+MTE, including repointed targets"
item_names_descriptions,0x38092A,0x135DFC,0x383B81,0x1345A8,ほぼ無敵になる,Ａｌｍｏｓｔ　Ｉｎｖｉｎｃｉｂｌｅ,False,4,0,True,True,"Known uint16 bank-local table; target decoded using CP932+MTE, including repointed targets"
item_names_descriptions,0x38092C,0x382359,0x382359,,,,False,0,0,False,True,"Known uint16 bank-local table; target decoded using CP932+MTE, including repointed targets"
item_names_descriptions,0x38092E,0x135E18,0x383B91,0x1345AA,木登り上手になる,Ｂｅｔｔｅｒ　ａｔ　Ｃｌｉｍｂｉｎｇ,False,6,0,True,True,"Known uint16 bank-local table; target decoded using CP932+MTE, including repointed targets"
item_names_descriptions,0x380930,0x135E30,0x383BA3,0x1345AC,氷の上で滑らない,Ｎｏ　Ｓｌｉｐｐｉｎｇ　ｏｎ　Ｉｃｅ,False,4,0,True,True,"Known uint16 bank-local table; target decoded using CP932+MTE, including repointed targets"
item_names_descriptions,0x380932,0x135E4A,0x383BB5,0x1345AE,熱砂地帯でダメージを受けない,Ｎｏ　Ｈｏｔ‐Ｓａｎｄ　Ｄａｍａｇｅ,False,3,0,True,True,"Known uint16 bank-local table; target decoded using CP932+MTE, including repointed targets"
item_names_descriptions,0x380934,0x135E66,0x383BD3,0x1345B0,水中に深く潜れる,Ｄｉｖｅｓ　Ｄｅｅｐ　ｉｎ　Ｗａｔｅｒ,False,6,0,True,True,"Known uint16 bank-local table; target decoded using CP932+MTE, including repointed targets"
item_names_descriptions,0x380936,0x135E7C,0x383BE5,0x1345B2,地中を移動できる,Ｍｏｖｅ　Ｕｎｄｅｒｇｒｏｕｎｄ,False,5,0,True,True,"Known uint16 bank-local table; target decoded using CP932+MTE, including repointed targets"
item_names_descriptions,0x380938,0x135E94,0x383BF7,0x1345B4,少しだけ空を飛べる,Ｆｌｙ　ａ　Ｓｈｏｒｔ　Ｔｉｍｅ,False,5,0,True,True,"Known uint16 bank-local table; target decoded using CP932+MTE, including repointed targets"
item_names_descriptions,0x38093A,0x135EAA,0x383C0B,0x1345B6,暗闇で目が見える,Ｓｅｅ　ｉｎ　ｔｈｅ　Ｄａｒｋ,False,4,0,True,True,"Known uint16 bank-local table; target decoded using CP932+MTE, including repointed targets"
item_names_descriptions,0x38093C,0x135EBC,0x383C1D,0x1345B8,高速で動くことができる,Ｍｏｖｅ　ａｔ　Ｈｉｇｈ　Ｓｐｅｅｄ,False,6,0,True,True,"Known uint16 bank-local table; target decoded using CP932+MTE, including repointed targets"
item_names_descriptions,0x38093E,0x135ED6,0x383C35,0x1345BA,丸まって防御できる,Ｃｕｒｌ　Ｕｐ　ｔｏ　Ｇｕａｒｄ,False,3,0,True,True,"Known uint16 bank-local table; target decoded using CP932+MTE, including repointed targets"
item_names_descriptions,0x380940,0x135EF0,0x383C49,0x1345BC,誰かに変身できる,Ｔｒａｎｓｆｏｒｍ　ｔｏ　Ａｎｙｏｎｅ,False,4,0,True,True,"Known uint16 bank-local table; target decoded using CP932+MTE, including repointed targets"
item_names_descriptions,0x380942,0x135F0A,0x383C5B,0x1345BE,敵に惑わされなくなる,Ｒｅｓｉｓｔｓ　Ｃｏｎｆｕｓｉｏｎ,False,6,0,True,True,"Known uint16 bank-local table; target decoded using CP932+MTE, including repointed targets"
item_names_descriptions,0x380944,0x382359,0x382359,,,,False,0,0,False,True,"Known uint16 bank-local table; target decoded using CP932+MTE, including repointed targets"
item_names_descriptions,0x380946,0x382359,0x382359,,,,False,0,0,False,True,"Known uint16 bank-local table; target decoded using CP932+MTE, including repointed targets"
item_names_descriptions,0x380948,0x382359,0x382359,,,,False,0,0,False,True,"Known uint16 bank-local table; target decoded using CP932+MTE, including repointed targets"
item_names_descriptions,0x38094A,0x135F20,0x383C71,0x1345C0,矢が使えるようになる,Ｅｎａｂｌｅｓ　Ａｒｒｏｗ　Ｕｓｅ,False,4,0,True,True,"Known uint16 bank-local table; target decoded using CP932+MTE, including repointed targets"
item_names_descriptions,0x38094C,0x135F3C,0x383C87,0x1345C2,任意の２点間を移動できる,Ｗａｒｐ　Ｂｅｔｗｅｅｎ　Ｐｏｉｎｔｓ,False,4,0,True,True,"Known uint16 bank-local table; target decoded using CP932+MTE, including repointed targets"
item_names_descriptions,0x38094E,0x135F5C,0x383CA1,0x1345C4,鉄岩に引っ付く,Ｓｔｉｃｋｓ　ｔｏ　Ｉｒｏｎ　Ｒｏｃｋ,False,4,0,True,True,"Known uint16 bank-local table; target decoded using CP932+MTE, including repointed targets"
item_names_descriptions,0x380950,0x135F7A,0x383CB1,0x1345C6,隠されたアイテムに共鳴する,Ｆｉｎｄｓ　Ｈｉｄｄｅｎ　Ｉｔｅｍｓ,False,6,0,True,True,"Known uint16 bank-local table; target decoded using CP932+MTE, including repointed targets"
item_names_descriptions,0x380952,0x135F92,0x383CCD,0x1345C8,時間を知ることができる,Ｔｅｌｌｓ　ｔｈｅ　Ｔｉｍｅ,False,4,0,True,True,"Known uint16 bank-local table; target decoded using CP932+MTE, including repointed targets"
item_names_descriptions,0x380954,0x135FA4,0x383CE5,0x1345CA,運を天に任せて振ってみよう,Ｒｏｌｌ　ａｎｄ　Ｔｒｕｓｔ　Ｆａｔｅ,False,5,0,True,True,"Known uint16 bank-local table; target decoded using CP932+MTE, including repointed targets"
item_names_descriptions,0x380956,0x135FBC,0x383D01,0x1345CC,見えないものが見える,Ｓｅｅ　ｔｈｅ　Ｉｎｖｉｓｉｂｌｅ,False,4,0,True,True,"Known uint16 bank-local table; target decoded using CP932+MTE, including repointed targets"
item_names_descriptions,0x380958,0x135FD4,0x383D17,0x1345CE,笛を吹くと妖精が反応する,Ｆａｉｒｉｅｓ　Ｈｅａｒ　Ｆｌｕｔｅ,False,5,0,True,True,"Known uint16 bank-local table; target decoded using CP932+MTE, including repointed targets"
item_names_descriptions,0x38095A,0x135FF0,0x383D31,0x1345D0,巨人の足,Ｇｉａｎｔ’ｓ　Ｆｏｏｔ,False,2,0,True,True,"Known uint16 bank-local table; target decoded using CP932+MTE, including repointed targets"
item_names_descriptions,0x38095C,0x136002,0x383D3B,0x1345D2,水の底を歩ける,Ｗａｌｋ　ｏｎ　Ｓｅａｂｅｄ,False,3,0,True,True,"Known uint16 bank-local table; target decoded using CP932+MTE, including repointed targets"
item_names_descriptions,0x38095E,0x382359,0x382359,,,,False,0,0,False,True,"Known uint16 bank-local table; target decoded using CP932+MTE, including repointed targets"
item_names_descriptions,0x380960,0x382359,0x382359,,,,False,0,0,False,True,"Known uint16 bank-local table; target decoded using CP932+MTE, including repointed targets"
item_names_descriptions,0x380962,0x382359,0x382359,,,,False,0,0,False,True,"Known uint16 bank-local table; target decoded using CP932+MTE, including repointed targets"
item_names_descriptions,0x380964,0x382359,0x382359,,,,False,0,0,False,True,"Known uint16 bank-local table; target decoded using CP932+MTE, including repointed targets"
item_names_descriptions,0x380966,0x382359,0x382359,,,,False,0,0,False,True,"Known uint16 bank-local table; target decoded using CP932+MTE, including repointed targets"
item_names_descriptions,0x380968,0x382359,0x382359,,,,False,0,0,False,True,"Known uint16 bank-local table; target decoded using CP932+MTE, including repointed targets"
item_names_descriptions,0x38096A,0x136018,0x383D4B,0x1345D4,色々中に入れられる便利なビン,Ｈａｎｄｙ　Ｓｔｏｒａｇｅ　Ｆｌａｓｋ,False,5,0,True,True,"Known uint16 bank-local table; target decoded using CP932+MTE, including repointed targets"
item_names_descriptions,0x38096C,0x136032,0x383D69,0x1345D6,ライフを１５０回復,Ｒｅｓｔｏｒｅｓ　１５０　Ｌｉｆｅ,False,4,0,True,True,"Known uint16 bank-local table; target decoded using CP932+MTE, including repointed targets"
item_names_descriptions,0x38096E,0x13604E,0x383D7D,0x1345D8,ライフを３００回復,Ｒｅｓｔｏｒｅｓ　３００　Ｌｉｆｅ,False,4,0,True,True,"Known uint16 bank-local table; target decoded using CP932+MTE, including repointed targets"
item_names_descriptions,0x380970,0x13606A,0x383D91,0x1345DA,マジックを全回復する,Ｒｅｓｔｏｒｅｓ　Ａｌｌ　Ｍａｇｉｃ,False,5,0,True,True,"Known uint16 bank-local table; target decoded using CP932+MTE, including repointed targets"
item_names_descriptions,0x380972,0x136086,0x383DA7,0x1345DC,ライフを全回復する,Ｒｅｓｔｏｒｅｓ　Ａｌｌ　Ｌｉｆｅ,False,5,0,True,True,"Known uint16 bank-local table; target decoded using CP932+MTE, including repointed targets"
item_names_descriptions,0x380974,0x1360A0,0x383DBB,0x1345DE,死んでも復活できる神の酒,Ｒｅｖｉｖｅｓ　Ａｆｔｅｒ　Ｄｅａｔｈ,False,4,0,True,True,"Known uint16 bank-local table; target decoded using CP932+MTE, including repointed targets"
item_names_descriptions,0x380976,0x1360BC,0x383DD5,0x1345E0,酸性の水を中和する,Ｎｅｕｔｒａｌｉｚｅｓ　Ａｃｉｄ,False,4,0,True,True,"Known uint16 bank-local table; target decoded using CP932+MTE, including repointed targets"
item_names_descriptions,0x380978,0x1360D6,0x383DE9,0x1345E2,火を付けると燃える不思議な水,Ｆｌａｍｍａｂｌｅ　Ｗａｔｅｒ,False,4,0,True,True,"Known uint16 bank-local table; target decoded using CP932+MTE, including repointed targets"
item_names_descriptions,0x38097A,0x1360EE,0x383E07,0x1345E4,豊穣な香りの果物,Ｆｒａｇｒａｎｔ　Ｆｒｕｉｔ,False,5,0,True,True,"Known uint16 bank-local table; target decoded using CP932+MTE, including repointed targets"
item_names_descriptions,0x38097C,0x382359,0x382359,,,,False,0,0,False,True,"Known uint16 bank-local table; target decoded using CP932+MTE, including repointed targets"
item_names_descriptions,0x38097E,0x382359,0x382359,,,,False,0,0,False,True,"Known uint16 bank-local table; target decoded using CP932+MTE, including repointed targets"
item_names_descriptions,0x380980,0x382359,0x382359,,,,False,0,0,False,True,"Known uint16 bank-local table; target decoded using CP932+MTE, including repointed targets"
item_names_descriptions,0x380982,0x382359,0x382359,,,,False,0,0,False,True,"Known uint16 bank-local table; target decoded using CP932+MTE, including repointed targets"
item_names_descriptions,0x380984,0x382359,0x382359,,,,False,0,0,False,True,"Known uint16 bank-local table; target decoded using CP932+MTE, including repointed targets"
item_names_descriptions,0x380986,0x382359,0x382359,,,,False,0,0,False,True,"Known uint16 bank-local table; target decoded using CP932+MTE, including repointed targets"
item_names_descriptions,0x380988,0x382359,0x382359,,,,False,0,0,False,True,"Known uint16 bank-local table; target decoded using CP932+MTE, including repointed targets"
item_names_descriptions,0x38098A,0x136102,0x383E19,0x1345E6,モンスターに投げモンチップにする,Ｍａｋｅｓ　ａ　ＭｏｎＣｈｉｐ,False,3,0,True,True,"Known uint16 bank-local table; target decoded using CP932+MTE, including repointed targets"
item_names_descriptions,0x38098C,0x136118,0x383E3B,0x1345E8,ペットの属性値を上げる,Ｒａｉｓｅｓ　Ｐｅｔ　Ｅｌｅｍｅｎｔ,False,5,0,True,True,"Known uint16 bank-local table; target decoded using CP932+MTE, including repointed targets"
item_names_descriptions,0x38098E,0x136118,0x383E3B,0x1345E8,ペットの属性値を上げる,Ｒａｉｓｅｓ　Ｐｅｔ　Ｅｌｅｍｅｎｔ,False,5,0,True,True,"Known uint16 bank-local table; target decoded using CP932+MTE, including repointed targets"
item_names_descriptions,0x380990,0x136118,0x383E3B,0x1345E8,ペットの属性値を上げる,Ｒａｉｓｅｓ　Ｐｅｔ　Ｅｌｅｍｅｎｔ,False,5,0,True,True,"Known uint16 bank-local table; target decoded using CP932+MTE, including repointed targets"
item_names_descriptions,0x380992,0x136118,0x383E3B,0x1345E8,ペットの属性値を上げる,Ｒａｉｓｅｓ　Ｐｅｔ　Ｅｌｅｍｅｎｔ,False,5,0,True,True,"Known uint16 bank-local table; target decoded using CP932+MTE, including repointed targets"
item_names_descriptions,0x380994,0x136118,0x383E3B,0x1345E8,ペットの属性値を上げる,Ｒａｉｓｅｓ　Ｐｅｔ　Ｅｌｅｍｅｎｔ,False,5,0,True,True,"Known uint16 bank-local table; target decoded using CP932+MTE, including repointed targets"
item_names_descriptions,0x380996,0x136118,0x383E3B,0x1345E8,ペットの属性値を上げる,Ｒａｉｓｅｓ　Ｐｅｔ　Ｅｌｅｍｅｎｔ,False,5,0,True,True,"Known uint16 bank-local table; target decoded using CP932+MTE, including repointed targets"
item_names_descriptions,0x380998,0x136118,0x383E3B,0x1345E8,ペットの属性値を上げる,Ｒａｉｓｅｓ　Ｐｅｔ　Ｅｌｅｍｅｎｔ,False,5,0,True,True,"Known uint16 bank-local table; target decoded using CP932+MTE, including repointed targets"
item_names_descriptions,0x38099A,0x136118,0x383E3B,0x1345E8,ペットの属性値を上げる,Ｒａｉｓｅｓ　Ｐｅｔ　Ｅｌｅｍｅｎｔ,False,5,0,True,True,"Known uint16 bank-local table; target decoded using CP932+MTE, including repointed targets"
item_names_descriptions,0x38099C,0x136118,0x383E3B,0x1345E8,ペットの属性値を上げる,Ｒａｉｓｅｓ　Ｐｅｔ　Ｅｌｅｍｅｎｔ,False,5,0,True,True,"Known uint16 bank-local table; target decoded using CP932+MTE, including repointed targets"
item_names_descriptions,0x38099E,0x136118,0x383E3B,0x1345E8,ペットの属性値を上げる,Ｒａｉｓｅｓ　Ｐｅｔ　Ｅｌｅｍｅｎｔ,False,5,0,True,True,"Known uint16 bank-local table; target decoded using CP932+MTE, including repointed targets"
item_names_descriptions,0x3809A0,0x382359,0x382359,,,,False,0,0,False,True,"Known uint16 bank-local table; target decoded using CP932+MTE, including repointed targets"
item_names_descriptions,0x3809A2,0x136132,0x383E53,0x1345EA,牡羊座のカード,Ａｒｉｅｓ　Ｃａｒｄ,False,3,0,True,True,"Known uint16 bank-local table; target decoded using CP932+MTE, including repointed targets"
item_names_descriptions,0x3809A4,0x136142,0x383E63,0x1345EC,牡牛座のカード,Ｔａｕｒｕｓ　Ｃａｒｄ,False,3,0,True,True,"Known uint16 bank-local table; target decoded using CP932+MTE, including repointed targets"
item_names_descriptions,0x3809A6,0x136154,0x383E73,0x1345EE,双子座のカード,Ｇｅｍｉｎｉ　Ｃａｒｄ,False,3,0,True,True,"Known uint16 bank-local table; target decoded using CP932+MTE, including repointed targets"
item_names_descriptions,0x3809A8,0x136166,0x383E83,0x1345F0,蟹座のカード,Ｃａｎｃｅｒ　Ｃａｒｄ,False,3,0,True,True,"Known uint16 bank-local table; target decoded using CP932+MTE, including repointed targets"
item_names_descriptions,0x3809AA,0x136176,0x383E91,0x1345F2,獅子座のカード,Ｌｅｏ　Ｃａｒｄ,False,1,0,True,True,"Known uint16 bank-local table; target decoded using CP932+MTE, including repointed targets"
item_names_descriptions,0x3809AC,0x136186,0x383EA1,0x1345F4,乙女座のカード,Ｖｉｒｇｏ　Ｃａｒｄ,False,2,0,True,True,"Known uint16 bank-local table; target decoded using CP932+MTE, including repointed targets"
item_names_descriptions,0x3809AE,0x136198,0x383EB1,0x1345F6,天秤座のカード,Ｌｉｂｒａ　Ｃａｒｄ,False,2,0,True,True,"Known uint16 bank-local table; target decoded using CP932+MTE, including repointed targets"
item_names_descriptions,0x3809B0,0x1361AA,0x383EC1,0x1345F8,蠍座のカード,Ｓｃｏｒｐｉｏ　Ｃａｒｄ,False,2,0,True,True,"Known uint16 bank-local table; target decoded using CP932+MTE, including repointed targets"
item_names_descriptions,0x3809B2,0x1361C0,0x383ECF,0x1345FA,射手座のカード,Ｓａｇｉｔｔａｒｉｕｓ　Ｃａｒｄ,False,4,0,True,True,"Known uint16 bank-local table; target decoded using CP932+MTE, including repointed targets"
item_names_descriptions,0x3809B4,0x1361DA,0x383EDF,0x1345FC,山羊座のカード,Ｃａｐｒｉｃｏｒｎ　Ｃａｒｄ,False,4,0,True,True,"Known uint16 bank-local table; target decoded using CP932+MTE, including repointed targets"
item_names_descriptions,0x3809B6,0x1361F0,0x383EEF,0x1345FE,水瓶座のカード,Ａｑｕａｒｉｕｓ　Ｃａｒｄ,False,3,0,True,True,"Known uint16 bank-local table; target decoded using CP932+MTE, including repointed targets"
item_names_descriptions,0x3809B8,0x136206,0x383EFF,0x134600,魚座のカード,Ｐｉｓｃｅｓ　Ｃａｒｄ,False,4,0,True,True,"Known uint16 bank-local table; target decoded using CP932+MTE, including repointed targets"
item_names_descriptions,0x3809BA,0x136216,0x383F0D,0x134602,１２星座が彫り込まれたカード,１２　Ｚｏｄｉａｃ　Ｃａｒｄ,False,1,0,True,True,"Known uint16 bank-local table; target decoded using CP932+MTE, including repointed targets"
item_names_descriptions,0x3809BC,0x382359,0x382359,,,,False,0,0,False,True,"Known uint16 bank-local table; target decoded using CP932+MTE, including repointed targets"
item_names_descriptions,0x3809BE,0x136232,0x383F2B,0x134604,火の玉を正面に放つ,Ｓｈｏｏｔｓ　ａ　Ｆｉｒｅｂａｌｌ,False,4,0,True,True,"Known uint16 bank-local table; target decoded using CP932+MTE, including repointed targets"
item_names_descriptions,0x3809C0,0x13624A,0x383F3F,0x134606,火柱を作り出す,Ｃｒｅａｔｅｓ　Ｆｉｒｅ　Ｐｉｌｌａｒ,False,7,0,True,True,"Known uint16 bank-local table; target decoded using CP932+MTE, including repointed targets"
item_names_descriptions,0x3809C2,0x136262,0x383F4F,0x134608,状態異常を自動的に治す,Ａｕｔｏ‐Ｃｕｒｅｓ　Ａｉｌｍｅｎｔ,False,5,0,True,True,"Known uint16 bank-local table; target decoded using CP932+MTE, including repointed targets"
item_names_descriptions,0x3809C4,0x135C10,0x383981,0x13457E,洞窟の中から入口まで脱出する,Ｅｓｃａｐｅ　ｔｏ　Ｅｎｔｒａｎｃｅ,False,5,0,True,True,"Known uint16 bank-local table; target decoded using CP932+MTE, including repointed targets"
item_names_descriptions,0x3809C6,0x13627C,0x383F67,0x13460A,ペットの★を増やす,Ｒａｉｓｅｓ　Ｐｅｔ　Ｓｔａｒｓ,False,4,0,True,True,"Known uint16 bank-local table; target decoded using CP932+MTE, including repointed targets"
item_names_descriptions,0x3809C8,0x136296,0x383F7B,0x13460C,奥義に使われる,Ｕｓｅｄ　ｆｏｒ　Ｓｅｃｒｅｔ　Ａｒｔ,False,3,0,True,True,"Known uint16 bank-local table; target decoded using CP932+MTE, including repointed targets"
item_names_descriptions,0x3809CA,0x136296,0x383F7B,0x13460C,奥義に使われる,Ｕｓｅｄ　ｆｏｒ　Ｓｅｃｒｅｔ　Ａｒｔ,False,3,0,True,True,"Known uint16 bank-local table; target decoded using CP932+MTE, including repointed targets"
item_names_descriptions,0x3809CC,0x1362A8,0x383F8B,0x13460E,特定の場所で念話を聞ける,Ｈｅａｒ　Ｓｉｔｅ　Ｔｅｌｅｐａｔｈｙ,False,6,0,True,True,"Known uint16 bank-local table; target decoded using CP932+MTE, including repointed targets"
item_names_descriptions,0x3809CE,0x1362C4,0x383FA5,0x134610,モノから残留思念を読める,Ｒｅａｄｓ　Ｏｂｊｅｃｔ　Ｍｅｍｏｒｙ,False,5,0,True,True,"Known uint16 bank-local table; target decoded using CP932+MTE, including repointed targets"
item_names_descriptions,0x3809D0,0x1362E0,0x383FBF,0x134612,聖霊の奇跡が起こる,Ｈｏｌｙ　Ｓｐｉｒｉｔ　Ｍｉｒａｃｌｅ,False,4,0,True,True,"Known uint16 bank-local table; target decoded using CP932+MTE, including repointed targets"
item_names_descriptions,0x3809D2,0x382359,0x382359,,,,False,0,0,False,True,"Known uint16 bank-local table; target decoded using CP932+MTE, including repointed targets"
item_names_descriptions,0x3809D4,0x382359,0x382359,,,,False,0,0,False,True,"Known uint16 bank-local table; target decoded using CP932+MTE, including repointed targets"
item_names_descriptions,0x3809D6,0x382359,0x382359,,,,False,0,0,False,True,"Known uint16 bank-local table; target decoded using CP932+MTE, including repointed targets"
item_names_descriptions,0x3809D8,0x382359,0x382359,,,,False,0,0,False,True,"Known uint16 bank-local table; target decoded using CP932+MTE, including repointed targets"
item_names_descriptions,0x3809DA,0x1362F8,0x383FD3,0x134614,砂の地面を固める　その画面のみ,Ｈａｒｄｅｎｓ　Ｓａｎｄ　Ｈｅｒｅ,False,6,0,True,True,"Known uint16 bank-local table; target decoded using CP932+MTE, including repointed targets"
item_names_descriptions,0x3809DC,0x13630E,0x383FF3,0x134616,困った時に使うとうれしいかも,Ｕｓｅ　Ｗｈｅｎ　ｉｎ　Ｔｒｏｕｂｌｅ,False,5,0,True,True,"Known uint16 bank-local table; target decoded using CP932+MTE, including repointed targets"
item_names_descriptions,0x3809DE,0x13632A,0x384011,0x134618,魔法の威力を増大させる,Ｂｏｏｓｔｓ　Ｍａｇｉｃ　Ｐｏｗｅｒ,False,5,0,True,True,"Known uint16 bank-local table; target decoded using CP932+MTE, including repointed targets"
item_names_descriptions,0x3809E0,0x136346,0x384029,0x13461A,色々と壊せる,Ｂｒｅａｋｓ　Ｍａｎｙ　Ｔｈｉｎｇｓ,False,5,0,True,True,"Known uint16 bank-local table; target decoded using CP932+MTE, including repointed targets"
item_names_descriptions,0x3809E2,0x136360,0x384037,0x13461C,色々と破壊できる,Ｓｍａｓｈｅｓ　Ｍａｎｙ　Ｔｈｉｎｇｓ,False,6,0,True,True,"Known uint16 bank-local table; target decoded using CP932+MTE, including repointed targets"
item_names_descriptions,0x3809E4,0x13637A,0x384049,0x13461E,爆弾より強力な破壊力を持つ,Ｓｔｒｏｎｇｅｒ　ｔｈａｎ　Ｂｏｍｂｓ,False,6,0,True,True,"Known uint16 bank-local table; target decoded using CP932+MTE, including repointed targets"
item_names_descriptions,0x3809E6,0x136394,0x384065,0x134620,１回だけ耐久力ダウンを防ぐ,Ｂｌｏｃｋｓ　１　Ｄｕｒａｂ　Ｌｏｓｓ,False,3,0,True,True,"Known uint16 bank-local table; target decoded using CP932+MTE, including repointed targets"
item_names_descriptions,0x3809E8,0x382359,0x382359,,,,False,0,0,False,True,"Known uint16 bank-local table; target decoded using CP932+MTE, including repointed targets"
item_names_descriptions,0x3809EA,0x1363B6,0x384081,0x134622,鬼の苦手な聖なる豆,Ｓａｃｒｅｄ　Ｂｅａｎｓ　ｖｓ　Ｏｎｉ,False,4,0,True,True,"Known uint16 bank-local table; target decoded using CP932+MTE, including repointed targets"
item_names_descriptions,0x3809EC,0x382359,0x382359,,,,False,0,0,False,True,"Known uint16 bank-local table; target decoded using CP932+MTE, including repointed targets"
item_names_descriptions,0x3809EE,0x382359,0x382359,,,,False,0,0,False,True,"Known uint16 bank-local table; target decoded using CP932+MTE, including repointed targets"
item_names_descriptions,0x3809F0,0x382359,0x382359,,,,False,0,0,False,True,"Known uint16 bank-local table; target decoded using CP932+MTE, including repointed targets"
item_names_descriptions,0x3809F2,0x382359,0x382359,,,,False,0,0,False,True,"Known uint16 bank-local table; target decoded using CP932+MTE, including repointed targets"
item_names_descriptions,0x3809F4,0x382359,0x382359,,,,False,0,0,False,True,"Known uint16 bank-local table; target decoded using CP932+MTE, including repointed targets"
item_names_descriptions,0x3809F6,0x382359,0x382359,,,,False,0,0,False,True,"Known uint16 bank-local table; target decoded using CP932+MTE, including repointed targets"
item_names_descriptions,0x3809F8,0x1363D4,0x384095,0x134624,開発用セーブのタイコだ！,Ｄｅｖ　Ｓａｖｅ　Ｔａｉｋｏ！,False,1,0,True,True,"Known uint16 bank-local table; target decoded using CP932+MTE, including repointed targets"
item_names_descriptions,0x3809FA,0x382359,0x382359,,,,False,0,0,False,True,"Known uint16 bank-local table; target decoded using CP932+MTE, including repointed targets"
item_names_descriptions,0x3809FC,0x382359,0x382359,,,,False,0,0,False,True,"Known uint16 bank-local table; target decoded using CP932+MTE, including repointed targets"
item_names_descriptions,0x3809FE,0x382359,0x382359,,,,False,0,0,False,True,"Known uint16 bank-local table; target decoded using CP932+MTE, including repointed targets"
item_names_descriptions,0x380A00,0x382359,0x382359,,,,False,0,0,False,True,"Known uint16 bank-local table; target decoded using CP932+MTE, including repointed targets"
item_names_descriptions,0x380A02,0x382359,0x382359,,,,False,0,0,False,True,"Known uint16 bank-local table; target decoded using CP932+MTE, including repointed targets"
item_names_descriptions,0x380A04,0x382359,0x382359,,,,False,0,0,False,True,"Known uint16 bank-local table; target decoded using CP932+MTE, including repointed targets"
item_names_descriptions,0x380A06,0x382359,0x382359,,,,False,0,0,False,True,"Known uint16 bank-local table; target decoded using CP932+MTE, including repointed targets"
item_names_descriptions,0x380A08,0x382359,0x382359,,,,False,0,0,False,True,"Known uint16 bank-local table; target decoded using CP932+MTE, including repointed targets"
item_names_descriptions,0x380A0A,0x1363F0,0x3840AF,0x134626,◆表示されることはない,◆Ｎｅｖｅｒ　Ｄｉｓｐｌａｙｅｄ,False,4,0,True,True,"Known uint16 bank-local table; target decoded using CP932+MTE, including repointed targets"
item_names_descriptions,0x380A0C,0x1363F0,0x3840AF,0x134626,◆表示されることはない,◆Ｎｅｖｅｒ　Ｄｉｓｐｌａｙｅｄ,False,4,0,True,True,"Known uint16 bank-local table; target decoded using CP932+MTE, including repointed targets"
item_names_descriptions,0x380A0E,0x1363F0,0x3840AF,0x134626,◆表示されることはない,◆Ｎｅｖｅｒ　Ｄｉｓｐｌａｙｅｄ,False,4,0,True,True,"Known uint16 bank-local table; target decoded using CP932+MTE, including repointed targets"
item_names_descriptions,0x380A10,0x1363F0,0x3840AF,0x134626,◆表示されることはない,◆Ｎｅｖｅｒ　Ｄｉｓｐｌａｙｅｄ,False,4,0,True,True,"Known uint16 bank-local table; target decoded using CP932+MTE, including repointed targets"
item_names_descriptions,0x380A12,0x1363F0,0x3840AF,0x134626,◆表示されることはない,◆Ｎｅｖｅｒ　Ｄｉｓｐｌａｙｅｄ,False,4,0,True,True,"Known uint16 bank-local table; target decoded using CP932+MTE, including repointed targets"
item_names_descriptions,0x380A14,0x382359,0x382359,,,,False,0,0,False,True,"Known uint16 bank-local table; target decoded using CP932+MTE, including repointed targets"
item_names_descriptions,0x380A16,0x1363F0,0x3840AF,0x134626,◆表示されることはない,◆Ｎｅｖｅｒ　Ｄｉｓｐｌａｙｅｄ,False,4,0,True,True,"Known uint16 bank-local table; target decoded using CP932+MTE, including repointed targets"
item_names_descriptions,0x380A18,0x1363F0,0x3840AF,0x134626,◆表示されることはない,◆Ｎｅｖｅｒ　Ｄｉｓｐｌａｙｅｄ,False,4,0,True,True,"Known uint16 bank-local table; target decoded using CP932+MTE, including repointed targets"
item_names_descriptions,0x380A1A,0x1363F0,0x3840AF,0x134626,◆表示されることはない,◆Ｎｅｖｅｒ　Ｄｉｓｐｌａｙｅｄ,False,4,0,True,True,"Known uint16 bank-local table; target decoded using CP932+MTE, including repointed targets"
item_names_descriptions,0x380A1C,0x1363F0,0x3840AF,0x134626,◆表示されることはない,◆Ｎｅｖｅｒ　Ｄｉｓｐｌａｙｅｄ,False,4,0,True,True,"Known uint16 bank-local table; target decoded using CP932+MTE, including repointed targets"
item_names_descriptions,0x380A1E,0x1363F0,0x3840AF,0x134626,◆表示されることはない,◆Ｎｅｖｅｒ　Ｄｉｓｐｌａｙｅｄ,False,4,0,True,True,"Known uint16 bank-local table; target decoded using CP932+MTE, including repointed targets"
item_names_descriptions,0x380A20,0x1363F0,0x3840AF,0x134626,◆表示されることはない,◆Ｎｅｖｅｒ　Ｄｉｓｐｌａｙｅｄ,False,4,0,True,True,"Known uint16 bank-local table; target decoded using CP932+MTE, including repointed targets"
item_names_descriptions,0x380A22,0x1363F0,0x3840AF,0x134626,◆表示されることはない,◆Ｎｅｖｅｒ　Ｄｉｓｐｌａｙｅｄ,False,4,0,True,True,"Known uint16 bank-local table; target decoded using CP932+MTE, including repointed targets"
item_names_descriptions,0x380A24,0x1363F0,0x3840AF,0x134626,◆表示されることはない,◆Ｎｅｖｅｒ　Ｄｉｓｐｌａｙｅｄ,False,4,0,True,True,"Known uint16 bank-local table; target decoded using CP932+MTE, including repointed targets"
item_names_descriptions,0x380A26,0x1363F0,0x3840AF,0x134626,◆表示されることはない,◆Ｎｅｖｅｒ　Ｄｉｓｐｌａｙｅｄ,False,4,0,True,True,"Known uint16 bank-local table; target decoded using CP932+MTE, including repointed targets"
item_names_descriptions,0x380A28,0x1363F0,0x3840AF,0x134626,◆表示されることはない,◆Ｎｅｖｅｒ　Ｄｉｓｐｌａｙｅｄ,False,4,0,True,True,"Known uint16 bank-local table; target decoded using CP932+MTE, including repointed targets"
item_names_descriptions,0x380A2A,0x136408,0x3840C7,0x134628,矢を５本分補充する,Ａｄｄｓ　５　Ａｒｒｏｗｓ,False,2,0,True,True,"Known uint16 bank-local table; target decoded using CP932+MTE, including repointed targets"
item_names_descriptions,0x380A2C,0x382359,0x382359,,,,False,0,0,False,True,"Known uint16 bank-local table; target decoded using CP932+MTE, including repointed targets"
item_names_descriptions,0x380A2E,0x1363F0,0x3840AF,0x134626,◆表示されることはない,◆Ｎｅｖｅｒ　Ｄｉｓｐｌａｙｅｄ,False,4,0,True,True,"Known uint16 bank-local table; target decoded using CP932+MTE, including repointed targets"
item_names_descriptions,0x380A30,0x1363F0,0x3840AF,0x134626,◆表示されることはない,◆Ｎｅｖｅｒ　Ｄｉｓｐｌａｙｅｄ,False,4,0,True,True,"Known uint16 bank-local table; target decoded using CP932+MTE, including repointed targets"
item_names_descriptions,0x380A32,0x1363F0,0x3840AF,0x134626,◆表示されることはない,◆Ｎｅｖｅｒ　Ｄｉｓｐｌａｙｅｄ,False,4,0,True,True,"Known uint16 bank-local table; target decoded using CP932+MTE, including repointed targets"
item_names_descriptions,0x380A34,0x1363F0,0x3840AF,0x134626,◆表示されることはない,◆Ｎｅｖｅｒ　Ｄｉｓｐｌａｙｅｄ,False,4,0,True,True,"Known uint16 bank-local table; target decoded using CP932+MTE, including repointed targets"
item_names_descriptions,0x380A36,0x1363F0,0x3840AF,0x134626,◆表示されることはない,◆Ｎｅｖｅｒ　Ｄｉｓｐｌａｙｅｄ,False,4,0,True,True,"Known uint16 bank-local table; target decoded using CP932+MTE, including repointed targets"
item_names_descriptions,0x380A38,0x382359,0x382359,,,,False,0,0,False,True,"Known uint16 bank-local table; target decoded using CP932+MTE, including repointed targets"
item_names_descriptions,0x380A3A,0x382359,0x382359,,,,False,0,0,False,True,"Known uint16 bank-local table; target decoded using CP932+MTE, including repointed targets"
item_names_descriptions,0x380A3C,0x382359,0x382359,,,,False,0,0,False,True,"Known uint16 bank-local table; target decoded using CP932+MTE, including repointed targets"
item_names_descriptions,0x380A3E,0x382359,0x382359,,,,False,0,0,False,True,"Known uint16 bank-local table; target decoded using CP932+MTE, including repointed targets"
item_names_descriptions,0x380A40,0x382359,0x382359,,,,False,0,0,False,True,"Known uint16 bank-local table; target decoded using CP932+MTE, including repointed targets"
item_names_descriptions,0x380A42,0x382359,0x382359,,,,False,0,0,False,True,"Known uint16 bank-local table; target decoded using CP932+MTE, including repointed targets"
item_names_descriptions,0x380A44,0x382359,0x382359,,,,False,0,0,False,True,"Known uint16 bank-local table; target decoded using CP932+MTE, including repointed targets"
item_names_descriptions,0x380A46,0x382359,0x382359,,,,False,0,0,False,True,"Known uint16 bank-local table; target decoded using CP932+MTE, including repointed targets"
item_names_descriptions,0x380A48,0x382359,0x382359,,,,False,0,0,False,True,"Known uint16 bank-local table; target decoded using CP932+MTE, including repointed targets"
item_names_descriptions,0x380A4A,0x382359,0x382359,,,,False,0,0,False,True,"Known uint16 bank-local table; target decoded using CP932+MTE, including repointed targets"
item_names_descriptions,0x380A4C,0x136420,0x3840DB,0x13462A,聖なる戦い,Ｈｏｌｙ　Ｂａｔｔｌｅ,False,3,0,True,True,"Known uint16 bank-local table; target decoded using CP932+MTE, including repointed targets"
item_names_descriptions,0x380A4E,0x136432,0x3840E7,0x13462C,いんであん★すたあ,Ｉｎｄｅａｎ★Ｓｔａｒ,False,3,0,True,True,"Known uint16 bank-local table; target decoded using CP932+MTE, including repointed targets"
item_names_descriptions,0x380A50,0x136444,0x3840FB,0x13462E,メニューＢＧＭ,Ｍｅｎｕ　ＢＧＭ,False,1,0,True,True,"Known uint16 bank-local table; target decoded using CP932+MTE, including repointed targets"
item_names_descriptions,0x380A52,0x136454,0x38410B,0x134630,いんであん村のテーマ,Ｉｎｄｅ　Ｖｉｌｌａｇｅ　Ｔｈｅｍｅ,False,5,0,True,True,"Known uint16 bank-local table; target decoded using CP932+MTE, including repointed targets"
item_names_descriptions,0x380A54,0x13646A,0x384121,0x134632,アルケミアのテーマ,Ａｌｃｈｅｍｉａ　Ｔｈｅｍｅ,False,2,0,True,True,"Known uint16 bank-local table; target decoded using CP932+MTE, including repointed targets"
item_names_descriptions,0x380A56,0x136476,0x384135,0x134634,オーガランドのテーマ,Ｏｇｒｅｌａｎｄ　Ｔｈｅｍｅ,False,3,0,True,True,"Known uint16 bank-local table; target decoded using CP932+MTE, including repointed targets"
item_names_descriptions,0x380A58,0x13648A,0x38414B,0x134636,ペルジプトのテーマ,Ｐｅｌｇｙｐｔ　Ｔｈｅｍｅ,False,2,0,True,True,"Known uint16 bank-local table; target decoded using CP932+MTE, including repointed targets"
item_names_descriptions,0x380A5A,0x136496,0x38415F,0x134638,ハイランドのテーマ,Ｈｉｇｈｌａｎｄ　Ｔｈｅｍｅ,False,3,0,True,True,"Known uint16 bank-local table; target decoded using CP932+MTE, including repointed targets"
item_names_descriptions,0x380A5C,0x1364AA,0x384173,0x13463A,ノルディアのテーマ,Ｎｏｒｄｉａ　Ｔｈｅｍｅ,False,2,0,True,True,"Known uint16 bank-local table; target decoded using CP932+MTE, including repointed targets"
item_names_descriptions,0x380A5E,0x1364BE,0x384187,0x13463C,ウェスタリアのテーマ,Ｗｅｓｔａｌｉａ　Ｔｈｅｍｅ,False,4,0,True,True,"Known uint16 bank-local table; target decoded using CP932+MTE, including repointed targets"
item_names_descriptions,0x380A60,0x1364D2,0x38419D,0x13463E,クノシスのテーマ,Ｋｎｏｓｉｓ　Ｔｈｅｍｅ,False,3,0,True,True,"Known uint16 bank-local table; target decoded using CP932+MTE, including repointed targets"
item_names_descriptions,0x380A62,0x1364E4,0x3841AF,0x134640,クダイのテーマ,Ｋｕｄａｉ　Ｔｈｅｍｅ,False,1,0,True,True,"Known uint16 bank-local table; target decoded using CP932+MTE, including repointed targets"
item_names_descriptions,0x380A64,0x1364F8,0x3841BF,0x134642,フダイのテーマ,Ｆｕｄａｉ　Ｔｈｅｍｅ,False,1,0,True,True,"Known uint16 bank-local table; target decoded using CP932+MTE, including repointed targets"
item_names_descriptions,0x380A66,0x13650C,0x3841CF,0x134644,ヤパンのテーマ,Ｙａｐａｎ　Ｔｈｅｍｅ,False,3,0,True,True,"Known uint16 bank-local table; target decoded using CP932+MTE, including repointed targets"
item_names_descriptions,0x380A68,0x13651C,0x3841DF,0x134646,ビッグブランクのテーマ,Ｂｉｇ　Ｂｌａｎｋ　Ｔｈｅｍｅ,False,3,0,True,True,"Known uint16 bank-local table; target decoded using CP932+MTE, including repointed targets"
item_names_descriptions,0x380A6A,0x136534,0x3841F7,0x134648,バザーのテーマ,Ｂａｚａａｒ　Ｔｈｅｍｅ,False,2,0,True,True,"Known uint16 bank-local table; target decoded using CP932+MTE, including repointed targets"
item_names_descriptions,0x380A6C,0x136548,0x384207,0x13464A,ゲートバザーのテーマ,Ｇａｔｅ　Ｂａｚａａｒ　Ｔｈｅｍｅ,False,4,0,True,True,"Known uint16 bank-local table; target decoded using CP932+MTE, including repointed targets"
item_names_descriptions,0x380A6E,0x136562,0x38421D,0x13464C,大自然のテーマ,Ｎａｔｕｒｅ　Ｔｈｅｍｅ,False,4,0,True,True,"Known uint16 bank-local table; target decoded using CP932+MTE, including repointed targets"
item_names_descriptions,0x380A70,0x136572,0x38422D,0x13464E,愛のテーマ,Ｌｏｖｅ　Ｔｈｅｍｅ,False,2,0,True,True,"Known uint16 bank-local table; target decoded using CP932+MTE, including repointed targets"
item_names_descriptions,0x380A72,0x136582,0x384239,0x134650,街・村のテーマ,Ｔｏｗｎ／Ｖｉｌｌａｇｅ　Ｔｈｅｍｅ,False,4,0,True,True,"Known uint16 bank-local table; target decoded using CP932+MTE, including repointed targets"
item_names_descriptions,0x380A74,0x13659A,0x384249,0x134652,呪われた街,Ｃｕｒｓｅｄ　Ｔｏｗｎ,False,3,0,True,True,"Known uint16 bank-local table; target decoded using CP932+MTE, including repointed targets"
item_names_descriptions,0x380A76,0x1365AA,0x384255,0x134654,城のテーマ１,Ｃａｓｔｌｅ　Ｔｈｅｍｅ　１,False,4,0,True,True,"Known uint16 bank-local table; target decoded using CP932+MTE, including repointed targets"
item_names_descriptions,0x380A78,0x1365BC,0x384263,0x134656,城のテーマ２,Ｃａｓｔｌｅ　Ｔｈｅｍｅ　２,False,4,0,True,True,"Known uint16 bank-local table; target decoded using CP932+MTE, including repointed targets"
item_names_descriptions,0x380A7A,0x1365CE,0x384271,0x134658,最後の戦い,Ｆｉｎａｌ　Ｂａｔｔｌｅ,False,4,0,True,True,"Known uint16 bank-local table; target decoded using CP932+MTE, including repointed targets"
item_names_descriptions,0x380A7C,0x1365E0,0x38427D,0x13465A,洞窟のテーマ１,Ｃａｖｅ　Ｔｈｅｍｅ　１,False,3,0,True,True,"Known uint16 bank-local table; target decoded using CP932+MTE, including repointed targets"
item_names_descriptions,0x380A7E,0x1365F0,0x38428D,0x13465C,洞窟のテーマ２,Ｃａｖｅ　Ｔｈｅｍｅ　２,False,3,0,True,True,"Known uint16 bank-local table; target decoded using CP932+MTE, including repointed targets"
item_names_descriptions,0x380A80,0x136600,0x38429D,0x13465E,洞窟のテーマ３,Ｃａｖｅ　Ｔｈｅｍｅ　３,False,3,0,True,True,"Known uint16 bank-local table; target decoded using CP932+MTE, including repointed targets"
item_names_descriptions,0x380A82,0x136610,0x3842AD,0x134660,塔のテーマ,Ｔｏｗｅｒ　Ｔｈｅｍｅ,False,3,0,True,True,"Known uint16 bank-local table; target decoded using CP932+MTE, including repointed targets"
item_names_descriptions,0x380A84,0x13661E,0x3842B9,0x134662,ほこらのテーマ,Ｓｈｒｉｎｅ　Ｔｈｅｍｅ,False,3,0,True,True,"Known uint16 bank-local table; target decoded using CP932+MTE, including repointed targets"
item_names_descriptions,0x380A86,0x136630,0x3842C9,0x134664,試練の洞窟,Ｔｒｉａｌ　Ｃａｖｅ,False,3,0,True,True,"Known uint16 bank-local table; target decoded using CP932+MTE, including repointed targets"
item_names_descriptions,0x380A88,0x13663E,0x3842D5,0x134666,ペット対戦,Ｐｅｔ　Ｂａｔｔｌｅ,False,3,0,True,True,"Known uint16 bank-local table; target decoded using CP932+MTE, including repointed targets"
item_names_descriptions,0x380A8A,0x13664E,0x3842E1,0x134668,聖なるテーマ,Ｈｏｌｙ　Ｔｈｅｍｅ,False,2,0,True,True,"Known uint16 bank-local table; target decoded using CP932+MTE, including repointed targets"
item_names_descriptions,0x380A8C,0x13665E,0x3842EF,0x13466A,ボスとの戦い,Ｂｏｓｓ　Ｂａｔｔｌｅ,False,3,0,True,True,"Known uint16 bank-local table; target decoded using CP932+MTE, including repointed targets"
item_names_descriptions,0x380A8E,0x136670,0x3842FD,0x13466C,悪魔との戦い,Ｄｅｍｏｎ　Ｂａｔｔｌｅ,False,4,0,True,True,"Known uint16 bank-local table; target decoded using CP932+MTE, including repointed targets"
item_names_descriptions,0x380A90,0x136682,0x38430B,0x13466E,特別な話,Ｓｐｅｃｉａｌ　Ｓｔｏｒｙ,False,3,0,True,True,"Known uint16 bank-local table; target decoded using CP932+MTE, including repointed targets"
item_names_descriptions,0x380A92,0x136698,0x384315,0x134670,邪王？？？？,Ｅｖｉｌ　Ｋｉｎｇ　？？？？,False,2,0,True,True,"Known uint16 bank-local table; target decoded using CP932+MTE, including repointed targets"
item_names_descriptions,0x380A94,0x1366B0,0x384323,0x134672,平和な世界,Ｐｅａｃｅｆｕｌ　Ｗｏｒｌｄ,False,4,0,True,True,"Known uint16 bank-local table; target decoded using CP932+MTE, including repointed targets"
item_names_descriptions,0x380A96,0x1366C4,0x38432F,0x134674,エンディング,Ｅｎｄｉｎｇ,False,2,0,True,True,"Known uint16 bank-local table; target decoded using CP932+MTE, including repointed targets"
item_names_descriptions,0x380A98,0x1366CC,0x38433D,0x134676,スタッフロール,Ｓｔａｆｆ　Ｒｏｌｌ,False,1,0,True,True,"Known uint16 bank-local table; target decoded using CP932+MTE, including repointed targets"
item_names_descriptions,0x380A9A,0x382359,0x382359,,,,False,0,0,False,True,"Known uint16 bank-local table; target decoded using CP932+MTE, including repointed targets"
item_names_descriptions,0x380A9C,0x382359,0x382359,,,,False,0,0,False,True,"Known uint16 bank-local table; target decoded using CP932+MTE, including repointed targets"
item_names_descriptions,0x380A9E,0x382359,0x382359,,,,False,0,0,False,True,"Known uint16 bank-local table; target decoded using CP932+MTE, including repointed targets"
item_names_descriptions,0x380AA0,0x382359,0x382359,,,,False,0,0,False,True,"Known uint16 bank-local table; target decoded using CP932+MTE, including repointed targets"
item_names_descriptions,0x380AA2,0x382359,0x382359,,,,False,0,0,False,True,"Known uint16 bank-local table; target decoded using CP932+MTE, including repointed targets"
item_names_descriptions,0x380AA4,0x382359,0x382359,,,,False,0,0,False,True,"Known uint16 bank-local table; target decoded using CP932+MTE, including repointed targets"
item_names_descriptions,0x380AA6,0x382359,0x382359,,,,False,0,0,False,True,"Known uint16 bank-local table; target decoded using CP932+MTE, including repointed targets"
item_names_descriptions,0x380AA8,0x38FAEC,0x3826B0,,,？？？？,False,0,0,True,True,"Known uint16 bank-local table; target decoded using CP932+MTE, including repointed targets"
item_names_descriptions,0x380AAA,0x1366E0,0x38434D,0x134678,冒険の始まり,Ａｄｖｅｎｔｕｒｅ　Ｂｅｇｉｎｓ,False,4,0,True,True,"Known uint16 bank-local table; target decoded using CP932+MTE, including repointed targets"
item_names_descriptions,0x380AAC,0x1366F8,0x38435B,0x13467A,ゲームイズオーバー,Ｇａｍｅ　Ｉｓ　Ｏｖｅｒ,False,4,0,True,True,"Known uint16 bank-local table; target decoded using CP932+MTE, including repointed targets"
item_names_descriptions,0x380AAE,0x136708,0x38436F,0x13467C,イベント発生,Ｅｖｅｎｔ　Ｔｒｉｇｇｅｒｅｄ,False,5,0,True,True,"Known uint16 bank-local table; target decoded using CP932+MTE, including repointed targets"
item_names_descriptions,0x380AB0,0x13671A,0x38437D,0x13467E,ステータスレベルアップ,Ｓｔａｔｕｓ　Ｌｅｖｅｌ　Ｕｐ,False,3,0,True,True,"Known uint16 bank-local table; target decoded using CP932+MTE, including repointed targets"
item_names_descriptions,0x380AB2,0x136734,0x384395,0x134680,アイテムゲット１,Ｉｔｅｍ　Ｇｅｔ　１,False,3,0,True,True,"Known uint16 bank-local table; target decoded using CP932+MTE, including repointed targets"
item_names_descriptions,0x380AB4,0x136744,0x3843A7,0x134682,アイテムゲット２,Ｉｔｅｍ　Ｇｅｔ　２,False,3,0,True,True,"Known uint16 bank-local table; target decoded using CP932+MTE, including repointed targets"
item_names_descriptions,0x380AB6,0x136754,0x3843B9,0x134684,魔法ゲット,Ｍａｇｉｃ　Ｇｅｔ,False,2,0,True,True,"Known uint16 bank-local table; target decoded using CP932+MTE, including repointed targets"
item_names_descriptions,0x380AB8,0x136764,0x3843C5,0x134686,動物パワーゲット,Ａｎｉｍａｌ　Ｐｏｗｅｒ　Ｇｅｔ,False,5,0,True,True,"Known uint16 bank-local table; target decoded using CP932+MTE, including repointed targets"
item_names_descriptions,0x380ABA,0x13677A,0x3843D7,0x134688,ボス登場,Ｂｏｓｓ　Ａｐｐｅａｒｓ,False,3,0,True,True,"Known uint16 bank-local table; target decoded using CP932+MTE, including repointed targets"
item_names_descriptions,0x380ABC,0x13678E,0x3843E1,0x13468A,ボス消滅,Ｂｏｓｓ　Ｖａｎｉｓｈｅｓ,False,4,0,True,True,"Known uint16 bank-local table; target decoded using CP932+MTE, including repointed targets"
item_names_descriptions,0x380ABE,0x1367A2,0x3843EB,0x13468C,？？？？？の最後,Ｅｎｄ　ｏｆ　？？？？？,False,2,0,True,True,"Known uint16 bank-local table; target decoded using CP932+MTE, including repointed targets"
item_names_descriptions,0x380AC0,0x1367B4,0x3843FD,0x13468E,妖精出現,Ｆａｉｒｙ　Ａｐｐｅａｒｓ,False,4,0,True,True,"Known uint16 bank-local table; target decoded using CP932+MTE, including repointed targets"
item_names_descriptions,0x380AC2,0x1367C8,0x384407,0x134690,神様出現,Ｇｏｄ　Ａｐｐｅａｒｓ,False,2,0,True,True,"Known uint16 bank-local table; target decoded using CP932+MTE, including repointed targets"
item_names_descriptions,0x380AC4,0x1367DC,0x384411,0x134692,いんであん村のジングル,Ｉｎｄｅ　Ｖｉｌｌａｇｅ　Ｊｉｎｇｌｅ,False,6,0,True,True,"Known uint16 bank-local table; target decoded using CP932+MTE, including repointed targets"
item_names_descriptions,0x380AC6,0x1367F2,0x384429,0x134694,アルケミアのジングル,Ａｌｃｈｅｍｉａ　Ｊｉｎｇｌｅ,False,3,0,True,True,"Known uint16 bank-local table; target decoded using CP932+MTE, including repointed targets"
item_names_descriptions,0x380AC8,0x1367FE,0x38443F,0x134696,オーガランドのジングル,Ｏｇｒｅｌａｎｄ　Ｊｉｎｇｌｅ,False,4,0,True,True,"Known uint16 bank-local table; target decoded using CP932+MTE, including repointed targets"
item_names_descriptions,0x380ACA,0x136812,0x384457,0x134698,ペルジプトのジングル,Ｐｅｌｇｙｐｔ　Ｊｉｎｇｌｅ,False,3,0,True,True,"Known uint16 bank-local table; target decoded using CP932+MTE, including repointed targets"
item_names_descriptions,0x380ACC,0x13681E,0x38446D,0x13469A,ハイランドのジングル,Ｈｉｇｈｌａｎｄ　Ｊｉｎｇｌｅ,False,4,0,True,True,"Known uint16 bank-local table; target decoded using CP932+MTE, including repointed targets"
item_names_descriptions,0x380ACE,0x136832,0x384483,0x13469C,ノルディアのジングル,Ｎｏｒｄｉａ　Ｊｉｎｇｌｅ,False,3,0,True,True,"Known uint16 bank-local table; target decoded using CP932+MTE, including repointed targets"
item_names_descriptions,0x380AD0,0x136846,0x384499,0x13469E,ウェスタリアのジングル,Ｗｅｓｔａｌｉａ　Ｊｉｎｇｌｅ,False,5,0,True,True,"Known uint16 bank-local table; target decoded using CP932+MTE, including repointed targets"
item_names_descriptions,0x380AD2,0x13685A,0x3844B1,0x1346A0,クノシスのジングル,Ｋｎｏｓｉｓ　Ｊｉｎｇｌｅ,False,4,0,True,True,"Known uint16 bank-local table; target decoded using CP932+MTE, including repointed targets"
item_names_descriptions,0x380AD4,0x13686C,0x3844C5,0x1346A2,クダイ・フダイのジングル,Ｋｕｄａｉ／Ｆｕｄａｉ　Ｊｉｎｇｌｅ,False,2,0,True,True,"Known uint16 bank-local table; target decoded using CP932+MTE, including repointed targets"
item_names_descriptions,0x380AD6,0x13688C,0x3844DF,0x1346A4,ヤパンのジングル,Ｙａｐａｎ　Ｊｉｎｇｌｅ,False,4,0,True,True,"Known uint16 bank-local table; target decoded using CP932+MTE, including repointed targets"
item_names_descriptions,0x380AD8,0x13689C,0x3844F1,0x1346A6,ビッグブランクのジングル,Ｂｉｇ　Ｂｌａｎｋ　Ｊｉｎｇｌｅ,False,4,0,True,True,"Known uint16 bank-local table; target decoded using CP932+MTE, including repointed targets"
item_names_descriptions,0x380ADA,0x382359,0x382359,,,,False,0,0,False,True,"Known uint16 bank-local table; target decoded using CP932+MTE, including repointed targets"
item_names_descriptions,0x380ADC,0x382359,0x382359,,,,False,0,0,False,True,"Known uint16 bank-local table; target decoded using CP932+MTE, including repointed targets"
item_names_descriptions,0x380ADE,0x382359,0x382359,,,,False,0,0,False,True,"Known uint16 bank-local table; target decoded using CP932+MTE, including repointed targets"
item_names_descriptions,0x380AE0,0x382359,0x382359,,,,False,0,0,False,True,"Known uint16 bank-local table; target decoded using CP932+MTE, including repointed targets"
item_names_descriptions,0x380AE2,0x382359,0x382359,,,,False,0,0,False,True,"Known uint16 bank-local table; target decoded using CP932+MTE, including repointed targets"
item_names_descriptions,0x380AE4,0x382359,0x382359,,,,False,0,0,False,True,"Known uint16 bank-local table; target decoded using CP932+MTE, including repointed targets"
item_names_descriptions,0x380AE6,0x382359,0x382359,,,,False,0,0,False,True,"Known uint16 bank-local table; target decoded using CP932+MTE, including repointed targets"
item_names_descriptions,0x380AE8,0x382359,0x382359,,,,False,0,0,False,True,"Known uint16 bank-local table; target decoded using CP932+MTE, including repointed targets"
item_names_descriptions,0x380AEA,0x1368B4,0x38450B,0x1346A8,斧を投げて攻撃する,Ｔｈｒｏｗｓ　Ａｘｅ,False,2,0,True,True,"Known uint16 bank-local table; target decoded using CP932+MTE, including repointed targets"
item_names_descriptions,0x380AEC,0x1368C6,0x38451F,0x1346AA,剣を投げて攻撃する,Ｔｈｒｏｗｓ　Ｓｗｏｒｄ　ｔｏ　Ｈｉｔ,False,5,0,True,True,"Known uint16 bank-local table; target decoded using CP932+MTE, including repointed targets"
item_names_descriptions,0x380AEE,0x1368E2,0x384533,0x1346AC,槍を投げて攻撃する,Ｔｈｒｏｗｓ　Ｓｐｅａｒ　ｔｏ　Ｈｉｔ,False,6,0,True,True,"Known uint16 bank-local table; target decoded using CP932+MTE, including repointed targets"
item_names_descriptions,0x380AF0,0x382359,0x382359,,,,False,0,0,False,True,"Known uint16 bank-local table; target decoded using CP932+MTE, including repointed targets"
item_names_descriptions,0x380AF2,0x1368FC,0x384547,0x1346AE,１回転して攻撃する,Ｓｐｉｎ　Ａｔｔａｃｋ,False,2,0,True,True,"Known uint16 bank-local table; target decoded using CP932+MTE, including repointed targets"
item_names_descriptions,0x380AF4,0x1368FC,0x384547,0x1346AE,１回転して攻撃する,Ｓｐｉｎ　Ａｔｔａｃｋ,False,2,0,True,True,"Known uint16 bank-local table; target decoded using CP932+MTE, including repointed targets"
item_names_descriptions,0x380AF6,0x13690E,0x38455B,0x1346B0,一撃で９９９ダメージを与える,Ｄｅａｌｓ　９９９　Ｄａｍａｇｅ,False,4,0,True,True,"Known uint16 bank-local table; target decoded using CP932+MTE, including repointed targets"
item_names_descriptions,0x380AF8,0x136926,0x384579,0x1346B2,ボツ,Ｕｎｕｓｅｄ,False,2,0,True,True,"Known uint16 bank-local table; target decoded using CP932+MTE, including repointed targets"
item_names_descriptions,0x380AFA,0x136930,0x38457F,0x1346B4,槍を出して火の玉を飛ばす,Ｓｐｅａｒ　Ｆｉｒｅｓ　Ｆｌａｍｅ,False,5,0,True,True,"Known uint16 bank-local table; target decoded using CP932+MTE, including repointed targets"
item_names_descriptions,0x380AFC,0x13694A,0x384599,0x1346B6,溶岩を飛ばして攻撃する,Ｌａｖａ　Ｓｈｏｔ　Ａｔｔａｃｋ,False,3,0,True,True,"Known uint16 bank-local table; target decoded using CP932+MTE, including repointed targets"
item_names_descriptions,0x380AFE,0x136964,0x3845B1,0x1346B8,剣を振って火の玉を飛ばす,Ｓｗｏｒｄ　Ｆｉｒｅｓ　Ｆｌａｍｅ,False,4,0,True,True,"Known uint16 bank-local table; target decoded using CP932+MTE, including repointed targets"
item_names_descriptions,0x380B00,0x136980,0x3845CB,0x1346BA,剣を振って火の竜を飛ばす,Ｆｉｒｅｓ　ａ　Ｆｉｒｅ　Ｗｙｒｍ,False,5,0,True,True,"Known uint16 bank-local table; target decoded using CP932+MTE, including repointed targets"
item_names_descriptions,0x380B02,0x136926,0x384579,0x1346B2,ボツ,Ｕｎｕｓｅｄ,False,2,0,True,True,"Known uint16 bank-local table; target decoded using CP932+MTE, including repointed targets"
item_names_descriptions,0x380B04,0x136926,0x384579,0x1346B2,ボツ,Ｕｎｕｓｅｄ,False,2,0,True,True,"Known uint16 bank-local table; target decoded using CP932+MTE, including repointed targets"
item_names_descriptions,0x380B06,0x136998,0x3845E5,0x1346BC,剣を振って水の竜を飛ばす,Ｆｉｒｅｓ　ａ　Ｗａｔｅｒ　Ｗｙｒｍ,False,5,0,True,True,"Known uint16 bank-local table; target decoded using CP932+MTE, including repointed targets"
item_names_descriptions,0x380B08,0x1369B0,0x3845FF,0x1346BE,斧を振ってスプラッシュ攻撃する,Ａｘｅ　Ｓｐｌａｓｈ　Ａｔｔａｃｋ,False,3,0,True,True,"Known uint16 bank-local table; target decoded using CP932+MTE, including repointed targets"
item_names_descriptions,0x380B0A,0x1369CC,0x38461F,0x1346C0,攻撃が当たると敵が凍る,Ｈｉｔｓ　Ｍａｙ　Ｆｒｅｅｚｅ　Ｆｏｅ,False,5,0,True,True,"Known uint16 bank-local table; target decoded using CP932+MTE, including repointed targets"
item_names_descriptions,0x380B0C,0x136926,0x384579,0x1346B2,ボツ,Ｕｎｕｓｅｄ,False,2,0,True,True,"Known uint16 bank-local table; target decoded using CP932+MTE, including repointed targets"
item_names_descriptions,0x380B0E,0x136926,0x384579,0x1346B2,ボツ,Ｕｎｕｓｅｄ,False,2,0,True,True,"Known uint16 bank-local table; target decoded using CP932+MTE, including repointed targets"
item_names_descriptions,0x380B10,0x136926,0x384579,0x1346B2,ボツ,Ｕｎｕｓｅｄ,False,2,0,True,True,"Known uint16 bank-local table; target decoded using CP932+MTE, including repointed targets"
item_names_descriptions,0x380B12,0x136926,0x384579,0x1346B2,ボツ,Ｕｎｕｓｅｄ,False,2,0,True,True,"Known uint16 bank-local table; target decoded using CP932+MTE, including repointed targets"
item_names_descriptions,0x380B14,0x136926,0x384579,0x1346B2,ボツ,Ｕｎｕｓｅｄ,False,2,0,True,True,"Known uint16 bank-local table; target decoded using CP932+MTE, including repointed targets"
item_names_descriptions,0x380B16,0x1369EA,0x384637,0x1346C2,雷攻撃をする,Ｔｈｕｎｄｅｒ　Ａｔｔａｃｋ,False,3,0,True,True,"Known uint16 bank-local table; target decoded using CP932+MTE, including repointed targets"
item_names_descriptions,0x380B18,0x136926,0x384579,0x1346B2,ボツ,Ｕｎｕｓｅｄ,False,2,0,True,True,"Known uint16 bank-local table; target decoded using CP932+MTE, including repointed targets"
item_names_descriptions,0x380B1A,0x136926,0x384579,0x1346B2,ボツ,Ｕｎｕｓｅｄ,False,2,0,True,True,"Known uint16 bank-local table; target decoded using CP932+MTE, including repointed targets"
item_names_descriptions,0x380B1C,0x136926,0x384579,0x1346B2,ボツ,Ｕｎｕｓｅｄ,False,2,0,True,True,"Known uint16 bank-local table; target decoded using CP932+MTE, including repointed targets"
item_names_descriptions,0x380B1E,0x1369FE,0x384645,0x1346C4,砂を使って攻撃する,Ｓａｎｄ　Ａｔｔａｃｋ,False,2,0,True,True,"Known uint16 bank-local table; target decoded using CP932+MTE, including repointed targets"
item_names_descriptions,0x380B20,0x1369FE,0x384645,0x1346C4,砂を使って攻撃する,Ｓａｎｄ　Ａｔｔａｃｋ,False,2,0,True,True,"Known uint16 bank-local table; target decoded using CP932+MTE, including repointed targets"
item_names_descriptions,0x380B22,0x136926,0x384579,0x1346B2,ボツ,Ｕｎｕｓｅｄ,False,2,0,True,True,"Known uint16 bank-local table; target decoded using CP932+MTE, including repointed targets"
item_names_descriptions,0x380B24,0x136A0E,0x384659,0x1346C6,爆発攻撃ができる,Ｅｘｐｌｏｓｉｏｎ　Ａｔｔａｃｋ,False,3,0,True,True,"Known uint16 bank-local table; target decoded using CP932+MTE, including repointed targets"
item_names_descriptions,0x380B26,0x136926,0x384579,0x1346B2,ボツ,Ｕｎｕｓｅｄ,False,2,0,True,True,"Known uint16 bank-local table; target decoded using CP932+MTE, including repointed targets"
item_names_descriptions,0x380B28,0x136926,0x384579,0x1346B2,ボツ,Ｕｎｕｓｅｄ,False,2,0,True,True,"Known uint16 bank-local table; target decoded using CP932+MTE, including repointed targets"
item_names_descriptions,0x380B2A,0x136926,0x384579,0x1346B2,ボツ,Ｕｎｕｓｅｄ,False,2,0,True,True,"Known uint16 bank-local table; target decoded using CP932+MTE, including repointed targets"
item_names_descriptions,0x380B2C,0x136926,0x384579,0x1346B2,ボツ,Ｕｎｕｓｅｄ,False,2,0,True,True,"Known uint16 bank-local table; target decoded using CP932+MTE, including repointed targets"
item_names_descriptions,0x380B2E,0x136926,0x384579,0x1346B2,ボツ,Ｕｎｕｓｅｄ,False,2,0,True,True,"Known uint16 bank-local table; target decoded using CP932+MTE, including repointed targets"
item_names_descriptions,0x380B30,0x136A26,0x38466B,0x1346C8,４方向にレーザーを飛ばす,４‐Ｗａｙ　Ｌａｓｅｒ,False,3,0,True,True,"Known uint16 bank-local table; target decoded using CP932+MTE, including repointed targets"
item_names_descriptions,0x380B32,0x136926,0x384579,0x1346B2,ボツ,Ｕｎｕｓｅｄ,False,2,0,True,True,"Known uint16 bank-local table; target decoded using CP932+MTE, including repointed targets"
item_names_descriptions,0x380B34,0x136926,0x384579,0x1346B2,ボツ,Ｕｎｕｓｅｄ,False,2,0,True,True,"Known uint16 bank-local table; target decoded using CP932+MTE, including repointed targets"
item_names_descriptions,0x380B36,0x136926,0x384579,0x1346B2,ボツ,Ｕｎｕｓｅｄ,False,2,0,True,True,"Known uint16 bank-local table; target decoded using CP932+MTE, including repointed targets"
item_names_descriptions,0x380B38,0x136926,0x384579,0x1346B2,ボツ,Ｕｎｕｓｅｄ,False,2,0,True,True,"Known uint16 bank-local table; target decoded using CP932+MTE, including repointed targets"
item_names_descriptions,0x380B3A,0x136926,0x384579,0x1346B2,ボツ,Ｕｎｕｓｅｄ,False,2,0,True,True,"Known uint16 bank-local table; target decoded using CP932+MTE, including repointed targets"
item_names_descriptions,0x380B3C,0x136926,0x384579,0x1346B2,ボツ,Ｕｎｕｓｅｄ,False,2,0,True,True,"Known uint16 bank-local table; target decoded using CP932+MTE, including repointed targets"
item_names_descriptions,0x380B3E,0x136926,0x384579,0x1346B2,ボツ,Ｕｎｕｓｅｄ,False,2,0,True,True,"Known uint16 bank-local table; target decoded using CP932+MTE, including repointed targets"
item_names_descriptions,0x380B40,0x136926,0x384579,0x1346B2,ボツ,Ｕｎｕｓｅｄ,False,2,0,True,True,"Known uint16 bank-local table; target decoded using CP932+MTE, including repointed targets"
item_names_descriptions,0x380B42,0x136A38,0x384685,0x1346CA,武器を振って眠り光線を出す,Ｆｉｒｅｓ　Ｓｌｅｅｐ　Ｒａｙ,False,4,0,True,True,"Known uint16 bank-local table; target decoded using CP932+MTE, including repointed targets"
item_names_descriptions,0x380B44,0x136A38,0x384685,0x1346CA,武器を振って眠り光線を出す,Ｆｉｒｅｓ　Ｓｌｅｅｐ　Ｒａｙ,False,4,0,True,True,"Known uint16 bank-local table; target decoded using CP932+MTE, including repointed targets"
item_names_descriptions,0x380B46,0x136926,0x384579,0x1346B2,ボツ,Ｕｎｕｓｅｄ,False,2,0,True,True,"Known uint16 bank-local table; target decoded using CP932+MTE, including repointed targets"
item_names_descriptions,0x380B48,0x136926,0x384579,0x1346B2,ボツ,Ｕｎｕｓｅｄ,False,2,0,True,True,"Known uint16 bank-local table; target decoded using CP932+MTE, including repointed targets"
item_names_descriptions,0x380B4A,0x136926,0x384579,0x1346B2,ボツ,Ｕｎｕｓｅｄ,False,2,0,True,True,"Known uint16 bank-local table; target decoded using CP932+MTE, including repointed targets"
item_names_descriptions,0x380B4C,0x136926,0x384579,0x1346B2,ボツ,Ｕｎｕｓｅｄ,False,2,0,True,True,"Known uint16 bank-local table; target decoded using CP932+MTE, including repointed targets"
item_names_descriptions,0x380B4E,0x136A4E,0x3846A1,0x1346CC,敵を一撃で倒す,Ｏｎｅ‐Ｈｉｔ　ＫＯ,False,2,0,True,True,"Known uint16 bank-local table; target decoded using CP932+MTE, including repointed targets"
item_names_descriptions,0x380B50,0x136926,0x384579,0x1346B2,ボツ,Ｕｎｕｓｅｄ,False,2,0,True,True,"Known uint16 bank-local table; target decoded using CP932+MTE, including repointed targets"
item_names_descriptions,0x380B52,0x136926,0x384579,0x1346B2,ボツ,Ｕｎｕｓｅｄ,False,2,0,True,True,"Known uint16 bank-local table; target decoded using CP932+MTE, including repointed targets"
item_names_descriptions,0x380B54,0x136926,0x384579,0x1346B2,ボツ,Ｕｎｕｓｅｄ,False,2,0,True,True,"Known uint16 bank-local table; target decoded using CP932+MTE, including repointed targets"
item_names_descriptions,0x380B56,0x136926,0x384579,0x1346B2,ボツ,Ｕｎｕｓｅｄ,False,2,0,True,True,"Known uint16 bank-local table; target decoded using CP932+MTE, including repointed targets"
item_names_descriptions,0x380B58,0x136926,0x384579,0x1346B2,ボツ,Ｕｎｕｓｅｄ,False,2,0,True,True,"Known uint16 bank-local table; target decoded using CP932+MTE, including repointed targets"
item_names_descriptions,0x380B5A,0x136A60,0x3846B1,0x1346CE,敵がアイテムを落しやすくなる,Ｍｏｒｅ　Ｉｔｅｍ　Ｄｒｏｐｓ,False,5,0,True,True,"Known uint16 bank-local table; target decoded using CP932+MTE, including repointed targets"
magic_names,0x38664C,0x38FF22,0x386690,,ファイヤー,Ｆｉｒｅ,False,0,0,True,True,"Known uint16 bank-local table; target decoded using CP932+MTE, including repointed targets"
magic_names,0x38664E,0x38FB82,0x38669C,,フレイム,Ｆｌａｍｅ,False,1,0,True,True,"Known uint16 bank-local table; target decoded using CP932+MTE, including repointed targets"
magic_names,0x386650,0x38E700,0x3866A6,,ラヴァガード,Ｌａｖａ　Ｇｕａｒｄ,False,1,0,True,True,"Known uint16 bank-local table; target decoded using CP932+MTE, including repointed targets"
magic_names,0x386652,0x38EB04,0x3866B4,,火の奇跡,Ｆｉｒｅ　Ｍｉｒａｃｌｅ,False,4,0,True,True,"Known uint16 bank-local table; target decoded using CP932+MTE, including repointed targets"
magic_names,0x386654,0x38DE48,0x3866BE,,ウォーター,Ｗａｔｅｒ,False,2,0,True,True,"Known uint16 bank-local table; target decoded using CP932+MTE, including repointed targets"
magic_names,0x386656,0x38FA6A,0x3866CA,,スプラッシュ,Ｓｐｌａｓｈ,False,1,0,True,True,"Known uint16 bank-local table; target decoded using CP932+MTE, including repointed targets"
magic_names,0x386658,0x38FD00,0x3866D8,,ヒール,Ｈｅａｌ,False,2,0,True,True,"Known uint16 bank-local table; target decoded using CP932+MTE, including repointed targets"
magic_names,0x38665A,0x38EFA8,0x3866E0,,水の奇跡,Ｗａｔｅｒ　Ｍｉｒａｃｌｅ,False,4,0,True,True,"Known uint16 bank-local table; target decoded using CP932+MTE, including repointed targets"
magic_names,0x38665C,0x38FD06,0x3866EA,,フリーズ！,Ｆｒｅｅｚｅ！,False,0,0,True,True,"Known uint16 bank-local table; target decoded using CP932+MTE, including repointed targets"
magic_names,0x38665E,0x38F628,0x3866F6,,かまいたち,Ｗｉｎｄ　Ｃｕｔｔｅｒ,False,3,0,True,True,"Known uint16 bank-local table; target decoded using CP932+MTE, including repointed targets"
magic_names,0x386660,0x38FA8E,0x386702,,トルネード,Ｔｏｒｎａｄｏ,False,2,0,True,True,"Known uint16 bank-local table; target decoded using CP932+MTE, including repointed targets"
magic_names,0x386662,0x38F9F2,0x38670E,,エスケイプ,Ｅｓｃａｐｅ,False,1,0,True,True,"Known uint16 bank-local table; target decoded using CP932+MTE, including repointed targets"
magic_names,0x386664,0x38EFCC,0x38671A,,風の奇跡,Ｗｉｎｄ　Ｍｉｒａｃｌｅ,False,3,0,True,True,"Known uint16 bank-local table; target decoded using CP932+MTE, including repointed targets"
magic_names,0x386666,0x38FD16,0x386724,,サンダー！,Ｔｈｕｎｄｅｒ！,False,0,0,True,True,"Known uint16 bank-local table; target decoded using CP932+MTE, including repointed targets"
magic_names,0x386668,0x38FCF4,0x386730,,ディグ,Ｄｉｇ,False,1,0,True,True,"Known uint16 bank-local table; target decoded using CP932+MTE, including repointed targets"
magic_names,0x38666A,0x38FAB2,0x386738,,ヤッホー！,Ｙａｈｏｏ！,False,1,0,True,True,"Known uint16 bank-local table; target decoded using CP932+MTE, including repointed targets"
magic_names,0x38666C,0x38F668,0x386744,,地の奇跡,Ｅａｒｔｈ　Ｍｉｒａｃｌｅ,False,3,0,True,True,"Known uint16 bank-local table; target decoded using CP932+MTE, including repointed targets"
magic_names,0x38666E,0x38FD28,0x38674E,,フラッシュ！,Ｆｌａｓｈ！,False,0,0,True,True,"Known uint16 bank-local table; target decoded using CP932+MTE, including repointed targets"
magic_names,0x386670,0x38FD36,0x38675C,,エンジェル,Ａｎｇｅｌ,False,0,0,True,True,"Known uint16 bank-local table; target decoded using CP932+MTE, including repointed targets"
magic_names,0x386672,0x38EC36,0x386768,,光の奇跡,Ｌｉｇｈｔ　Ｍｉｒａｃｌｅ,False,3,0,True,True,"Known uint16 bank-local table; target decoded using CP932+MTE, including repointed targets"
magic_names,0x386674,0x38EA98,0x386772,,ダークガード,Ｄａｒｋ　Ｇｕａｒｄ,False,2,0,True,True,"Known uint16 bank-local table; target decoded using CP932+MTE, including repointed targets"
magic_names,0x386676,0x38ED9E,0x386780,,プチデビル,Ｐｅｔｉｔ　Ｄｅｖｉｌ,False,3,0,True,True,"Known uint16 bank-local table; target decoded using CP932+MTE, including repointed targets"
magic_names,0x386678,0x38E5D4,0x38678C,,闇の奇跡,Ｄａｒｋ　Ｍｉｒａｃｌｅ,False,3,0,True,True,"Known uint16 bank-local table; target decoded using CP932+MTE, including repointed targets"
magic_names,0x38667A,0x38E95E,0x386796,,スロウ,Ｓｌｏｗ,False,1,0,True,True,"Known uint16 bank-local table; target decoded using CP932+MTE, including repointed targets"
magic_names,0x38667C,0x38FCFA,0x38679E,,ファスト,Ｆａｓｔ,False,1,0,True,True,"Known uint16 bank-local table; target decoded using CP932+MTE, including repointed targets"
magic_names,0x38667E,0x38EF72,0x3867A8,,時の奇跡,Ｔｉｍｅ　Ｍｉｒａｃｌｅ,False,4,0,True,True,"Known uint16 bank-local table; target decoded using CP932+MTE, including repointed targets"
magic_names,0x386680,0x38FD42,0x3867B2,,カモンダミー,Ｃｏｍｅ　Ｄｕｍｍｙ,False,0,0,True,True,"Known uint16 bank-local table; target decoded using CP932+MTE, including repointed targets"
magic_names,0x386682,0x38FD58,0x3867C0,,ヒットダミー,Ｈｉｔ　Ｄｕｍｍｙ,False,0,0,True,True,"Known uint16 bank-local table; target decoded using CP932+MTE, including repointed targets"
magic_names,0x386684,0x38E4B4,0x3867CE,,界の奇跡,Ｓｐａｃｅ　Ｍｉｒａｃｌｅ,False,3,0,True,True,"Known uint16 bank-local table; target decoded using CP932+MTE, including repointed targets"
magic_names,0x386686,0x38FD6C,0x3867D8,,スリープ,Ｓｌｅｅｐ,False,0,0,True,True,"Known uint16 bank-local table; target decoded using CP932+MTE, including repointed targets"
magic_names,0x386688,0x38E440,0x3867E2,,マインド,Ｍｉｎｄ,False,1,0,True,True,"Known uint16 bank-local table; target decoded using CP932+MTE, including repointed targets"
magic_names,0x38668A,0x38ECEA,0x3867EC,,心の奇跡,Ｍｉｎｄ　Ｍｉｒａｃｌｅ,False,3,0,True,True,"Known uint16 bank-local table; target decoded using CP932+MTE, including repointed targets"
magic_names,0x38668C,0x38FA5E,0x3867F6,,リフレクト,Ｒｅｆｌｅｃｔ,False,1,0,True,True,"Known uint16 bank-local table; target decoded using CP932+MTE, including repointed targets"
magic_descriptions,0x386806,0x38FF2C,0x38684A,,火の玉を飛ばす,Ｓｈｏｏｔｓ　ｆｉｒｅｂａｌｌ．,False,0,0,True,True,"Known uint16 bank-local table; target decoded using CP932+MTE, including repointed targets"
magic_descriptions,0x386808,0x38FD78,0x38685A,,火柱で攻撃火柱を作り出す,Ｆｌａｍｅ　Ｐｉｌｌａｒ,False,0,0,True,True,"Known uint16 bank-local table; target decoded using CP932+MTE, including repointed targets"
magic_descriptions,0x38680A,0x135220,0x386874,0x134548,溶岩地帯でダメージを受けない,Ｎｏ　Ｌａｖａ　Ｄａｍａｇｅ,False,2,0,True,True,"Known uint16 bank-local table; target decoded using CP932+MTE, including repointed targets"
magic_descriptions,0x38680C,0x135B56,0x386892,0x13456E,火のチカラで全体にダメージ,Ｆｉｒｅ　Ｈｉｔｓ　Ａｌｌ　Ｆｏｅｓ,False,6,0,True,True,"Known uint16 bank-local table; target decoded using CP932+MTE, including repointed targets"
magic_descriptions,0x38680E,0x135B70,0x3868AE,0x134570,水の玉を飛ばす,Ｓｈｏｏｔｓ　Ｗａｔｅｒ　Ｂａｌｌ,False,5,0,True,True,"Known uint16 bank-local table; target decoded using CP932+MTE, including repointed targets"
magic_descriptions,0x386810,0x135B86,0x3868BE,0x134572,水柱で攻撃,Ｗａｔｅｒ　Ｐｉｌｌａｒ,False,4,0,True,True,"Known uint16 bank-local table; target decoded using CP932+MTE, including repointed targets"
magic_descriptions,0x386812,0x135B94,0x3868CA,0x134574,装備していると状態異常を自動回復,Ａｕｔｏ‐Ｃｕｒｅｓ　Ｓｔａｔｕｓ,False,5,0,True,True,"Known uint16 bank-local table; target decoded using CP932+MTE, including repointed targets"
magic_descriptions,0x386814,0x135BAE,0x3868EC,0x134576,水のチカラで全体にダメージ,Ｗａｔｅｒ　Ｈｉｔｓ　Ａｌｌ　Ｆｏｅｓ,False,6,0,True,True,"Known uint16 bank-local table; target decoded using CP932+MTE, including repointed targets"
magic_descriptions,0x386816,0x135BC8,0x386908,0x134578,氷弾を飛ばす,Ｓｈｏｏｔｓ　Ｉｃｅ　Ｂｕｌｌｅｔ,False,5,0,True,True,"Known uint16 bank-local table; target decoded using CP932+MTE, including repointed targets"
magic_descriptions,0x386818,0x135BE2,0x386916,0x13457A,かまいたちで攻撃する,Ｗｉｎｄ　Ｃｕｔｔｅｒ　Ａｔｔａｃｋ,False,4,0,True,True,"Known uint16 bank-local table; target decoded using CP932+MTE, including repointed targets"
magic_descriptions,0x38681A,0x135BFA,0x38692C,0x13457C,竜巻で攻撃する,Ｔｏｒｎａｄｏ　Ａｔｔａｃｋ,False,3,0,True,True,"Known uint16 bank-local table; target decoded using CP932+MTE, including repointed targets"
magic_descriptions,0x38681C,0x135C10,0x38693C,0x13457E,洞窟の中から入口まで脱出する,Ｅｓｃａｐｅ　ｔｏ　Ｅｎｔｒａｎｃｅ,False,5,0,True,True,"Known uint16 bank-local table; target decoded using CP932+MTE, including repointed targets"
magic_descriptions,0x38681E,0x135C2A,0x38695A,0x134580,風のチカラで全体にダメージ,Ｗｉｎｄ　Ｈｉｔｓ　Ａｌｌ　Ｆｏｅｓ,False,5,0,True,True,"Known uint16 bank-local table; target decoded using CP932+MTE, including repointed targets"
magic_descriptions,0x386820,0x135C44,0x386976,0x134582,周りに雷を落とす,Ｃａｌｌｓ　Ｄｏｗｎ　Ｔｈｕｎｄｅｒ,False,5,0,True,True,"Known uint16 bank-local table; target decoded using CP932+MTE, including repointed targets"
magic_descriptions,0x386822,0x135C5E,0x386988,0x134584,地面を掘る,Ｄｉｇｓ　ｔｈｅ　Ｇｒｏｕｎｄ,False,5,0,True,True,"Known uint16 bank-local table; target decoded using CP932+MTE, including repointed targets"
magic_descriptions,0x386824,0x135C70,0x386994,0x134586,トラップを探す,Ｆｉｎｄｓ　Ｔｒａｐｓ,False,3,0,True,True,"Known uint16 bank-local table; target decoded using CP932+MTE, including repointed targets"
magic_descriptions,0x386826,0x135C80,0x3869A4,0x134588,地のチカラで全体にダメージ,Ｅａｒｔｈ　Ｈｉｔｓ　Ａｌｌ　Ｆｏｅｓ,False,5,0,True,True,"Known uint16 bank-local table; target decoded using CP932+MTE, including repointed targets"
magic_descriptions,0x386828,0x135C98,0x3869C0,0x13458A,光のチカラで敵の眼をくらます,Ｂｌｉｎｄｓ　ｗｉｔｈ　Ｌｉｇｈｔ,False,4,0,True,True,"Known uint16 bank-local table; target decoded using CP932+MTE, including repointed targets"
magic_descriptions,0x38682A,0x135CAA,0x3869DE,0x13458C,天使ミカエルが強力防御,Ｍｉｃｈａｅｌ’ｓ　Ｇｕａｒｄ,False,4,0,True,True,"Known uint16 bank-local table; target decoded using CP932+MTE, including repointed targets"
magic_descriptions,0x38682C,0x135CC0,0x3869F6,0x13458E,光のチカラで全体にダメージ,Ｌｉｇｈｔ　Ｈｉｔｓ　Ａｌｌ　Ｆｏｅｓ,False,5,0,True,True,"Known uint16 bank-local table; target decoded using CP932+MTE, including repointed targets"
magic_descriptions,0x38682E,0x135CDA,0x386A12,0x134590,闇の力が守ってくれる,Ｄａｒｋ　Ｐｏｗｅｒ　Ｐｒｏｔｅｃｔｓ,False,5,0,True,True,"Known uint16 bank-local table; target decoded using CP932+MTE, including repointed targets"
magic_descriptions,0x386830,0x135CF4,0x386A28,0x134592,小さい悪魔を使って攻撃する,Ｓｕｍｍｏｎｓ　Ｔｉｎｙ　Ｄｅｍｏｎ,False,6,0,True,True,"Known uint16 bank-local table; target decoded using CP932+MTE, including repointed targets"
magic_descriptions,0x386832,0x135D0E,0x386A44,0x134594,闇のチカラで全体にダメージ,Ｄａｒｋ　Ｈｉｔｓ　Ａｌｌ　Ｆｏｅｓ,False,5,0,True,True,"Known uint16 bank-local table; target decoded using CP932+MTE, including repointed targets"
magic_descriptions,0x386834,0x135D2A,0x386A60,0x134596,敵の動きを遅くする,Ｓｌｏｗｓ　Ｅｎｅｍｙ,False,3,0,True,True,"Known uint16 bank-local table; target decoded using CP932+MTE, including repointed targets"
magic_descriptions,0x386836,0x135D3C,0x386A74,0x134598,自分の動きを速くする,Ｓｐｅｅｄｓ　Ｙｏｕ　Ｕｐ,False,4,0,True,True,"Known uint16 bank-local table; target decoded using CP932+MTE, including repointed targets"
magic_descriptions,0x386838,0x135D4E,0x386A8A,0x13459A,時のチカラで全体にダメージ,Ｔｉｍｅ　Ｈｉｔｓ　Ａｌｌ　Ｆｏｅｓ,False,6,0,True,True,"Known uint16 bank-local table; target decoded using CP932+MTE, including repointed targets"
magic_descriptions,0x38683A,0x135D68,0x386AA6,0x13459C,自分のダミーを出して標的にする,Ｃｒｅａｔｅｓ　ａ　Ｄｅｃｏｙ,False,4,0,True,True,"Known uint16 bank-local table; target decoded using CP932+MTE, including repointed targets"
magic_descriptions,0x38683C,0x135D7E,0x386AC6,0x13459E,自分のダミーが敵にヒットする,Ｄｅｃｏｙ　Ｈｉｔｓ　Ｅｎｅｍｙ,False,4,0,True,True,"Known uint16 bank-local table; target decoded using CP932+MTE, including repointed targets"
magic_descriptions,0x38683E,0x135D98,0x386AE4,0x1345A0,界のチカラで全体にダメージ,Ｓｐａｃｅ　Ｈｉｔｓ　Ａｌｌ　Ｆｏｅｓ,False,5,0,True,True,"Known uint16 bank-local table; target decoded using CP932+MTE, including repointed targets"
magic_descriptions,0x386840,0x135DB6,0x386B00,0x1345A2,敵を眠らせる,Ｐｕｔｓ　Ｅｎｅｍｙ　ｔｏ　Ｓｌｅｅｐ,False,6,0,True,True,"Known uint16 bank-local table; target decoded using CP932+MTE, including repointed targets"
magic_descriptions,0x386842,0x135DCE,0x386B0E,0x1345A4,敵の動きを止める,Ｓｔｏｐｓ　Ｅｎｅｍｙ,False,2,0,True,True,"Known uint16 bank-local table; target decoded using CP932+MTE, including repointed targets"
magic_descriptions,0x386844,0x135DE2,0x386B20,0x1345A6,心のチカラで全体にダメージ,Ｍｉｎｄ　Ｈｉｔｓ　Ａｌｌ　Ｆｏｅｓ,False,5,0,True,True,"Known uint16 bank-local table; target decoded using CP932+MTE, including repointed targets"
magic_descriptions,0x386846,0x38FD92,0x386B3C,,無敵になる,Ｉｎｖｉｎｃｉｂｌｅ,False,0,0,True,True,"Known uint16 bank-local table; target decoded using CP932+MTE, including repointed targets"
entity_names,0x386B60,0x38FF4E,0x386CA2,,アクセル,Ａｃｃｅｌ,False,0,0,True,True,"Known uint16 bank-local table; target decoded using CP932+MTE, including repointed targets"
entity_names,0x386B62,0x38FDA8,0x386CAC,,アステリオ,Ａｓｔｅｒｉｏ,False,0,0,True,True,"Known uint16 bank-local table; target decoded using CP932+MTE, including repointed targets"
entity_names,0x386B64,0x38FDB8,0x386CB8,,ガイゴール,Ｇａｉｇｏｒ,False,0,0,True,True,"Known uint16 bank-local table; target decoded using CP932+MTE, including repointed targets"
entity_names,0x386B66,0x38FDC6,0x386CC4,,ウリルロート,Ｕｒｉｌｒｏｔｅ,False,0,0,True,True,"Known uint16 bank-local table; target decoded using CP932+MTE, including repointed targets"
entity_names,0x386B68,0x38FDD8,0x386CD2,,ヴーガ,Ｖｕｇａ,False,0,0,True,True,"Known uint16 bank-local table; target decoded using CP932+MTE, including repointed targets"
entity_names,0x386B6A,0x38FDE2,0x386CDA,,ライム・ケロ,Ｌｉｍｅ　Ｋｅｒｏ,False,0,0,True,True,"Known uint16 bank-local table; target decoded using CP932+MTE, including repointed targets"
entity_names,0x386B6C,0x38FDF6,0x386CE8,,ラズリー,Ｒａｚｌｙ,False,0,0,True,True,"Known uint16 bank-local table; target decoded using CP932+MTE, including repointed targets"
entity_names,0x386B6E,0x38FE02,0x386CF2,,リムナ,Ｌｉｍｎａ,False,0,0,True,True,"Known uint16 bank-local table; target decoded using CP932+MTE, including repointed targets"
entity_names,0x386B70,0x38FE0E,0x386CFA,,リリアン,Ｌｉｌｌｉａｎ,False,0,0,True,True,"Known uint16 bank-local table; target decoded using CP932+MTE, including repointed targets"
entity_names,0x386B72,0x38FE1E,0x386D04,,リンネ,Ｒｉｎｎｅ,False,0,0,True,True,"Known uint16 bank-local table; target decoded using CP932+MTE, including repointed targets"
entity_names,0x386B74,0x38FE2A,0x386D0C,,ケミス,Ｃｈｅｍｉｓ,False,0,0,True,True,"Known uint16 bank-local table; target decoded using CP932+MTE, including repointed targets"
entity_names,0x386B76,0x38FE38,0x386D14,,アージェス,Ａｒｇｅｓ,False,0,0,True,True,"Known uint16 bank-local table; target decoded using CP932+MTE, including repointed targets"
entity_names,0x386B78,0x38FE44,0x386D20,,エミュール,Ｅｍｕｌｅ,False,0,0,True,True,"Known uint16 bank-local table; target decoded using CP932+MTE, including repointed targets"
entity_names,0x386B7A,0x38FE50,0x386D2C,,キッチキコッチキ,Ｋｉｔｃｈｉｋｉｋｏｔｃｈｉｋｉ,False,0,0,True,True,"Known uint16 bank-local table; target decoded using CP932+MTE, including repointed targets"
entity_names,0x386B7C,0x38FE72,0x386D3E,,グリップ,Ｇｒｉｐ,False,0,0,True,True,"Known uint16 bank-local table; target decoded using CP932+MTE, including repointed targets"
entity_names,0x386B7E,0x38FE7C,0x386D48,,マイルス,Ｍｉｌｅｓ,False,0,0,True,True,"Known uint16 bank-local table; target decoded using CP932+MTE, including repointed targets"
entity_names,0x386B80,0x38FE88,0x386D52,,オデオン,Ｏｄｅｏｎ,False,0,0,True,True,"Known uint16 bank-local table; target decoded using CP932+MTE, including repointed targets"
entity_names,0x386B82,0x38FE94,0x386D5C,,ホライズン,Ｈｏｒｉｚｏｎ,False,0,0,True,True,"Known uint16 bank-local table; target decoded using CP932+MTE, including repointed targets"
entity_names,0x386B84,0x38FEA4,0x386D68,,ルヴァーナ,Ｌｕｖａｎａ,False,0,0,True,True,"Known uint16 bank-local table; target decoded using CP932+MTE, including repointed targets"
entity_names,0x386B86,0x38FEB2,0x386D74,,スパーク,Ｓｐａｒｋ,False,0,0,True,True,"Known uint16 bank-local table; target decoded using CP932+MTE, including repointed targets"
entity_names,0x386B88,0x38FEBE,0x386D7E,,ザック,Ｚａｃｋ,False,0,0,True,True,"Known uint16 bank-local table; target decoded using CP932+MTE, including repointed targets"
entity_names,0x386B8A,0x38FEC8,0x386D86,,レイヴン,Ｒａｖｅｎ,False,0,0,True,True,"Known uint16 bank-local table; target decoded using CP932+MTE, including repointed targets"
entity_names,0x386B8C,0x38FED4,0x386D90,,シーハン,Ｓｈｅｅｈａｎ,False,0,0,True,True,"Known uint16 bank-local table; target decoded using CP932+MTE, including repointed targets"
entity_names,0x386B8E,0x38FEE4,0x386D9A,,アルルル,Ａｒｕｒｕｒｕ,False,0,0,True,True,"Known uint16 bank-local table; target decoded using CP932+MTE, including repointed targets"
entity_names,0x386B90,0x136A76,0x386DA4,0x1346D0,スプリガン,Ｓｐｒｉｇｇａｎ,False,2,0,True,True,"Known uint16 bank-local table; target decoded using CP932+MTE, including repointed targets"
entity_names,0x386B92,0x136A84,0x386DB0,0x1346D2,ヴァウルド,Ｖａｕｌｄ,False,1,0,True,True,"Known uint16 bank-local table; target decoded using CP932+MTE, including repointed targets"
entity_names,0x386B94,0x136A8E,0x386DBC,0x1346D4,グリゴリ,Ｇｒｉｇｏｒｉ,False,2,0,True,True,"Known uint16 bank-local table; target decoded using CP932+MTE, including repointed targets"
entity_names,0x386B96,0x136A9A,0x386DC6,0x1346D6,ピボット,Ｐｉｖｏｔ,False,0,0,True,True,"Known uint16 bank-local table; target decoded using CP932+MTE, including repointed targets"
entity_names,0x386B98,0x136AA6,0x386DD0,0x1346D8,チョップ,Ｃｈｏｐ,False,1,0,True,True,"Known uint16 bank-local table; target decoded using CP932+MTE, including repointed targets"
entity_names,0x386B9A,0x136AAE,0x386DDA,0x1346DA,スナフ,Ｓｎｕｆｆ,False,0,0,True,True,"Known uint16 bank-local table; target decoded using CP932+MTE, including repointed targets"
entity_names,0x386B9C,0x136ABA,0x386DE2,0x1346DC,ヴァルナック,Ｖａｌｎａｃ,False,1,0,True,True,"Known uint16 bank-local table; target decoded using CP932+MTE, including repointed targets"
entity_names,0x386B9E,0x136AC6,0x386DF0,0x1346DE,ムータン,Ｍｕｔａｎ,False,2,0,True,True,"Known uint16 bank-local table; target decoded using CP932+MTE, including repointed targets"
entity_names,0x386BA0,0x136ACE,0x386DFA,0x1346E0,ノッカー,Ｋｎｏｃｋｅｒ,False,2,0,True,True,"Known uint16 bank-local table; target decoded using CP932+MTE, including repointed targets"
entity_names,0x386BA2,0x136ADA,0x386E04,0x1346E2,エンゴル,Ｅｎｇｏｌ,False,1,0,True,True,"Known uint16 bank-local table; target decoded using CP932+MTE, including repointed targets"
entity_names,0x386BA4,0x136AE4,0x386E0E,0x1346E4,ケルロン,Ｋｅｒｌｏｎ,False,2,0,True,True,"Known uint16 bank-local table; target decoded using CP932+MTE, including repointed targets"
entity_names,0x386BA6,0x136AEE,0x386E18,0x1346E6,ランバー,Ｌｕｍｂｅｒ,False,1,0,True,True,"Known uint16 bank-local table; target decoded using CP932+MTE, including repointed targets"
entity_names,0x386BA8,0x136AFA,0x386E22,0x1346E8,ルルド,Ｌｏｕｒｄｅｓ,False,2,0,True,True,"Known uint16 bank-local table; target decoded using CP932+MTE, including repointed targets"
entity_names,0x386BAA,0x136B06,0x386E2A,0x1346EA,ブーマン,Ｂｏｏｍａｎ,False,2,0,True,True,"Known uint16 bank-local table; target decoded using CP932+MTE, including repointed targets"
entity_names,0x386BAC,0x136B10,0x386E34,0x1346EC,スプル,Ｓｐｕｌ,False,0,0,True,True,"Known uint16 bank-local table; target decoded using CP932+MTE, including repointed targets"
entity_names,0x386BAE,0x136B1A,0x386E3C,0x1346EE,かなみ,Ｋａｎａｍｉ,False,2,0,True,True,"Known uint16 bank-local table; target decoded using CP932+MTE, including repointed targets"
entity_names,0x386BB0,0x136B24,0x386E44,0x1346F0,プッカ,Ｐｕｋｋａ,False,0,0,True,True,"Known uint16 bank-local table; target decoded using CP932+MTE, including repointed targets"
entity_names,0x386BB2,0x136B30,0x386E4C,0x1346F2,ブッカブー,Ｂｕｋｋａｂｏｏ,False,0,0,True,True,"Known uint16 bank-local table; target decoded using CP932+MTE, including repointed targets"
entity_names,0x386BB4,0x136B42,0x386E58,0x1346F4,ザガン,Ｚａｇａｎ,False,1,0,True,True,"Known uint16 bank-local table; target decoded using CP932+MTE, including repointed targets"
entity_names,0x386BB6,0x136B4C,0x386E60,0x1346F6,ブラウン,Ｂｒｏｗｎ,False,1,0,True,True,"Known uint16 bank-local table; target decoded using CP932+MTE, including repointed targets"
entity_names,0x386BB8,0x136B56,0x386E6A,0x1346F8,フィルボルグス,Ｆｉｒｂｏｌｇｓ,False,1,0,True,True,"Known uint16 bank-local table; target decoded using CP932+MTE, including repointed targets"
entity_names,0x386BBA,0x136B66,0x386E7A,0x1346FA,ブルベガー,Ｂｕｌｂｅｇａｒ,False,2,0,True,True,"Known uint16 bank-local table; target decoded using CP932+MTE, including repointed targets"
entity_names,0x386BBC,0x136B74,0x386E86,0x1346FC,ライノット,Ｒｅｉｎｏｔ,False,1,0,True,True,"Known uint16 bank-local table; target decoded using CP932+MTE, including repointed targets"
entity_names,0x386BBE,0x38FF5A,0x386E92,,メタリコ,Ｍｅｔａｌｉｃｏ,False,0,0,True,True,"Known uint16 bank-local table; target decoded using CP932+MTE, including repointed targets"
entity_names,0x386BC0,0x136B8C,0x386E9C,0x134700,シール,Ｓｅａｌ,False,1,0,True,True,"Known uint16 bank-local table; target decoded using CP932+MTE, including repointed targets"
entity_names,0x386BC2,0x136B94,0x386EA4,0x134702,ボーグル,Ｂｏｇｌｅ,False,1,0,True,True,"Known uint16 bank-local table; target decoded using CP932+MTE, including repointed targets"
entity_names,0x386BC4,0x136B9E,0x386EAE,0x134704,ポーチュン,Ｐｏｃｈｕｎ,False,1,0,True,True,"Known uint16 bank-local table; target decoded using CP932+MTE, including repointed targets"
entity_names,0x386BC6,0x136BAA,0x386EBA,0x134706,ボーハン,Ｂｏｈａｎ,False,1,0,True,True,"Known uint16 bank-local table; target decoded using CP932+MTE, including repointed targets"
entity_names,0x386BC8,0x136BB4,0x386EC4,0x134708,ホーミィ,Ｈｏｍｉｅ,False,1,0,True,True,"Known uint16 bank-local table; target decoded using CP932+MTE, including repointed targets"
entity_names,0x386BCA,0x136BBE,0x386ECE,0x13470A,ボーマン,Ｂｏｗｍａｎ,False,2,0,True,True,"Known uint16 bank-local table; target decoded using CP932+MTE, including repointed targets"
entity_names,0x386BCC,0x136BC8,0x386ED8,0x13470C,メケメケ,Ｍｅｋｅｍｅｋｅ,False,1,0,True,True,"Known uint16 bank-local table; target decoded using CP932+MTE, including repointed targets"
entity_names,0x386BCE,0x136BD8,0x386EE2,0x13470E,ヤモック,Ｙａｍｏｃｋ,False,1,0,True,True,"Known uint16 bank-local table; target decoded using CP932+MTE, including repointed targets"
entity_names,0x386BD0,0x136BE4,0x386EEC,0x134710,ユッキー,Ｙｕｋｋｉ,False,0,0,True,True,"Known uint16 bank-local table; target decoded using CP932+MTE, including repointed targets"
entity_names,0x386BD2,0x136BF0,0x386EF6,0x134712,ルゼル,Ｒｕｚｅｌ,False,1,0,True,True,"Known uint16 bank-local table; target decoded using CP932+MTE, including repointed targets"
entity_names,0x386BD4,0x136BFA,0x386EFE,0x134714,メア,Ｍａｒｅ,False,1,0,True,True,"Known uint16 bank-local table; target decoded using CP932+MTE, including repointed targets"
entity_names,0x386BD6,0x136C00,0x386F04,0x134716,リオス,Ｒｉｏｓ,False,0,0,True,True,"Known uint16 bank-local table; target decoded using CP932+MTE, including repointed targets"
entity_names,0x386BD8,0x136C0A,0x386F0C,0x134718,みこと,Ｍｉｋｏｔｏ,False,0,0,True,True,"Known uint16 bank-local table; target decoded using CP932+MTE, including repointed targets"
entity_names,0x386BDA,0x136C18,0x386F14,0x13471A,ゆきかぜ,Ｙｕｋｉｋａｚｅ,False,0,0,True,True,"Known uint16 bank-local table; target decoded using CP932+MTE, including repointed targets"
entity_names,0x386BDC,0x136C2A,0x386F1E,0x13471C,ミラーガ,Ｍｉｒａｇａ,False,1,0,True,True,"Known uint16 bank-local table; target decoded using CP932+MTE, including repointed targets"
entity_names,0x386BDE,0x136C36,0x386F28,0x13471E,ミューズ,Ｍｕｓｅ,False,1,0,True,True,"Known uint16 bank-local table; target decoded using CP932+MTE, including repointed targets"
entity_names,0x386BE0,0x136C3E,0x386F32,0x134720,ファイン,Ｆｉｎｅ,False,1,0,True,True,"Known uint16 bank-local table; target decoded using CP932+MTE, including repointed targets"
entity_names,0x386BE2,0x136C46,0x386F3C,0x134722,レモン,Ｌｅｍｏｎ,False,2,0,True,True,"Known uint16 bank-local table; target decoded using CP932+MTE, including repointed targets"
entity_names,0x386BE4,0x136C4E,0x386F44,0x134724,ボイジャー,Ｖｏｙａｇｅｒ,False,1,0,True,True,"Known uint16 bank-local table; target decoded using CP932+MTE, including repointed targets"
entity_names,0x386BE6,0x136C5A,0x386F50,0x134726,ペッティ－,Ｐｅｔｔｙ,False,1,0,True,True,"Known uint16 bank-local table; target decoded using CP932+MTE, including repointed targets"
entity_names,0x386BE8,0x136C64,0x386F5C,0x134728,ラーズール,Ｌａｚｕｒ,False,1,0,True,True,"Known uint16 bank-local table; target decoded using CP932+MTE, including repointed targets"
entity_names,0x386BEA,0x136C6E,0x386F68,0x13472A,プリモリア,Ｐｒｉｍｏｒｉａ,False,2,0,True,True,"Known uint16 bank-local table; target decoded using CP932+MTE, including repointed targets"
entity_names,0x386BEC,0x136C7C,0x386F74,0x13472C,イリア,Ｉｒｉａ,False,1,0,True,True,"Known uint16 bank-local table; target decoded using CP932+MTE, including repointed targets"
entity_names,0x386BEE,0x136C84,0x386F7C,0x13472E,ピッキオ,Ｐｉｃｃｈｉｏ,False,2,0,True,True,"Known uint16 bank-local table; target decoded using CP932+MTE, including repointed targets"
entity_names,0x386BF0,0x136C90,0x386F86,0x134730,デデ,Ｄｅｄｅ,False,1,0,True,True,"Known uint16 bank-local table; target decoded using CP932+MTE, including repointed targets"
entity_names,0x386BF2,0x136C98,0x386F8C,0x134732,チェック,Ｃｈｅｃｋ,False,1,0,True,True,"Known uint16 bank-local table; target decoded using CP932+MTE, including repointed targets"
entity_names,0x386BF4,0x136CA2,0x386F96,0x134734,ローン,Ｒｏａｎ,False,1,0,True,True,"Known uint16 bank-local table; target decoded using CP932+MTE, including repointed targets"
entity_names,0x386BF6,0x136CAA,0x386F9E,0x134736,ソール・ドゥー,Ｓｏｌ　Ｄｅｕｘ,False,0,0,True,True,"Known uint16 bank-local table; target decoded using CP932+MTE, including repointed targets"
entity_names,0x386BF8,0x136CBC,0x386FAE,0x134738,メロー,Ｍｅｌｌｏｗ,False,2,0,True,True,"Known uint16 bank-local table; target decoded using CP932+MTE, including repointed targets"
entity_names,0x386BFA,0x136CC6,0x386FB6,0x13473A,オラージュ,Ｏｒａｇｅ,False,1,0,True,True,"Known uint16 bank-local table; target decoded using CP932+MTE, including repointed targets"
entity_names,0x386BFC,0x136CCE,0x386FC2,0x13473C,サンディ,Ｓａｎｄｙ,False,1,0,True,True,"Known uint16 bank-local table; target decoded using CP932+MTE, including repointed targets"
entity_names,0x386BFE,0x136CD6,0x386FCC,0x13473E,キューティー,Ｃｕｔｉｅ,False,1,0,True,True,"Known uint16 bank-local table; target decoded using CP932+MTE, including repointed targets"
entity_names,0x386C00,0x136CE0,0x386FDA,0x134740,エアリエル,Ａｒｉｅｌ,False,2,0,True,True,"Known uint16 bank-local table; target decoded using CP932+MTE, including repointed targets"
entity_names,0x386C02,0x136CE8,0x386FE6,0x134742,クイン,Ｑｕｉｎｎ,False,1,0,True,True,"Known uint16 bank-local table; target decoded using CP932+MTE, including repointed targets"
entity_names,0x386C04,0x136CF2,0x386FEE,0x134744,レア,Ｒｅａ,False,0,0,True,True,"Known uint16 bank-local table; target decoded using CP932+MTE, including repointed targets"
entity_names,0x386C06,0x136CFA,0x386FF4,0x134746,ぎんが,Ｇｉｎｇａ,False,1,0,True,True,"Known uint16 bank-local table; target decoded using CP932+MTE, including repointed targets"
entity_names,0x386C08,0x136D02,0x386FFC,0x134748,ゲンマ,Ｇｅｎｍａ,False,1,0,True,True,"Known uint16 bank-local table; target decoded using CP932+MTE, including repointed targets"
entity_names,0x386C0A,0x136D0C,0x387004,0x13474A,シルキー,Ｓｉｌｋｙ,False,1,0,True,True,"Known uint16 bank-local table; target decoded using CP932+MTE, including repointed targets"
entity_names,0x386C0C,0x136D16,0x38700E,0x13474C,シーザン,Ｓｅａｚａｎ,False,1,0,True,True,"Known uint16 bank-local table; target decoded using CP932+MTE, including repointed targets"
entity_names,0x386C0E,0x136D22,0x387018,0x13474E,せり,Ｓｅｒｉ,False,1,0,True,True,"Known uint16 bank-local table; target decoded using CP932+MTE, including repointed targets"
entity_names,0x386C10,0x136D2A,0x38701E,0x134750,シャイニー,Ｓｈｉｎｙ,False,1,0,True,True,"Known uint16 bank-local table; target decoded using CP932+MTE, including repointed targets"
entity_names,0x386C12,0x136D34,0x38702A,0x134752,ストラム,Ｓｔｒａｍ,False,1,0,True,True,"Known uint16 bank-local table; target decoded using CP932+MTE, including repointed targets"
entity_names,0x386C14,0x136D3E,0x387034,0x134754,こはる,Ｋｏｈａｒｕ,False,1,0,True,True,"Known uint16 bank-local table; target decoded using CP932+MTE, including repointed targets"
entity_names,0x386C16,0x136D4A,0x38703C,0x134756,ゼファー,Ｚｅｐｈｙｒ,False,0,0,True,True,"Known uint16 bank-local table; target decoded using CP932+MTE, including repointed targets"
entity_names,0x386C18,0x136D58,0x387046,0x134758,みづき,Ｍｉｚｕｋｉ,False,0,0,True,True,"Known uint16 bank-local table; target decoded using CP932+MTE, including repointed targets"
entity_names,0x386C1A,0x136D66,0x38704E,0x13475A,モコン,Ｍｏｋｏｎ,False,1,0,True,True,"Known uint16 bank-local table; target decoded using CP932+MTE, including repointed targets"
entity_names,0x386C1C,0x136D70,0x387056,0x13475C,ビブラー,Ｂｉｂｌｅｒ,False,1,0,True,True,"Known uint16 bank-local table; target decoded using CP932+MTE, including repointed targets"
entity_names,0x386C1E,0x136D7C,0x387060,0x13475E,ペペ,Ｐｅｐｅ,False,1,0,True,True,"Known uint16 bank-local table; target decoded using CP932+MTE, including repointed targets"
entity_names,0x386C20,0x136D84,0x387066,0x134760,プリズモ,Ｐｒｉｓｍｏ,False,1,0,True,True,"Known uint16 bank-local table; target decoded using CP932+MTE, including repointed targets"
entity_names,0x386C22,0x136D90,0x387070,0x134762,ピコット,Ｐｉｃｏｔ,False,1,0,True,True,"Known uint16 bank-local table; target decoded using CP932+MTE, including repointed targets"
entity_names,0x386C24,0x136D9A,0x38707A,0x134764,ピーポ,Ｐｅｅｐｏ,False,1,0,True,True,"Known uint16 bank-local table; target decoded using CP932+MTE, including repointed targets"
entity_names,0x386C26,0x136DA2,0x387082,0x134766,パンチョ,Ｐａｎｃｈｏ,False,2,0,True,True,"Known uint16 bank-local table; target decoded using CP932+MTE, including repointed targets"
entity_names,0x386C28,0x136DAC,0x38708C,0x134768,バルビー,Ｂａｒｂｙ,False,1,0,True,True,"Known uint16 bank-local table; target decoded using CP932+MTE, including repointed targets"
entity_names,0x386C2A,0x136DB6,0x387096,0x13476A,パルパッコ,Ｐａｌｐａｃｃｏ,False,1,0,True,True,"Known uint16 bank-local table; target decoded using CP932+MTE, including repointed targets"
entity_names,0x386C2C,0x136DC6,0x3870A2,0x13476C,ワンダー,Ｗｏｎｄｅｒ,False,2,0,True,True,"Known uint16 bank-local table; target decoded using CP932+MTE, including repointed targets"
entity_names,0x386C2E,0x136DD0,0x3870AC,0x13476E,いんぎまる,Ｉｎｇｉｍａｒｕ,False,3,0,True,True,"Known uint16 bank-local table; target decoded using CP932+MTE, including repointed targets"
entity_names,0x386C30,0x136DDC,0x3870B8,0x134770,ヴァイカート,Ｖａｉｋａｒｔ,False,1,0,True,True,"Known uint16 bank-local table; target decoded using CP932+MTE, including repointed targets"
entity_names,0x386C32,0x136DEA,0x3870C6,0x134772,ジールー,Ｊｉｒｕ,False,1,0,True,True,"Known uint16 bank-local table; target decoded using CP932+MTE, including repointed targets"
entity_names,0x386C34,0x136DF2,0x3870D0,0x134774,モズィ,Ｍｏｚｉ,False,0,0,True,True,"Known uint16 bank-local table; target decoded using CP932+MTE, including repointed targets"
entity_names,0x386C36,0x136DFC,0x3870D8,0x134776,モーラルド,Ｍｏｒａｌｄ,False,2,0,True,True,"Known uint16 bank-local table; target decoded using CP932+MTE, including repointed targets"
entity_names,0x386C38,0x136E06,0x3870E4,0x134778,ウィーヴ,Ｗｅａｖｅ,False,2,0,True,True,"Known uint16 bank-local table; target decoded using CP932+MTE, including repointed targets"
entity_names,0x386C3A,0x136E0C,0x3870EE,0x13477A,ウィスピー,Ｗｉｓｐｙ,False,1,0,True,True,"Known uint16 bank-local table; target decoded using CP932+MTE, including repointed targets"
entity_names,0x386C3C,0x136E16,0x3870FA,0x13477C,ウーファ,Ｕｆａ,False,0,0,True,True,"Known uint16 bank-local table; target decoded using CP932+MTE, including repointed targets"
entity_names,0x386C3E,0x136E1E,0x387104,0x13477E,ティック,Ｔｉｃｋ,False,1,0,True,True,"Known uint16 bank-local table; target decoded using CP932+MTE, including repointed targets"
entity_names,0x386C40,0x38FF6C,0x38710E,,ト,Ｔｏ,False,0,0,True,True,"Known uint16 bank-local table; target decoded using CP932+MTE, including repointed targets"
entity_names,0x386C42,0x136E26,0x387112,0x134780,ガジゴジ,Ｇａｊｉｇｏｊｉ,False,1,0,True,True,"Known uint16 bank-local table; target decoded using CP932+MTE, including repointed targets"
entity_names,0x386C44,0x136E36,0x38711C,0x134782,ガンジェ,Ｇａｎｊｅ,False,1,0,True,True,"Known uint16 bank-local table; target decoded using CP932+MTE, including repointed targets"
entity_names,0x386C46,0x136E40,0x387126,0x134784,ゴスボロ,Ｇｏｓｂｏｒｏ,False,1,0,True,True,"Known uint16 bank-local table; target decoded using CP932+MTE, including repointed targets"
entity_names,0x386C48,0x136E4E,0x387130,0x134786,キルミスター,Ｋｉｌｌｍｉｓｔｅｒ,False,3,0,True,True,"Known uint16 bank-local table; target decoded using CP932+MTE, including repointed targets"
entity_names,0x386C4A,0x136E5C,0x38713E,0x134788,コモコモ,Ｋｏｍｏｋｏｍｏ,False,2,0,True,True,"Known uint16 bank-local table; target decoded using CP932+MTE, including repointed targets"
entity_names,0x386C4C,0x136E6A,0x387148,0x13478A,クリム・ベー,Ｃｒｉｍ　Ｂ,False,1,0,True,True,"Known uint16 bank-local table; target decoded using CP932+MTE, including repointed targets"
entity_names,0x386C4E,0x136E76,0x387156,0x13478C,ジュジュ,Ｊｕｊｕ,False,0,0,True,True,"Known uint16 bank-local table; target decoded using CP932+MTE, including repointed targets"
entity_names,0x386C50,0x136E80,0x387160,0x13478E,セルヴァ,Ｓｅｌｖａ,False,1,0,True,True,"Known uint16 bank-local table; target decoded using CP932+MTE, including repointed targets"
entity_names,0x386C52,0x136E8A,0x38716A,0x134790,スレイド,Ｓｌａｄｅ,False,1,0,True,True,"Known uint16 bank-local table; target decoded using CP932+MTE, including repointed targets"
entity_names,0x386C54,0x136E94,0x387174,0x134792,タムタム,Ｔａｍｔａｍ,False,2,0,True,True,"Known uint16 bank-local table; target decoded using CP932+MTE, including repointed targets"
entity_names,0x386C56,0x136E9E,0x38717E,0x134794,ダムダム,Ｄｕｍｄｕｍ,False,0,0,True,True,"Known uint16 bank-local table; target decoded using CP932+MTE, including repointed targets"
entity_names,0x386C58,0x136EAC,0x387188,0x134796,ドランク,Ｄｒｕｎｋ,False,1,0,True,True,"Known uint16 bank-local table; target decoded using CP932+MTE, including repointed targets"
entity_names,0x386C5A,0x136EB6,0x387192,0x134798,チョコチョコ,Ｃｈｏｃｏｃｈｏｃｏ,False,2,0,True,True,"Known uint16 bank-local table; target decoded using CP932+MTE, including repointed targets"
entity_names,0x386C5C,0x136EC8,0x3871A0,0x13479A,チャム,Ｃｈａｍ,False,1,0,True,True,"Known uint16 bank-local table; target decoded using CP932+MTE, including repointed targets"
entity_names,0x386C5E,0x136ED0,0x3871A8,0x13479C,チョチョポロン,Ｃｈｏｃｈｏｐｏｒｏｎ,False,4,0,True,True,"Known uint16 bank-local table; target decoded using CP932+MTE, including repointed targets"
entity_names,0x386C60,0x136EE0,0x3871B8,0x13479E,ナゼト,Ｎａｚｅｔｏ,False,1,0,True,True,"Known uint16 bank-local table; target decoded using CP932+MTE, including repointed targets"
entity_names,0x386C62,0x136EEC,0x3871C0,0x1347A0,チルド,Ｃｈｉｒｕｄｏ,False,1,0,True,True,"Known uint16 bank-local table; target decoded using CP932+MTE, including repointed targets"
entity_names,0x386C64,0x136EFA,0x3871C8,0x1347A2,ノアノア,Ｎｏａｎｏａ,False,1,0,True,True,"Known uint16 bank-local table; target decoded using CP932+MTE, including repointed targets"
entity_names,0x386C66,0x136F06,0x3871D2,0x1347A4,クリム・アー,Ｃｒｉｍ　Ａ,False,1,0,True,True,"Known uint16 bank-local table; target decoded using CP932+MTE, including repointed targets"
entity_names,0x386C68,0x136F12,0x3871E0,0x1347A6,グリーム,Ｇｌｅａｍ,False,2,0,True,True,"Known uint16 bank-local table; target decoded using CP932+MTE, including repointed targets"
entity_names,0x386C6A,0x136F1A,0x3871EA,0x1347A8,クシュラ,Ｋｕｓｈｒａ,False,2,0,True,True,"Known uint16 bank-local table; target decoded using CP932+MTE, including repointed targets"
entity_names,0x386C6C,0x136F24,0x3871F4,0x1347AA,ギガガ,Ｇｉｇａｇａ,False,1,0,True,True,"Known uint16 bank-local table; target decoded using CP932+MTE, including repointed targets"
entity_names,0x386C6E,0x136F30,0x3871FC,0x1347AC,ファビット,Ｆａｂｉｔ,False,1,0,True,True,"Known uint16 bank-local table; target decoded using CP932+MTE, including repointed targets"
entity_names,0x386C70,0x136F3A,0x387208,0x1347AE,ユギ,Ｙｕｇｉ,False,0,0,True,True,"Known uint16 bank-local table; target decoded using CP932+MTE, including repointed targets"
entity_names,0x386C72,0x136F44,0x38720E,0x1347B0,ランチ,Ｒａｎｃｈ,False,2,0,True,True,"Known uint16 bank-local table; target decoded using CP932+MTE, including repointed targets"
entity_names,0x386C74,0x136F4C,0x387216,0x1347B2,レク,Ｒｅｋ,False,0,0,True,True,"Known uint16 bank-local table; target decoded using CP932+MTE, including repointed targets"
entity_names,0x386C76,0x136F54,0x38721C,0x1347B4,サフラ,Ｓａｆｒａ,False,1,0,True,True,"Known uint16 bank-local table; target decoded using CP932+MTE, including repointed targets"
entity_names,0x386C78,0x136F5E,0x387224,0x1347B6,ピピン,Ｐｉｐｉｎ,False,1,0,True,True,"Known uint16 bank-local table; target decoded using CP932+MTE, including repointed targets"
entity_names,0x386C7A,0x136F68,0x38722C,0x1347B8,マーヤ,Ｍａｙａ,False,1,0,True,True,"Known uint16 bank-local table; target decoded using CP932+MTE, including repointed targets"
entity_names,0x386C7C,0x136F70,0x387234,0x1347BA,アイシア,Ａｉｓｉａ,False,1,0,True,True,"Known uint16 bank-local table; target decoded using CP932+MTE, including repointed targets"
entity_names,0x386C7E,0x136F7A,0x38723E,0x1347BC,アップル,Ａｐｐｌｅ,False,1,0,True,True,"Known uint16 bank-local table; target decoded using CP932+MTE, including repointed targets"
entity_names,0x386C80,0x136F84,0x387248,0x1347BE,アーピ,Ａｒｐｉ,False,0,0,True,True,"Known uint16 bank-local table; target decoded using CP932+MTE, including repointed targets"
entity_names,0x386C82,0x136F8E,0x387250,0x1347C0,シルフィス,Ｓｙｌｐｈｉｓ,False,1,0,True,True,"Known uint16 bank-local table; target decoded using CP932+MTE, including repointed targets"
entity_names,0x386C84,0x136F9C,0x38725C,0x1347C2,ウィッチャー,Ｗｉｔｃｈｅｒ,False,3,0,True,True,"Known uint16 bank-local table; target decoded using CP932+MTE, including repointed targets"
entity_names,0x386C86,0x136FA6,0x38726A,0x1347C4,エクレア,Ｅｃｌａｉｒ,False,1,0,True,True,"Known uint16 bank-local table; target decoded using CP932+MTE, including repointed targets"
entity_names,0x386C88,0x136FB2,0x387274,0x1347C6,マロス,Ｍａｒｏｓ,False,1,0,True,True,"Known uint16 bank-local table; target decoded using CP932+MTE, including repointed targets"
entity_names,0x386C8A,0x136FBC,0x38727C,0x1347C8,エスピス,Ｅｓｐｉｓ,False,1,0,True,True,"Known uint16 bank-local table; target decoded using CP932+MTE, including repointed targets"
entity_names,0x386C8C,0x136FC6,0x387286,0x1347CA,エルノリア,Ｅｌｎｏｒｉａ,False,2,0,True,True,"Known uint16 bank-local table; target decoded using CP932+MTE, including repointed targets"
entity_names,0x386C8E,0x136FD2,0x387292,0x1347CC,スウィート,Ｓｗｅｅｔ,False,1,0,True,True,"Known uint16 bank-local table; target decoded using CP932+MTE, including repointed targets"
entity_names,0x386C90,0x136FDC,0x38729E,0x1347CE,チコリ,Ｃｈｉｃｏｒｙ,False,2,0,True,True,"Known uint16 bank-local table; target decoded using CP932+MTE, including repointed targets"
entity_names,0x386C92,0x136FE8,0x3872A6,0x1347D0,ヤパニン,Ｙａｐａｎｉｎ,False,3,0,True,True,"Known uint16 bank-local table; target decoded using CP932+MTE, including repointed targets"
entity_names,0x386C94,0x136FF2,0x3872B0,0x1347D2,ネル,Ｎｅｌ,False,1,0,True,True,"Known uint16 bank-local table; target decoded using CP932+MTE, including repointed targets"
entity_names,0x386C96,0x136FF8,0x3872B6,0x1347D4,ハーベル,Ｈａｂｅｌ,False,1,0,True,True,"Known uint16 bank-local table; target decoded using CP932+MTE, including repointed targets"
entity_names,0x386C98,0x137002,0x3872C0,0x1347D6,ソール・アン,Ｓｏｌ　Ａｎｎ,False,0,0,True,True,"Known uint16 bank-local table; target decoded using CP932+MTE, including repointed targets"
entity_names,0x386C9A,0x137012,0x3872CE,0x1347D8,エルフィー,Ｅｌｆｉｅ,False,0,0,True,True,"Known uint16 bank-local table; target decoded using CP932+MTE, including repointed targets"
entity_names,0x386C9C,0x13701E,0x3872DA,0x1347DA,ライム・ライ,Ｌｉｍｅ　Ｒａｉ,False,2,0,True,True,"Known uint16 bank-local table; target decoded using CP932+MTE, including repointed targets"
entity_names,0x386C9E,0x13702C,0x3872E8,0x1347DC,キララ,Ｋｉｒａｒａ,False,2,0,True,True,"Known uint16 bank-local table; target decoded using CP932+MTE, including repointed targets"
map_names,0x38B670,0x38B688,0x38B688,,いんでむら,Ｉｎｄｅ,False,0,0,False,True,"Known uint16 bank-local table; target decoded using CP932+MTE, including repointed targets"
map_names,0x38B672,0x13720C,0x38B694,0x13480C,アルケミア,Ａｌｃｈｅｍｉａ,False,1,0,True,True,"Known uint16 bank-local table; target decoded using CP932+MTE, including repointed targets"
map_names,0x38B674,0x137210,0x38B6A0,0x13480E,オーガランド,Ｏｇｒｅｌａｎｄ,False,2,0,True,True,"Known uint16 bank-local table; target decoded using CP932+MTE, including repointed targets"
map_names,0x38B676,0x13721C,0x38B6AE,0x134810,ペルジプト,Ｐｅｌｇｙｐｔ,False,1,0,True,True,"Known uint16 bank-local table; target decoded using CP932+MTE, including repointed targets"
map_names,0x38B678,0x13722A,0x38B6BA,0x134812,ハイランド,Ｈｉｇｈｌａｎｄ,False,2,0,True,True,"Known uint16 bank-local table; target decoded using CP932+MTE, including repointed targets"
map_names,0x38B67A,0x137236,0x38B6C6,0x134814,ノルディア,Ｎｏｒｄｉａ,False,1,0,True,True,"Known uint16 bank-local table; target decoded using CP932+MTE, including repointed targets"
map_names,0x38B67C,0x137242,0x38B6D2,0x134816,ウェスタリア,Ｗｅｓｔａｒｉａ,False,3,0,True,True,"Known uint16 bank-local table; target decoded using CP932+MTE, including repointed targets"
map_names,0x38B67E,0x13724E,0x38B6E0,0x134818,クダイ,Ｋｕｄａｉ,False,0,0,True,True,"Known uint16 bank-local table; target decoded using CP932+MTE, including repointed targets"
map_names,0x38B680,0x13725A,0x38B6E8,0x13481A,フダイ,Ｆｕｄａｉ,False,0,0,True,True,"Known uint16 bank-local table; target decoded using CP932+MTE, including repointed targets"
map_names,0x38B682,0x137266,0x38B6F0,0x13481C,ヤパン,Ｙａｐａｎ,False,2,0,True,True,"Known uint16 bank-local table; target decoded using CP932+MTE, including repointed targets"
map_names,0x38B684,0x13726E,0x38B6F8,0x13481E,クノシス,Ｋｎｏｓｉｓ,False,2,0,True,True,"Known uint16 bank-local table; target decoded using CP932+MTE, including repointed targets"
map_names,0x38B686,0x137278,0x38B702,0x134820,ビッグブランク,Ｂｉｇ　Ｂｌａｎｋ,False,2,0,True,True,"Known uint16 bank-local table; target decoded using CP932+MTE, including repointed targets"
location_names,0x384B32,0x384D40,0x384D40,,オーサーのテント,Ｏｓｅｒ’ｓ　Ｔｅｎｔ<MTE_CONTROL_FF><MTE_CONTROL_FF>,False,5,0,False,True,"Known uint16 bank-local table; target decoded using CP932+MTE, including repointed targets"
location_names,0x384B34,0x384D54,0x384D54,,ワンパのテント,Ｗａｍｐａ’ｓ　Ｔｅｎｔ,False,3,0,False,True,"Known uint16 bank-local table; target decoded using CP932+MTE, including repointed targets"
location_names,0x384B36,0x384D66,0x384D66,,聖なる神殿　地下１階,Ｔｅｍｐｌｅ　Ｂ１Ｆ<MTE_CONTROL_FF><MTE_CONTROL_FF>,False,4,0,False,True,"Known uint16 bank-local table; target decoded using CP932+MTE, including repointed targets"
location_names,0x384B38,0x384D7E,0x384D7E,,聖なる神殿　地下２階,Ｔｅｍｐｌｅ　Ｂ２Ｆ<MTE_CONTROL_FF><MTE_CONTROL_FF>,False,4,0,False,True,"Known uint16 bank-local table; target decoded using CP932+MTE, including repointed targets"
location_names,0x384B3A,0x384D96,0x384D96,,聖なる神殿　地下３階,Ｔｅｍｐｌｅ　Ｂ３Ｆ<MTE_CONTROL_FF><MTE_CONTROL_FF>,False,4,0,False,True,"Known uint16 bank-local table; target decoded using CP932+MTE, including repointed targets"
location_names,0x384B3C,0x384DAE,0x384DAE,,聖なる神殿　地下４階,Ｔｅｍｐｌｅ　Ｂ４Ｆ<MTE_CONTROL_FF><MTE_CONTROL_FF>,False,4,0,False,True,"Known uint16 bank-local table; target decoded using CP932+MTE, including repointed targets"
location_names,0x384B3E,0x384DC6,0x384DC6,,オーサーの家,Ｏｓｅｒ　Ｈｏｍｅ<MTE_CONTROL_FF>,False,3,0,False,True,"Known uint16 bank-local table; target decoded using CP932+MTE, including repointed targets"
location_names,0x384B40,0x384DD6,0x384DD6,,オーサーの家　地下,Ｏｓｅｒ　Ｈｏｍｅ　Ｂ<MTE_CONTROL_FF><MTE_CONTROL_FF>,False,4,0,False,True,"Known uint16 bank-local table; target decoded using CP932+MTE, including repointed targets"
location_names,0x384B42,0x384DEC,0x384DEC,,切り株の落し穴　地下１階,Ｓｔｕｍｐ　Ｐｉｔ　Ｂ１,False,0,0,False,True,"Known uint16 bank-local table; target decoded using CP932+MTE, including repointed targets"
location_names,0x384B44,0x384E08,0x384E08,,切り株の落し穴　地下２階,Ｓｔｕｍｐ　Ｐｉｔ　Ｂ２,False,0,0,False,True,"Known uint16 bank-local table; target decoded using CP932+MTE, including repointed targets"
location_names,0x384B46,0x384E24,0x384E24,,切り株の落し穴　地下３階,Ｓｔｕｍｐ　Ｐｉｔ　Ｂ３,False,0,0,False,True,"Known uint16 bank-local table; target decoded using CP932+MTE, including repointed targets"
location_names,0x384B48,0x384E40,0x384E40,,切り株の落し穴　地下４階,Ｓｔｕｍｐ　Ｐｉｔ　Ｂ４,False,0,0,False,True,"Known uint16 bank-local table; target decoded using CP932+MTE, including repointed targets"
location_names,0x384B4A,0x384E5C,0x384E5C,,切り株の落し穴　地下５階,Ｓｔｕｍｐ　Ｐｉｔ　Ｂ５,False,0,0,False,True,"Known uint16 bank-local table; target decoded using CP932+MTE, including repointed targets"
location_names,0x384B4C,0x384E78,0x384E78,,切り株の落し穴　地下６階,Ｓｔｕｍｐ　Ｐｉｔ　Ｂ６,False,0,0,False,True,"Known uint16 bank-local table; target decoded using CP932+MTE, including repointed targets"
location_names,0x384B4E,0x384E94,0x384E94,,切り株の落し穴　地下７階,Ｓｔｕｍｐ　Ｐｉｔ　Ｂ７,False,0,0,False,True,"Known uint16 bank-local table; target decoded using CP932+MTE, including repointed targets"
location_names,0x384B50,0x384EB0,0x384EB0,,切り株の落し穴　地下８階,Ｓｔｕｍｐ　Ｐｉｔ　Ｂ８,False,0,0,False,True,"Known uint16 bank-local table; target decoded using CP932+MTE, including repointed targets"
location_names,0x384B52,0x384ECC,0x384ECC,,切り株の落し穴　地下９階,Ｓｔｕｍｐ　Ｐｉｔ　Ｂ９,False,0,0,False,True,"Known uint16 bank-local table; target decoded using CP932+MTE, including repointed targets"
location_names,0x384B54,0x384EE8,0x384EE8,,アルケミア,Ａｌｃｈｅｍｉａ<MTE_CONTROL_FF><MTE_CONTROL_FF><MTE_CONTROL_FF><MTE_CONTROL_FF>,False,5,0,False,True,"Known uint16 bank-local table; target decoded using CP932+MTE, including repointed targets"
location_names,0x384B56,0x384EF6,0x384EF6,,運命の道（民営）,Ｆａｔｅ　Ｐｖｔ　Ｒｄ,False,3,0,False,True,"Known uint16 bank-local table; target decoded using CP932+MTE, including repointed targets"
location_names,0x384B58,0x384F0A,0x384F0A,,運命の道（民営）　地下,Ｆａｔｅ　Ｐｖｔ　Ｂ<MTE_CONTROL_FF><MTE_CONTROL_FF><MTE_CONTROL_FF><MTE_CONTROL_FF>,False,7,0,False,True,"Known uint16 bank-local table; target decoded using CP932+MTE, including repointed targets"
location_names,0x384B5A,0x384F24,0x384F24,,双子の塔　地上１階,Ｔｗｉｎ　Ｔ．　１Ｆ,False,1,0,False,True,"Known uint16 bank-local table; target decoded using CP932+MTE, including repointed targets"
location_names,0x384B5C,0x384F3A,0x384F3A,,双子の塔　地上２階,Ｔｗｉｎ　Ｔ．　２Ｆ,False,1,0,False,True,"Known uint16 bank-local table; target decoded using CP932+MTE, including repointed targets"
location_names,0x384B5E,0x384F50,0x384F50,,双子の塔　地上３階,Ｔｗｉｎ　Ｔ．　３Ｆ,False,1,0,False,True,"Known uint16 bank-local table; target decoded using CP932+MTE, including repointed targets"
location_names,0x384B60,0x384F66,0x384F66,,双子の塔　地上４階,Ｔｗｉｎ　Ｔ．　４Ｆ,False,1,0,False,True,"Known uint16 bank-local table; target decoded using CP932+MTE, including repointed targets"
location_names,0x384B62,0x384F7C,0x384F7C,,双子の塔　地上５階,Ｔｗｉｎ　Ｔ．　５Ｆ,False,1,0,False,True,"Known uint16 bank-local table; target decoded using CP932+MTE, including repointed targets"
location_names,0x384B64,0x384F92,0x384F92,,パワーダンジョン　地下１階,Ｐｏｗｅｒ　Ｄｎｇｎ　Ｂ１Ｆ<MTE_CONTROL_FF>,False,2,0,False,True,"Known uint16 bank-local table; target decoded using CP932+MTE, including repointed targets"
location_names,0x384B66,0x384FB0,0x384FB0,,パワーダンジョン　地下２階,Ｐｏｗｅｒ　Ｄｎｇｎ　Ｂ２Ｆ<MTE_CONTROL_FF>,False,2,0,False,True,"Known uint16 bank-local table; target decoded using CP932+MTE, including repointed targets"
location_names,0x384B68,0x384FCE,0x384FCE,,オウルゲート,Ｏｗｌ　Ｇ．,False,0,0,False,True,"Known uint16 bank-local table; target decoded using CP932+MTE, including repointed targets"
location_names,0x384B6A,0x384FDE,0x384FDE,,長城内部,Ｗａｌｌ,False,0,0,False,True,"Known uint16 bank-local table; target decoded using CP932+MTE, including repointed targets"
location_names,0x384B6C,0x384FEA,0x384FEA,,監視塔　１階,Ｔｗｒ　１Ｆ,False,0,0,False,True,"Known uint16 bank-local table; target decoded using CP932+MTE, including repointed targets"
location_names,0x384B6E,0x384FFA,0x384FFA,,監視塔　２階,Ｔｗｒ　２Ｆ,False,0,0,False,True,"Known uint16 bank-local table; target decoded using CP932+MTE, including repointed targets"
location_names,0x384B70,0x38500A,0x38500A,,監視塔　３階,Ｔｗｒ　３Ｆ,False,0,0,False,True,"Known uint16 bank-local table; target decoded using CP932+MTE, including repointed targets"
location_names,0x384B72,0x38501A,0x38501A,,アルケミア城,Ａｌｃｈ　Ｃ．,False,1,0,False,True,"Known uint16 bank-local table; target decoded using CP932+MTE, including repointed targets"
location_names,0x384B74,0x38502A,0x38502A,,アルケミア城　過去,Ａｌｃｈ　Ｐａｓｔ<MTE_CONTROL_FF>,False,2,0,False,True,"Known uint16 bank-local table; target decoded using CP932+MTE, including repointed targets"
location_names,0x384B76,0x385040,0x385040,,アルケミア城　地下,Ａｌｃｈ　Ｂ<MTE_CONTROL_FF><MTE_CONTROL_FF><MTE_CONTROL_FF><MTE_CONTROL_FF>,False,5,0,False,True,"Known uint16 bank-local table; target decoded using CP932+MTE, including repointed targets"
location_names,0x384B78,0x385056,0x385056,,アルケミア城　１階,Ａｌｃｈ　１Ｆ<MTE_CONTROL_FF><MTE_CONTROL_FF><MTE_CONTROL_FF>,False,4,0,False,True,"Known uint16 bank-local table; target decoded using CP932+MTE, including repointed targets"
location_names,0x384B7A,0x38506C,0x38506C,,アルケミア城　２階,Ａｌｃｈ　２Ｆ<MTE_CONTROL_FF><MTE_CONTROL_FF><MTE_CONTROL_FF>,False,4,0,False,True,"Known uint16 bank-local table; target decoded using CP932+MTE, including repointed targets"
location_names,0x384B7C,0x385082,0x385082,,アルケミア城　３階,Ａｌｃｈ　３Ｆ<MTE_CONTROL_FF><MTE_CONTROL_FF><MTE_CONTROL_FF>,False,4,0,False,True,"Known uint16 bank-local table; target decoded using CP932+MTE, including repointed targets"
location_names,0x384B7E,0x385098,0x385098,,流刑地カゾス,Ｋａｚｏｓ<MTE_CONTROL_FF>,False,1,0,False,True,"Known uint16 bank-local table; target decoded using CP932+MTE, including repointed targets"
location_names,0x384B80,0x3850A8,0x3850A8,,Δ石内部　１階,Ｄ．Ｓｔｏｎｅ１Ｆ,False,1,0,False,True,"Known uint16 bank-local table; target decoded using CP932+MTE, including repointed targets"
location_names,0x384B82,0x3850BA,0x3850BA,,Δ石内部　２階,Ｄ．Ｓｔｏｎｅ２Ｆ,False,1,0,False,True,"Known uint16 bank-local table; target decoded using CP932+MTE, including repointed targets"
location_names,0x384B84,0x3850CC,0x3850CC,,Δ石内部　３階,Ｄ．Ｓｔｏｎｅ３Ｆ,False,1,0,False,True,"Known uint16 bank-local table; target decoded using CP932+MTE, including repointed targets"
location_names,0x384B86,0x3850DE,0x3850DE,,Δ石内部　４階,Ｄ．Ｓｔｏｎｅ４Ｆ,False,1,0,False,True,"Known uint16 bank-local table; target decoded using CP932+MTE, including repointed targets"
location_names,0x384B88,0x3850F0,0x3850F0,,Δ石内部　５階,Ｄ．Ｓｔｏｎｅ５Ｆ,False,1,0,False,True,"Known uint16 bank-local table; target decoded using CP932+MTE, including repointed targets"
location_names,0x384B8A,0x385102,0x385102,,ラドルースの隠れ家,Ｌａｄｒｕｔｈ’ｓ　Ｈｉｄｅ<MTE_CONTROL_FF>,False,6,0,False,True,"Known uint16 bank-local table; target decoded using CP932+MTE, including repointed targets"
location_names,0x384B8C,0x385118,0x385118,,地形博物館,Ｔｅｒｒａｉｎ<MTE_CONTROL_FF>,False,4,0,False,True,"Known uint16 bank-local table; target decoded using CP932+MTE, including repointed targets"
location_names,0x384B8E,0x385126,0x385126,,地形博物館別館,Ｔｅｒｒａｉｎ　Ａ．,False,3,0,False,True,"Known uint16 bank-local table; target decoded using CP932+MTE, including repointed targets"
location_names,0x384B90,0x385138,0x385138,,大地のほこら,Ｅ．Ｓｈｒ．,False,0,0,False,True,"Known uint16 bank-local table; target decoded using CP932+MTE, including repointed targets"
location_names,0x384B92,0x385148,0x385148,,奥義研究所,Ａｒｔｓ<MTE_CONTROL_FF>,False,1,0,False,True,"Known uint16 bank-local table; target decoded using CP932+MTE, including repointed targets"
location_names,0x384B94,0x385156,0x385156,,護符研究所,Ｔａｌｉｓｍａｎ,False,3,0,False,True,"Known uint16 bank-local table; target decoded using CP932+MTE, including repointed targets"
location_names,0x384B96,0x385164,0x385164,,城下町アルケミス,Ａｌｃｈ　Ｔｏｗｎ<MTE_CONTROL_FF>,False,3,0,False,True,"Known uint16 bank-local table; target decoded using CP932+MTE, including repointed targets"
location_names,0x384B98,0x385178,0x385178,,ヤパン,Ｙａｐａｎ,False,2,0,False,True,"Known uint16 bank-local table; target decoded using CP932+MTE, including repointed targets"
location_names,0x384B9A,0x385182,0x385182,,ホーリー神殿,Ｈｏｌｙ　Ｔ<MTE_CONTROL_FF>,False,2,0,False,True,"Known uint16 bank-local table; target decoded using CP932+MTE, including repointed targets"
location_names,0x384B9C,0x385192,0x385192,,オーガランドへの道,Ｏｇｒｅ　Ｒｄ<MTE_CONTROL_FF><MTE_CONTROL_FF>,False,2,0,False,True,"Known uint16 bank-local table; target decoded using CP932+MTE, including repointed targets"
location_names,0x384B9E,0x3851A8,0x3851A8,,フィンポートへの道　地下１階,Ｔｏ　Ｆｉｎｐｏｒｔ　Ｂ１Ｆ<MTE_CONTROL_FF><MTE_CONTROL_FF><MTE_CONTROL_FF>,False,6,0,False,True,"Known uint16 bank-local table; target decoded using CP932+MTE, including repointed targets"
location_names,0x384BA0,0x3851C8,0x3851C8,,フィンポートへの道　地下２階,Ｔｏ　Ｆｉｎｐｏｒｔ　Ｂ２Ｆ<MTE_CONTROL_FF><MTE_CONTROL_FF><MTE_CONTROL_FF>,False,6,0,False,True,"Known uint16 bank-local table; target decoded using CP932+MTE, including repointed targets"
location_names,0x384BA2,0x3851E8,0x3851E8,,フィンポートへの道　地下３階,Ｔｏ　Ｆｉｎｐｏｒｔ　Ｂ３Ｆ<MTE_CONTROL_FF><MTE_CONTROL_FF><MTE_CONTROL_FF>,False,6,0,False,True,"Known uint16 bank-local table; target decoded using CP932+MTE, including repointed targets"
location_names,0x384BA4,0x385208,0x385208,,フィンポート,Ｆｉｎｐｏｒｔ<MTE_CONTROL_FF>,False,3,0,False,True,"Known uint16 bank-local table; target decoded using CP932+MTE, including repointed targets"
location_names,0x384BA6,0x385218,0x385218,,酒場,Ｂａｒ,False,1,0,False,True,"Known uint16 bank-local table; target decoded using CP932+MTE, including repointed targets"
location_names,0x384BA8,0x385220,0x385220,,長老の家,Ｅｌｄｅｒ<MTE_CONTROL_FF>,False,3,0,False,True,"Known uint16 bank-local table; target decoded using CP932+MTE, including repointed targets"
location_names,0x384BAA,0x38522C,0x38522C,,大地のほこらへの道,Ｅａｒｔｈ　Ｒｄ<MTE_CONTROL_FF>,False,1,0,False,True,"Known uint16 bank-local table; target decoded using CP932+MTE, including repointed targets"
location_names,0x384BAC,0x385242,0x385242,,貯水場　地下１階,Ｒｅｓ．　Ｂ１Ｆ,False,0,0,False,True,"Known uint16 bank-local table; target decoded using CP932+MTE, including repointed targets"
location_names,0x384BAE,0x385256,0x385256,,貯水場　地下２階,Ｒｅｓ．　Ｂ２Ｆ,False,0,0,False,True,"Known uint16 bank-local table; target decoded using CP932+MTE, including repointed targets"
location_names,0x384BB0,0x38526A,0x38526A,,貯水場　地下３階,Ｒｅｓ．　Ｂ３Ｆ,False,0,0,False,True,"Known uint16 bank-local table; target decoded using CP932+MTE, including repointed targets"
location_names,0x384BB2,0x38527E,0x38527E,,動物村　アニムド,Ａｎｉｍｕｄ<MTE_CONTROL_FF><MTE_CONTROL_FF><MTE_CONTROL_FF>,False,4,0,False,True,"Known uint16 bank-local table; target decoded using CP932+MTE, including repointed targets"
location_names,0x384BB4,0x385292,0x385292,,ならず者の隠れ家,Ｏｕｔｌａｗ　Ｈ．,False,1,0,False,True,"Known uint16 bank-local table; target decoded using CP932+MTE, including repointed targets"
location_names,0x384BB6,0x3852A6,0x3852A6,,バザーへの道,Ｂａｚａａｒ<MTE_CONTROL_FF>,False,2,0,False,True,"Known uint16 bank-local table; target decoded using CP932+MTE, including repointed targets"
location_names,0x384BB8,0x3852B6,0x3852B6,,,？？？？,False,0,0,False,True,"Known uint16 bank-local table; target decoded using CP932+MTE, including repointed targets"
location_names,0x384BBA,0x3852C2,0x3852C2,,オーガランド,Ｏｇｒｅｌａｎｄ<MTE_CONTROL_FF>,False,3,0,False,True,"Known uint16 bank-local table; target decoded using CP932+MTE, including repointed targets"
location_names,0x384BBC,0x3852D2,0x3852D2,,台地の洞窟　地下１階,Ｐｌａｔｅａｕ　Ｂ１Ｆ,False,1,0,False,True,"Known uint16 bank-local table; target decoded using CP932+MTE, including repointed targets"
location_names,0x384BBE,0x3852EA,0x3852EA,,台地の洞窟　地下２階,Ｐｌａｔｅａｕ　Ｂ２Ｆ,False,1,0,False,True,"Known uint16 bank-local table; target decoded using CP932+MTE, including repointed targets"
location_names,0x384BC0,0x385302,0x385302,,先祖のほこら,Ａｎｃｅｓｔｏｒ　Ｓｈｒｉｎｅ,False,4,0,False,True,"Known uint16 bank-local table; target decoded using CP932+MTE, including repointed targets"
location_names,0x384BC2,0x385312,0x385312,,巨大花の下　地下１階,Ｇｉａｎｔ　Ｆ．　Ｂ１Ｆ,False,1,0,False,True,"Known uint16 bank-local table; target decoded using CP932+MTE, including repointed targets"
location_names,0x384BC4,0x38532A,0x38532A,,巨大花の下　地下２階,Ｇｉａｎｔ　Ｆ．　Ｂ２Ｆ,False,1,0,False,True,"Known uint16 bank-local table; target decoded using CP932+MTE, including repointed targets"
location_names,0x384BC6,0x385342,0x385342,,巨大花の下　地下３階,Ｇｉａｎｔ　Ｆ．　Ｂ３Ｆ,False,1,0,False,True,"Known uint16 bank-local table; target decoded using CP932+MTE, including repointed targets"
location_names,0x384BC8,0x38535A,0x38535A,,オーグス城,Ｏｕｇｓ　Ｃ,False,1,0,False,True,"Known uint16 bank-local table; target decoded using CP932+MTE, including repointed targets"
location_names,0x384BCA,0x385368,0x385368,,オーグス城　地下,Ｏｕｇｓ　Ｃ　Ｂ<MTE_CONTROL_FF>,False,2,0,False,True,"Known uint16 bank-local table; target decoded using CP932+MTE, including repointed targets"
location_names,0x384BCC,0x38537C,0x38537C,,オーグス城　１階,Ｏｕｇｓ　Ｃ１Ｆ<MTE_CONTROL_FF>,False,2,0,False,True,"Known uint16 bank-local table; target decoded using CP932+MTE, including repointed targets"
location_names,0x384BCE,0x385390,0x385390,,オーグス城　２階,Ｏｕｇｓ　Ｃ２Ｆ<MTE_CONTROL_FF>,False,2,0,False,True,"Known uint16 bank-local table; target decoded using CP932+MTE, including repointed targets"
location_names,0x384BD0,0x3853A4,0x3853A4,,オーグス城　３階,Ｏｕｇｓ　Ｃ３Ｆ<MTE_CONTROL_FF>,False,2,0,False,True,"Known uint16 bank-local table; target decoded using CP932+MTE, including repointed targets"
location_names,0x384BD2,0x3853B8,0x3853B8,,ペルジプト,Ｐｅｌｇｙｐｔ<MTE_CONTROL_FF><MTE_CONTROL_FF><MTE_CONTROL_FF><MTE_CONTROL_FF>,False,5,0,False,True,"Known uint16 bank-local table; target decoded using CP932+MTE, including repointed targets"
location_names,0x384BD4,0x3853C6,0x3853C6,,巨大木　１階,Ｔｒｅｅ　１Ｆ<MTE_CONTROL_FF>,False,3,0,False,True,"Known uint16 bank-local table; target decoded using CP932+MTE, including repointed targets"
location_names,0x384BD6,0x3853D6,0x3853D6,,巨大木　２階,Ｔｒｅｅ　２Ｆ<MTE_CONTROL_FF>,False,3,0,False,True,"Known uint16 bank-local table; target decoded using CP932+MTE, including repointed targets"
location_names,0x384BD8,0x3853E6,0x3853E6,,巨大木　３階,Ｔｒｅｅ　３Ｆ<MTE_CONTROL_FF>,False,3,0,False,True,"Known uint16 bank-local table; target decoded using CP932+MTE, including repointed targets"
location_names,0x384BDA,0x3853F6,0x3853F6,,巨大木　４階,Ｔｒｅｅ　４Ｆ<MTE_CONTROL_FF>,False,3,0,False,True,"Known uint16 bank-local table; target decoded using CP932+MTE, including repointed targets"
location_names,0x384BDC,0x385406,0x385406,,巨大木　５階,Ｔｒｅｅ　５Ｆ<MTE_CONTROL_FF>,False,3,0,False,True,"Known uint16 bank-local table; target decoded using CP932+MTE, including repointed targets"
location_names,0x384BDE,0x385416,0x385416,,巨大木　６階,Ｔｒｅｅ　６Ｆ<MTE_CONTROL_FF>,False,3,0,False,True,"Known uint16 bank-local table; target decoded using CP932+MTE, including repointed targets"
location_names,0x384BE0,0x385426,0x385426,,巨大木　７階,Ｔｒｅｅ　７Ｆ<MTE_CONTROL_FF>,False,3,0,False,True,"Known uint16 bank-local table; target decoded using CP932+MTE, including repointed targets"
location_names,0x384BE2,0x385436,0x385436,,巨大木　８階,Ｔｒｅｅ　８Ｆ<MTE_CONTROL_FF>,False,3,0,False,True,"Known uint16 bank-local table; target decoded using CP932+MTE, including repointed targets"
location_names,0x384BE4,0x385446,0x385446,,アルシンバル城,Ａｌｓｉｍｂａｌ<MTE_CONTROL_FF>,False,3,0,False,True,"Known uint16 bank-local table; target decoded using CP932+MTE, including repointed targets"
location_names,0x384BE6,0x385458,0x385458,,アルシンバル城　１階,Ａｌｓｉｍｂａｌ　１Ｆ<MTE_CONTROL_FF>,False,3,0,False,True,"Known uint16 bank-local table; target decoded using CP932+MTE, including repointed targets"
location_names,0x384BE8,0x385470,0x385470,,アルシンバル城　２階,Ａｌｓｉｍｂａｌ　２Ｆ<MTE_CONTROL_FF>,False,3,0,False,True,"Known uint16 bank-local table; target decoded using CP932+MTE, including repointed targets"
location_names,0x384BEA,0x385488,0x385488,,シンバル塔　１階,Ｓｉｍｂａｌ　１Ｆ<MTE_CONTROL_FF>,False,3,0,False,True,"Known uint16 bank-local table; target decoded using CP932+MTE, including repointed targets"
location_names,0x384BEC,0x38549C,0x38549C,,シンバル塔　２階,Ｓｉｍｂａｌ　２Ｆ<MTE_CONTROL_FF>,False,3,0,False,True,"Known uint16 bank-local table; target decoded using CP932+MTE, including repointed targets"
location_names,0x384BEE,0x3854B0,0x3854B0,,シンバル塔　３階,Ｓｉｍｂａｌ　３Ｆ<MTE_CONTROL_FF>,False,3,0,False,True,"Known uint16 bank-local table; target decoded using CP932+MTE, including repointed targets"
location_names,0x384BF0,0x3854C4,0x3854C4,,ピラミッド　１階,Ｐｙｒａｍｉｄ　１Ｆ<MTE_CONTROL_FF><MTE_CONTROL_FF><MTE_CONTROL_FF>,False,4,0,False,True,"Known uint16 bank-local table; target decoded using CP932+MTE, including repointed targets"
location_names,0x384BF2,0x3854D8,0x3854D8,,ピラミッド　２階,Ｐｙｒａｍｉｄ　２Ｆ<MTE_CONTROL_FF><MTE_CONTROL_FF><MTE_CONTROL_FF>,False,4,0,False,True,"Known uint16 bank-local table; target decoded using CP932+MTE, including repointed targets"
location_names,0x384BF4,0x3854EC,0x3854EC,,ピラミッド　３階,Ｐｙｒａｍｉｄ　３Ｆ<MTE_CONTROL_FF><MTE_CONTROL_FF><MTE_CONTROL_FF>,False,4,0,False,True,"Known uint16 bank-local table; target decoded using CP932+MTE, including repointed targets"
location_names,0x384BF6,0x385500,0x385500,,ピラミッド　４階,Ｐｙｒａｍｉｄ　４Ｆ<MTE_CONTROL_FF><MTE_CONTROL_FF><MTE_CONTROL_FF>,False,4,0,False,True,"Known uint16 bank-local table; target decoded using CP932+MTE, including repointed targets"
location_names,0x384BF8,0x385514,0x385514,,ピラミッド　５階,Ｐｙｒａｍｉｄ　５Ｆ<MTE_CONTROL_FF><MTE_CONTROL_FF><MTE_CONTROL_FF>,False,4,0,False,True,"Known uint16 bank-local table; target decoded using CP932+MTE, including repointed targets"
location_names,0x384BFA,0x385528,0x385528,,太古のピラミッド　１階,Ａｎｃｉｅｎｔ　Ｐｙｒａｍｉｄ　１Ｆ<MTE_CONTROL_FF><MTE_CONTROL_FF><MTE_CONTROL_FF><MTE_CONTROL_FF>,False,6,0,False,True,"Known uint16 bank-local table; target decoded using CP932+MTE, including repointed targets"
location_names,0x384BFC,0x385542,0x385542,,太古のピラミッド　２階,Ａｎｃｉｅｎｔ　Ｐｙｒａｍｉｄ　２Ｆ<MTE_CONTROL_FF><MTE_CONTROL_FF><MTE_CONTROL_FF><MTE_CONTROL_FF>,False,6,0,False,True,"Known uint16 bank-local table; target decoded using CP932+MTE, including repointed targets"
location_names,0x384BFE,0x38555C,0x38555C,,太古のピラミッド　３階,Ａｎｃｉｅｎｔ　Ｐｙｒａｍｉｄ　３Ｆ<MTE_CONTROL_FF><MTE_CONTROL_FF><MTE_CONTROL_FF><MTE_CONTROL_FF>,False,6,0,False,True,"Known uint16 bank-local table; target decoded using CP932+MTE, including repointed targets"
location_names,0x384C00,0x385576,0x385576,,水源　地下,Ｗａｔｅｒ　Ｂ<MTE_CONTROL_FF>,False,3,0,False,True,"Known uint16 bank-local table; target decoded using CP932+MTE, including repointed targets"
location_names,0x384C02,0x385584,0x385584,,バザー,Ｓｈｏｐ,False,1,0,False,True,"Known uint16 bank-local table; target decoded using CP932+MTE, including repointed targets"
location_names,0x384C04,0x38558E,0x38558E,,ハイランド,Ｈｉｇｈｌａｎｄ,False,2,0,False,True,"Known uint16 bank-local table; target decoded using CP932+MTE, including repointed targets"
location_names,0x384C06,0x38559C,0x38559C,,Δ石内部　地下１階,Ｄ．Ｓｔｏｎｅ　Ｂ１Ｆ,False,1,0,False,True,"Known uint16 bank-local table; target decoded using CP932+MTE, including repointed targets"
location_names,0x384C08,0x3855B2,0x3855B2,,Δ石内部　地下２階,Ｄ．Ｓｔｏｎｅ　Ｂ２Ｆ,False,1,0,False,True,"Known uint16 bank-local table; target decoded using CP932+MTE, including repointed targets"
location_names,0x384C0A,0x3855C8,0x3855C8,,Δ石内部　地下３階,Ｄ．Ｓｔｏｎｅ　Ｂ３Ｆ,False,1,0,False,True,"Known uint16 bank-local table; target decoded using CP932+MTE, including repointed targets"
location_names,0x384C0C,0x3855DE,0x3855DE,,ハイライン城,Ｈｉｇｈｌｉｎｅ,False,2,0,False,True,"Known uint16 bank-local table; target decoded using CP932+MTE, including repointed targets"
location_names,0x384C0E,0x3855EE,0x3855EE,,ハイライン城　地下,Ｈｉｇｈｌｉｎｅ　Ｂ<MTE_CONTROL_FF><MTE_CONTROL_FF>,False,5,0,False,True,"Known uint16 bank-local table; target decoded using CP932+MTE, including repointed targets"
location_names,0x384C10,0x385604,0x385604,,ハイライン城　１階,Ｈｉｇｈｌｉｎｅ　１Ｆ<MTE_CONTROL_FF>,False,4,0,False,True,"Known uint16 bank-local table; target decoded using CP932+MTE, including repointed targets"
location_names,0x384C12,0x38561A,0x38561A,,ハイライン城　２階,Ｈｉｇｈｌｉｎｅ　２Ｆ<MTE_CONTROL_FF>,False,4,0,False,True,"Known uint16 bank-local table; target decoded using CP932+MTE, including repointed targets"
location_names,0x384C14,0x385630,0x385630,,ハイライン城　３階,Ｈｉｇｈｌｉｎｅ　３Ｆ<MTE_CONTROL_FF>,False,4,0,False,True,"Known uint16 bank-local table; target decoded using CP932+MTE, including repointed targets"
location_names,0x384C16,0x385646,0x385646,,ノルディアへの道,Ｔｏ　Ｎｏｒｄｉａ,False,1,0,False,True,"Known uint16 bank-local table; target decoded using CP932+MTE, including repointed targets"
location_names,0x384C18,0x38565A,0x38565A,,絶壁　１階,Ｃｌｆ１Ｆ,False,0,0,False,True,"Known uint16 bank-local table; target decoded using CP932+MTE, including repointed targets"
location_names,0x384C1A,0x385668,0x385668,,絶壁　２階,Ｃｌｆ２Ｆ,False,0,0,False,True,"Known uint16 bank-local table; target decoded using CP932+MTE, including repointed targets"
location_names,0x384C1C,0x385676,0x385676,,絶壁　３階,Ｃｌｆ３Ｆ,False,0,0,False,True,"Known uint16 bank-local table; target decoded using CP932+MTE, including repointed targets"
location_names,0x384C1E,0x385684,0x385684,,絶壁　４階,Ｃｌｆ４Ｆ,False,0,0,False,True,"Known uint16 bank-local table; target decoded using CP932+MTE, including repointed targets"
location_names,0x384C20,0x385692,0x385692,,ノルディア,Ｎｏｒｄｉａ,False,1,0,False,True,"Known uint16 bank-local table; target decoded using CP932+MTE, including repointed targets"
location_names,0x384C22,0x3856A0,0x3856A0,,ヴァルハス城,Ｖａｌｈａｓ　Ｃ,False,2,0,False,True,"Known uint16 bank-local table; target decoded using CP932+MTE, including repointed targets"
location_names,0x384C24,0x3856B0,0x3856B0,,聖女の塔　１階,Ｓａｉｎｔ　１Ｆ<MTE_CONTROL_FF>,False,3,0,False,True,"Known uint16 bank-local table; target decoded using CP932+MTE, including repointed targets"
location_names,0x384C26,0x3856C2,0x3856C2,,聖女の塔　２階,Ｓａｉｎｔ　２Ｆ<MTE_CONTROL_FF>,False,3,0,False,True,"Known uint16 bank-local table; target decoded using CP932+MTE, including repointed targets"
location_names,0x384C28,0x3856D4,0x3856D4,,ヴァルハス城　地下,Ｖａｌｈａｓ　Ｂ<MTE_CONTROL_FF><MTE_CONTROL_FF><MTE_CONTROL_FF>,False,5,0,False,True,"Known uint16 bank-local table; target decoded using CP932+MTE, including repointed targets"
location_names,0x384C2A,0x3856EA,0x3856EA,,ヴァルハス城　１階,Ｖａｌｈａｓ　１Ｆ<MTE_CONTROL_FF><MTE_CONTROL_FF>,False,4,0,False,True,"Known uint16 bank-local table; target decoded using CP932+MTE, including repointed targets"
location_names,0x384C2C,0x385700,0x385700,,ヴァルハス城　２階,Ｖａｌｈａｓ　２Ｆ<MTE_CONTROL_FF><MTE_CONTROL_FF>,False,4,0,False,True,"Known uint16 bank-local table; target decoded using CP932+MTE, including repointed targets"
location_names,0x384C2E,0x385716,0x385716,,ヴァルハス城　３階,Ｖａｌｈａｓ　３Ｆ<MTE_CONTROL_FF><MTE_CONTROL_FF>,False,4,0,False,True,"Known uint16 bank-local table; target decoded using CP932+MTE, including repointed targets"
location_names,0x384C30,0x38572C,0x38572C,,宝物庫　東,Ｔｒｓｙ　Ｅ,False,1,0,False,True,"Known uint16 bank-local table; target decoded using CP932+MTE, including repointed targets"
location_names,0x384C32,0x38573A,0x38573A,,宝物庫　西,Ｔｒｓｙ　Ｗ,False,1,0,False,True,"Known uint16 bank-local table; target decoded using CP932+MTE, including repointed targets"
location_names,0x384C34,0x385748,0x385748,,地下神殿　地下１階,Ｕｎｄ．　Ｔ　Ｂ１Ｆ,False,1,0,False,True,"Known uint16 bank-local table; target decoded using CP932+MTE, including repointed targets"
location_names,0x384C36,0x38575E,0x38575E,,地下神殿　地下２階,Ｕｎｄ．　Ｔ　Ｂ２Ｆ,False,1,0,False,True,"Known uint16 bank-local table; target decoded using CP932+MTE, including repointed targets"
location_names,0x384C38,0x385774,0x385774,,地下神殿　地下３階,Ｕｎｄ．　Ｔ　Ｂ３Ｆ,False,1,0,False,True,"Known uint16 bank-local table; target decoded using CP932+MTE, including repointed targets"
location_names,0x384C3A,0x38578A,0x38578A,,ウェスタリア,Ｗｅｓｔａｒｉａ<MTE_CONTROL_FF>,False,4,0,False,True,"Known uint16 bank-local table; target decoded using CP932+MTE, including repointed targets"
location_names,0x384C3C,0x38579A,0x38579A,,モンスターの塔　地下１階,Ｍｏｎｓｔｅｒ　Ｔｏｗｅｒ　Ｂ１Ｆ<MTE_CONTROL_FF><MTE_CONTROL_FF><MTE_CONTROL_FF>,False,7,0,False,True,"Known uint16 bank-local table; target decoded using CP932+MTE, including repointed targets"
location_names,0x384C3E,0x3857B6,0x3857B6,,モンスターの塔　１階,Ｍｏｎｓｔｅｒ　Ｔｏｗｅｒ　１Ｆ<MTE_CONTROL_FF><MTE_CONTROL_FF>,False,6,0,False,True,"Known uint16 bank-local table; target decoded using CP932+MTE, including repointed targets"
location_names,0x384C40,0x3857CE,0x3857CE,,モンスターの塔　２階,Ｍｏｎｓｔｅｒ　Ｔｏｗｅｒ　２Ｆ<MTE_CONTROL_FF><MTE_CONTROL_FF>,False,6,0,False,True,"Known uint16 bank-local table; target decoded using CP932+MTE, including repointed targets"
location_names,0x384C42,0x3857E6,0x3857E6,,モンスターの塔　３階,Ｍｏｎｓｔｅｒ　Ｔｏｗｅｒ　３Ｆ<MTE_CONTROL_FF><MTE_CONTROL_FF>,False,6,0,False,True,"Known uint16 bank-local table; target decoded using CP932+MTE, including repointed targets"
location_names,0x384C44,0x3857FE,0x3857FE,,モンスターの塔　４階,Ｍｏｎｓｔｅｒ　Ｔｏｗｅｒ　４Ｆ<MTE_CONTROL_FF><MTE_CONTROL_FF>,False,6,0,False,True,"Known uint16 bank-local table; target decoded using CP932+MTE, including repointed targets"
location_names,0x384C46,0x385816,0x385816,,モンスターの塔　５階,Ｍｏｎｓｔｅｒ　Ｔｏｗｅｒ　５Ｆ<MTE_CONTROL_FF><MTE_CONTROL_FF>,False,6,0,False,True,"Known uint16 bank-local table; target decoded using CP932+MTE, including repointed targets"
location_names,0x384C48,0x38582E,0x38582E,,モンスターの塔　６階,Ｍｏｎｓｔｅｒ　Ｔｏｗｅｒ　６Ｆ<MTE_CONTROL_FF><MTE_CONTROL_FF>,False,6,0,False,True,"Known uint16 bank-local table; target decoded using CP932+MTE, including repointed targets"
location_names,0x384C4A,0x385846,0x385846,,モンスターの塔　７階,Ｍｏｎｓｔｅｒ　Ｔｏｗｅｒ　７Ｆ<MTE_CONTROL_FF><MTE_CONTROL_FF>,False,6,0,False,True,"Known uint16 bank-local table; target decoded using CP932+MTE, including repointed targets"
location_names,0x384C4C,0x38585E,0x38585E,,モンスターの塔　８階,Ｍｏｎｓｔｅｒ　Ｔｏｗｅｒ　８Ｆ<MTE_CONTROL_FF><MTE_CONTROL_FF>,False,6,0,False,True,"Known uint16 bank-local table; target decoded using CP932+MTE, including repointed targets"
location_names,0x384C4E,0x385876,0x385876,,モンスターの塔　９階,Ｍｏｎｓｔｅｒ　Ｔｏｗｅｒ　９Ｆ<MTE_CONTROL_FF><MTE_CONTROL_FF>,False,6,0,False,True,"Known uint16 bank-local table; target decoded using CP932+MTE, including repointed targets"
location_names,0x384C50,0x38588E,0x38588E,,モンスターの塔　１０階,Ｍｏｎｓｔｅｒ　Ｔｏｗｅｒ　１０Ｆ<MTE_CONTROL_FF><MTE_CONTROL_FF>,False,6,0,False,True,"Known uint16 bank-local table; target decoded using CP932+MTE, including repointed targets"
location_names,0x384C52,0x3858A8,0x3858A8,,モンスターの塔　１１階,Ｍｏｎｓｔｅｒ　Ｔｏｗｅｒ　１１Ｆ<MTE_CONTROL_FF><MTE_CONTROL_FF>,False,6,0,False,True,"Known uint16 bank-local table; target decoded using CP932+MTE, including repointed targets"
location_names,0x384C54,0x3858C2,0x3858C2,,モンスターの塔　１２階,Ｍｏｎｓｔｅｒ　Ｔｏｗｅｒ　１２Ｆ<MTE_CONTROL_FF><MTE_CONTROL_FF>,False,6,0,False,True,"Known uint16 bank-local table; target decoded using CP932+MTE, including repointed targets"
location_names,0x384C56,0x3858DC,0x3858DC,,モンスターの塔　１３階,Ｍｏｎｓｔｅｒ　Ｔｏｗｅｒ　１３Ｆ<MTE_CONTROL_FF><MTE_CONTROL_FF>,False,6,0,False,True,"Known uint16 bank-local table; target decoded using CP932+MTE, including repointed targets"
location_names,0x384C58,0x3858F6,0x3858F6,,モンスターの塔　１４階,Ｍｏｎｓｔｅｒ　Ｔｏｗｅｒ　１４Ｆ<MTE_CONTROL_FF><MTE_CONTROL_FF>,False,6,0,False,True,"Known uint16 bank-local table; target decoded using CP932+MTE, including repointed targets"
location_names,0x384C5A,0x385910,0x385910,,モンスターの塔　１５階,Ｍｏｎｓｔｅｒ　Ｔｏｗｅｒ　１５Ｆ<MTE_CONTROL_FF><MTE_CONTROL_FF>,False,6,0,False,True,"Known uint16 bank-local table; target decoded using CP932+MTE, including repointed targets"
location_names,0x384C5C,0x38592A,0x38592A,,モンスターの塔　１６階,Ｍｏｎｓｔｅｒ　Ｔｏｗｅｒ　１６Ｆ<MTE_CONTROL_FF><MTE_CONTROL_FF>,False,6,0,False,True,"Known uint16 bank-local table; target decoded using CP932+MTE, including repointed targets"
location_names,0x384C5E,0x385944,0x385944,,モンスターの塔　１７階,Ｍｏｎｓｔｅｒ　Ｔｏｗｅｒ　１７Ｆ<MTE_CONTROL_FF><MTE_CONTROL_FF>,False,6,0,False,True,"Known uint16 bank-local table; target decoded using CP932+MTE, including repointed targets"
location_names,0x384C60,0x38595E,0x38595E,,モンスターの塔　１８階,Ｍｏｎｓｔｅｒ　Ｔｏｗｅｒ　１８Ｆ<MTE_CONTROL_FF><MTE_CONTROL_FF>,False,6,0,False,True,"Known uint16 bank-local table; target decoded using CP932+MTE, including repointed targets"
location_names,0x384C62,0x385978,0x385978,,モンスターの塔　１９階,Ｍｏｎｓｔｅｒ　Ｔｏｗｅｒ　１９Ｆ<MTE_CONTROL_FF><MTE_CONTROL_FF>,False,6,0,False,True,"Known uint16 bank-local table; target decoded using CP932+MTE, including repointed targets"
location_names,0x384C64,0x385992,0x385992,,モンスターの塔　２０階,Ｍｏｎｓｔｅｒ　Ｔｏｗｅｒ　２０Ｆ<MTE_CONTROL_FF><MTE_CONTROL_FF>,False,6,0,False,True,"Known uint16 bank-local table; target decoded using CP932+MTE, including repointed targets"
location_names,0x384C66,0x3859AC,0x3859AC,,モンスターの塔　２１階,Ｍｏｎｓｔｅｒ　Ｔｏｗｅｒ　２１Ｆ<MTE_CONTROL_FF><MTE_CONTROL_FF>,False,6,0,False,True,"Known uint16 bank-local table; target decoded using CP932+MTE, including repointed targets"
location_names,0x384C68,0x3859C6,0x3859C6,,モンスターの塔　２２階,Ｍｏｎｓｔｅｒ　Ｔｏｗｅｒ　２２Ｆ<MTE_CONTROL_FF><MTE_CONTROL_FF>,False,6,0,False,True,"Known uint16 bank-local table; target decoded using CP932+MTE, including repointed targets"
location_names,0x384C6A,0x3859E0,0x3859E0,,モンスターの塔　２３階,Ｍｏｎｓｔｅｒ　Ｔｏｗｅｒ　２３Ｆ<MTE_CONTROL_FF><MTE_CONTROL_FF>,False,6,0,False,True,"Known uint16 bank-local table; target decoded using CP932+MTE, including repointed targets"
location_names,0x384C6C,0x3859FA,0x3859FA,,モンスターの塔　２４階,Ｍｏｎｓｔｅｒ　Ｔｏｗｅｒ　２４Ｆ<MTE_CONTROL_FF><MTE_CONTROL_FF>,False,6,0,False,True,"Known uint16 bank-local table; target decoded using CP932+MTE, including repointed targets"
location_names,0x384C6E,0x385A14,0x385A14,,モンスターの塔　２５階,Ｍｏｎｓｔｅｒ　Ｔｏｗｅｒ　２５Ｆ<MTE_CONTROL_FF><MTE_CONTROL_FF>,False,6,0,False,True,"Known uint16 bank-local table; target decoded using CP932+MTE, including repointed targets"
location_names,0x384C70,0x385A2E,0x385A2E,,モンスターの塔　２６階,Ｍｏｎｓｔｅｒ　Ｔｏｗｅｒ　２６Ｆ<MTE_CONTROL_FF><MTE_CONTROL_FF>,False,6,0,False,True,"Known uint16 bank-local table; target decoded using CP932+MTE, including repointed targets"
location_names,0x384C72,0x385A48,0x385A48,,モンスターの塔　２７階,Ｍｏｎｓｔｅｒ　Ｔｏｗｅｒ　２７Ｆ<MTE_CONTROL_FF><MTE_CONTROL_FF>,False,6,0,False,True,"Known uint16 bank-local table; target decoded using CP932+MTE, including repointed targets"
location_names,0x384C74,0x385A62,0x385A62,,モンスターの塔　２８階,Ｍｏｎｓｔｅｒ　Ｔｏｗｅｒ　２８Ｆ<MTE_CONTROL_FF><MTE_CONTROL_FF>,False,6,0,False,True,"Known uint16 bank-local table; target decoded using CP932+MTE, including repointed targets"
location_names,0x384C76,0x385A7C,0x385A7C,,モンスターの塔　２９階,Ｍｏｎｓｔｅｒ　Ｔｏｗｅｒ　２９Ｆ<MTE_CONTROL_FF><MTE_CONTROL_FF>,False,6,0,False,True,"Known uint16 bank-local table; target decoded using CP932+MTE, including repointed targets"
location_names,0x384C78,0x385A96,0x385A96,,モンスターの塔　３０階,Ｍｏｎｓｔｅｒ　Ｔｏｗｅｒ　３０Ｆ<MTE_CONTROL_FF><MTE_CONTROL_FF>,False,6,0,False,True,"Known uint16 bank-local table; target decoded using CP932+MTE, including repointed targets"
location_names,0x384C7A,0x385AB0,0x385AB0,,モンスターの塔　３１階,Ｍｏｎｓｔｅｒ　Ｔｏｗｅｒ　３１Ｆ<MTE_CONTROL_FF><MTE_CONTROL_FF>,False,6,0,False,True,"Known uint16 bank-local table; target decoded using CP932+MTE, including repointed targets"
location_names,0x384C7C,0x385ACA,0x385ACA,,モンスターの塔　３２階,Ｍｏｎｓｔｅｒ　Ｔｏｗｅｒ　３２Ｆ<MTE_CONTROL_FF><MTE_CONTROL_FF>,False,6,0,False,True,"Known uint16 bank-local table; target decoded using CP932+MTE, including repointed targets"
location_names,0x384C7E,0x385AE4,0x385AE4,,モンスターの塔　３３階,Ｍｏｎｓｔｅｒ　Ｔｏｗｅｒ　３３Ｆ<MTE_CONTROL_FF><MTE_CONTROL_FF>,False,6,0,False,True,"Known uint16 bank-local table; target decoded using CP932+MTE, including repointed targets"
location_names,0x384C80,0x385AFE,0x385AFE,,モンスターの塔　３４階,Ｍｏｎｓｔｅｒ　Ｔｏｗｅｒ　３４Ｆ<MTE_CONTROL_FF><MTE_CONTROL_FF>,False,6,0,False,True,"Known uint16 bank-local table; target decoded using CP932+MTE, including repointed targets"
location_names,0x384C82,0x385B18,0x385B18,,モンスターの塔　３５階,Ｍｏｎｓｔｅｒ　Ｔｏｗｅｒ　３５Ｆ<MTE_CONTROL_FF><MTE_CONTROL_FF>,False,6,0,False,True,"Known uint16 bank-local table; target decoded using CP932+MTE, including repointed targets"
location_names,0x384C84,0x385B32,0x385B32,,モンスターの塔　３６階,Ｍｏｎｓｔｅｒ　Ｔｏｗｅｒ　３６Ｆ<MTE_CONTROL_FF><MTE_CONTROL_FF>,False,6,0,False,True,"Known uint16 bank-local table; target decoded using CP932+MTE, including repointed targets"
location_names,0x384C86,0x385B4C,0x385B4C,,モンスターの塔　３７階,Ｍｏｎｓｔｅｒ　Ｔｏｗｅｒ　３７Ｆ<MTE_CONTROL_FF><MTE_CONTROL_FF>,False,6,0,False,True,"Known uint16 bank-local table; target decoded using CP932+MTE, including repointed targets"
location_names,0x384C88,0x385B66,0x385B66,,モンスターの塔　３８階,Ｍｏｎｓｔｅｒ　Ｔｏｗｅｒ　３８Ｆ<MTE_CONTROL_FF><MTE_CONTROL_FF>,False,6,0,False,True,"Known uint16 bank-local table; target decoded using CP932+MTE, including repointed targets"
location_names,0x384C8A,0x385B80,0x385B80,,モンスターの塔　３９階,Ｍｏｎｓｔｅｒ　Ｔｏｗｅｒ　３９Ｆ<MTE_CONTROL_FF><MTE_CONTROL_FF>,False,6,0,False,True,"Known uint16 bank-local table; target decoded using CP932+MTE, including repointed targets"
location_names,0x384C8C,0x385B9A,0x385B9A,,モンスターの塔　４０階,Ｍｏｎｓｔｅｒ　Ｔｏｗｅｒ　４０Ｆ<MTE_CONTROL_FF><MTE_CONTROL_FF>,False,6,0,False,True,"Known uint16 bank-local table; target decoded using CP932+MTE, including repointed targets"
location_names,0x384C8E,0x385BB4,0x385BB4,,モンスターの塔　４１階,Ｍｏｎｓｔｅｒ　Ｔｏｗｅｒ　４１Ｆ<MTE_CONTROL_FF><MTE_CONTROL_FF>,False,6,0,False,True,"Known uint16 bank-local table; target decoded using CP932+MTE, including repointed targets"
location_names,0x384C90,0x385BCE,0x385BCE,,モンスターの塔　４２階,Ｍｏｎｓｔｅｒ　Ｔｏｗｅｒ　４２Ｆ<MTE_CONTROL_FF><MTE_CONTROL_FF>,False,6,0,False,True,"Known uint16 bank-local table; target decoded using CP932+MTE, including repointed targets"
location_names,0x384C92,0x385BE8,0x385BE8,,モンスターの塔　４３階,Ｍｏｎｓｔｅｒ　Ｔｏｗｅｒ　４３Ｆ<MTE_CONTROL_FF><MTE_CONTROL_FF>,False,6,0,False,True,"Known uint16 bank-local table; target decoded using CP932+MTE, including repointed targets"
location_names,0x384C94,0x385C02,0x385C02,,モンスターの塔　４４階,Ｍｏｎｓｔｅｒ　Ｔｏｗｅｒ　４４Ｆ<MTE_CONTROL_FF><MTE_CONTROL_FF>,False,6,0,False,True,"Known uint16 bank-local table; target decoded using CP932+MTE, including repointed targets"
location_names,0x384C96,0x385C1C,0x385C1C,,モンスターの塔　４５階,Ｍｏｎｓｔｅｒ　Ｔｏｗｅｒ　４５Ｆ<MTE_CONTROL_FF><MTE_CONTROL_FF>,False,6,0,False,True,"Known uint16 bank-local table; target decoded using CP932+MTE, including repointed targets"
location_names,0x384C98,0x385C36,0x385C36,,モンスターの塔　４６階,Ｍｏｎｓｔｅｒ　Ｔｏｗｅｒ　４６Ｆ<MTE_CONTROL_FF><MTE_CONTROL_FF>,False,6,0,False,True,"Known uint16 bank-local table; target decoded using CP932+MTE, including repointed targets"
location_names,0x384C9A,0x385C50,0x385C50,,モンスターの塔　４７階,Ｍｏｎｓｔｅｒ　Ｔｏｗｅｒ　４７Ｆ<MTE_CONTROL_FF><MTE_CONTROL_FF>,False,6,0,False,True,"Known uint16 bank-local table; target decoded using CP932+MTE, including repointed targets"
location_names,0x384C9C,0x385C6A,0x385C6A,,モンスターの塔　４８階,Ｍｏｎｓｔｅｒ　Ｔｏｗｅｒ　４８Ｆ<MTE_CONTROL_FF><MTE_CONTROL_FF>,False,6,0,False,True,"Known uint16 bank-local table; target decoded using CP932+MTE, including repointed targets"
location_names,0x384C9E,0x385C84,0x385C84,,モンスターの塔　４９階,Ｍｏｎｓｔｅｒ　Ｔｏｗｅｒ　４９Ｆ<MTE_CONTROL_FF><MTE_CONTROL_FF>,False,6,0,False,True,"Known uint16 bank-local table; target decoded using CP932+MTE, including repointed targets"
location_names,0x384CA0,0x385C9E,0x385C9E,,モンスターの塔　５０階,Ｍｏｎｓｔｅｒ　Ｔｏｗｅｒ　５０Ｆ<MTE_CONTROL_FF><MTE_CONTROL_FF>,False,6,0,False,True,"Known uint16 bank-local table; target decoded using CP932+MTE, including repointed targets"
location_names,0x384CA2,0x385CB8,0x385CB8,,モンスターの塔　５１階,Ｍｏｎｓｔｅｒ　Ｔｏｗｅｒ　５１Ｆ<MTE_CONTROL_FF><MTE_CONTROL_FF>,False,6,0,False,True,"Known uint16 bank-local table; target decoded using CP932+MTE, including repointed targets"
location_names,0x384CA4,0x385CD2,0x385CD2,,モンスターの塔　５２階,Ｍｏｎｓｔｅｒ　Ｔｏｗｅｒ　５２Ｆ<MTE_CONTROL_FF><MTE_CONTROL_FF>,False,6,0,False,True,"Known uint16 bank-local table; target decoded using CP932+MTE, including repointed targets"
location_names,0x384CA6,0x385CEC,0x385CEC,,モンスターの塔　５３階,Ｍｏｎｓｔｅｒ　Ｔｏｗｅｒ　５３Ｆ<MTE_CONTROL_FF><MTE_CONTROL_FF>,False,6,0,False,True,"Known uint16 bank-local table; target decoded using CP932+MTE, including repointed targets"
location_names,0x384CA8,0x385D06,0x385D06,,モンスターの塔　５４階,Ｍｏｎｓｔｅｒ　Ｔｏｗｅｒ　５４Ｆ<MTE_CONTROL_FF><MTE_CONTROL_FF>,False,6,0,False,True,"Known uint16 bank-local table; target decoded using CP932+MTE, including repointed targets"
location_names,0x384CAA,0x385D20,0x385D20,,ラッキーダンジョン　１階,Ｌｕｃｋｙ　Ｄｎｇｎ　１Ｆ<MTE_CONTROL_FF>,False,3,0,False,True,"Known uint16 bank-local table; target decoded using CP932+MTE, including repointed targets"
location_names,0x384CAC,0x385D3C,0x385D3C,,ラッキーダンジョン　２階,Ｌｕｃｋｙ　Ｄｎｇｎ　２Ｆ<MTE_CONTROL_FF>,False,3,0,False,True,"Known uint16 bank-local table; target decoded using CP932+MTE, including repointed targets"
location_names,0x384CAE,0x385D58,0x385D58,,成金王の神殿,Ｒｉｃｈ　Ｋｉｎｇ,False,2,0,False,True,"Known uint16 bank-local table; target decoded using CP932+MTE, including repointed targets"
location_names,0x384CB0,0x385D68,0x385D68,,サーカステント,Ｃｉｒｃｕｓ　Ｔｅｎｔ,False,3,0,False,True,"Known uint16 bank-local table; target decoded using CP932+MTE, including repointed targets"
location_names,0x384CB2,0x385D7A,0x385D7A,,クダイ,Ｋｕｄａｉ<MTE_CONTROL_FF>,False,2,0,False,True,"Known uint16 bank-local table; target decoded using CP932+MTE, including repointed targets"
location_names,0x384CB4,0x385D84,0x385D84,,アルケミアへの道,Ｔｏ　Ａｌｃｈｅｍｉａ<MTE_CONTROL_FF><MTE_CONTROL_FF><MTE_CONTROL_FF><MTE_CONTROL_FF>,False,5,0,False,True,"Known uint16 bank-local table; target decoded using CP932+MTE, including repointed targets"
location_names,0x384CB6,0x385D98,0x385D98,,玄武の塔　１階,Ｇｅｎｂｕ１<MTE_CONTROL_FF><MTE_CONTROL_FF>,False,3,0,False,True,"Known uint16 bank-local table; target decoded using CP932+MTE, including repointed targets"
location_names,0x384CB8,0x385DAA,0x385DAA,,玄武の塔　２階,Ｇｅｎｂｕ２<MTE_CONTROL_FF><MTE_CONTROL_FF>,False,3,0,False,True,"Known uint16 bank-local table; target decoded using CP932+MTE, including repointed targets"
location_names,0x384CBA,0x385DBC,0x385DBC,,玄武の塔　３階,Ｇｅｎｂｕ３<MTE_CONTROL_FF><MTE_CONTROL_FF>,False,3,0,False,True,"Known uint16 bank-local table; target decoded using CP932+MTE, including repointed targets"
location_names,0x384CBC,0x385DCE,0x385DCE,,廃坑　地下１階,ＯｌｄＭｉｎｅ１<MTE_CONTROL_FF>,False,3,0,False,True,"Known uint16 bank-local table; target decoded using CP932+MTE, including repointed targets"
location_names,0x384CBE,0x385DE0,0x385DE0,,廃坑　地下２階,ＯｌｄＭｉｎｅ２<MTE_CONTROL_FF>,False,3,0,False,True,"Known uint16 bank-local table; target decoded using CP932+MTE, including repointed targets"
location_names,0x384CC0,0x385DF2,0x385DF2,,廃坑　地下３階,ＯｌｄＭｉｎｅ３<MTE_CONTROL_FF>,False,3,0,False,True,"Known uint16 bank-local table; target decoded using CP932+MTE, including repointed targets"
location_names,0x384CC2,0x385E04,0x385E04,,白虎の塔　１階,Ｂｙａｋｋｏ１,False,0,0,False,True,"Known uint16 bank-local table; target decoded using CP932+MTE, including repointed targets"
location_names,0x384CC4,0x385E16,0x385E16,,白虎の塔　２階,Ｂｙａｋｋｏ２,False,0,0,False,True,"Known uint16 bank-local table; target decoded using CP932+MTE, including repointed targets"
location_names,0x384CC6,0x385E28,0x385E28,,白虎の塔　３階,Ｂｙａｋｋｏ３,False,0,0,False,True,"Known uint16 bank-local table; target decoded using CP932+MTE, including repointed targets"
location_names,0x384CC8,0x385E3A,0x385E3A,,キーラン城,Ｋｉｒａｎ　Ｃ,False,2,0,False,True,"Known uint16 bank-local table; target decoded using CP932+MTE, including repointed targets"
location_names,0x384CCA,0x385E48,0x385E48,,希望のほこら,Ｈｏｐｅ　Ｓｈｒｉｎｅ<MTE_CONTROL_FF><MTE_CONTROL_FF>,False,4,0,False,True,"Known uint16 bank-local table; target decoded using CP932+MTE, including repointed targets"
location_names,0x384CCC,0x385E58,0x385E58,,キーラン城　１階,Ｋｉｒａｎ　Ｃ１Ｆ<MTE_CONTROL_FF>,False,3,0,False,True,"Known uint16 bank-local table; target decoded using CP932+MTE, including repointed targets"
location_names,0x384CCE,0x385E6C,0x385E6C,,キーラン城　２階,Ｋｉｒａｎ　Ｃ２Ｆ<MTE_CONTROL_FF>,False,3,0,False,True,"Known uint16 bank-local table; target decoded using CP932+MTE, including repointed targets"
location_names,0x384CD0,0x385E80,0x385E80,,キーラン城への抜け道,Ｋｉｒａｎ　Ｐａｓｓａｇｅ<MTE_CONTROL_FF><MTE_CONTROL_FF>,False,6,0,False,True,"Known uint16 bank-local table; target decoded using CP932+MTE, including repointed targets"
location_names,0x384CD2,0x385E98,0x385E98,,青龍の塔　１階,Ｓｅｉｒｙｕ１<MTE_CONTROL_FF>,False,2,0,False,True,"Known uint16 bank-local table; target decoded using CP932+MTE, including repointed targets"
location_names,0x384CD4,0x385EAA,0x385EAA,,青龍の塔　２階,Ｓｅｉｒｙｕ２<MTE_CONTROL_FF>,False,2,0,False,True,"Known uint16 bank-local table; target decoded using CP932+MTE, including repointed targets"
location_names,0x384CD6,0x385EBC,0x385EBC,,青龍の塔　３階,Ｓｅｉｒｙｕ３<MTE_CONTROL_FF>,False,2,0,False,True,"Known uint16 bank-local table; target decoded using CP932+MTE, including repointed targets"
location_names,0x384CD8,0x385ECE,0x385ECE,,朱雀の塔　１階,Ｓｕｚａｋｕ１,False,0,0,False,True,"Known uint16 bank-local table; target decoded using CP932+MTE, including repointed targets"
location_names,0x384CDA,0x385EE0,0x385EE0,,朱雀の塔　２階,Ｓｕｚａｋｕ２,False,0,0,False,True,"Known uint16 bank-local table; target decoded using CP932+MTE, including repointed targets"
location_names,0x384CDC,0x385EF2,0x385EF2,,朱雀の塔　３階,Ｓｕｚａｋｕ３,False,0,0,False,True,"Known uint16 bank-local table; target decoded using CP932+MTE, including repointed targets"
location_names,0x384CDE,0x385F04,0x385F04,,リンコウ城,Ｒｉｎｋｏｕ<MTE_CONTROL_FF>,False,3,0,False,True,"Known uint16 bank-local table; target decoded using CP932+MTE, including repointed targets"
location_names,0x384CE0,0x385F12,0x385F12,,リンコウ城　１階,Ｒｉｎｋｏｕ１Ｆ<MTE_CONTROL_FF><MTE_CONTROL_FF>,False,4,0,False,True,"Known uint16 bank-local table; target decoded using CP932+MTE, including repointed targets"
location_names,0x384CE2,0x385F26,0x385F26,,リンコウ城　２階,Ｒｉｎｋｏｕ２Ｆ<MTE_CONTROL_FF><MTE_CONTROL_FF>,False,4,0,False,True,"Known uint16 bank-local table; target decoded using CP932+MTE, including repointed targets"
location_names,0x384CE4,0x385F3A,0x385F3A,,フダイ,Ｆｕｄａｉ<MTE_CONTROL_FF>,False,2,0,False,True,"Known uint16 bank-local table; target decoded using CP932+MTE, including repointed targets"
location_names,0x384CE6,0x385F44,0x385F44,,仙人ホウライの家,Ｈｏｕｒａｉ　Ｈｏｕｓｅ,False,4,0,False,True,"Known uint16 bank-local table; target decoded using CP932+MTE, including repointed targets"
location_names,0x384CE8,0x385F58,0x385F58,,ホウライ山への道　１階,Ｈｏｒａｉ　Ｒｄ　１Ｆ<MTE_CONTROL_FF>,False,2,0,False,True,"Known uint16 bank-local table; target decoded using CP932+MTE, including repointed targets"
location_names,0x384CEA,0x385F72,0x385F72,,ホウライ山への道　２階,Ｈｏｒａｉ　Ｒｄ　２Ｆ<MTE_CONTROL_FF>,False,2,0,False,True,"Known uint16 bank-local table; target decoded using CP932+MTE, including repointed targets"
location_names,0x384CEC,0x385F8C,0x385F8C,,ホウライ山への道　３階,Ｈｏｒａｉ　Ｒｄ　３Ｆ<MTE_CONTROL_FF>,False,2,0,False,True,"Known uint16 bank-local table; target decoded using CP932+MTE, including repointed targets"
location_names,0x384CEE,0x385FA6,0x385FA6,,ホウライ山への道　４階,Ｈｏｒａｉ　Ｒｄ　４Ｆ<MTE_CONTROL_FF>,False,2,0,False,True,"Known uint16 bank-local table; target decoded using CP932+MTE, including repointed targets"
location_names,0x384CF0,0x385FC0,0x385FC0,,ホウライ山への道　５階,Ｈｏｒａｉ　Ｒｄ　５Ｆ<MTE_CONTROL_FF>,False,2,0,False,True,"Known uint16 bank-local table; target decoded using CP932+MTE, including repointed targets"
location_names,0x384CF2,0x385FDA,0x385FDA,,ミミコの家,Ｍｉｍｉｋｏ,False,1,0,False,True,"Known uint16 bank-local table; target decoded using CP932+MTE, including repointed targets"
location_names,0x384CF4,0x385FE8,0x385FE8,,大岩の洞窟　１階,Ｂｏｕｌｄｅｒ　Ｃａｖｅ　１Ｆ,False,3,0,False,True,"Known uint16 bank-local table; target decoded using CP932+MTE, including repointed targets"
location_names,0x384CF6,0x385FFC,0x385FFC,,大岩の洞窟　２階,Ｂｏｕｌｄｅｒ　Ｃａｖｅ　２Ｆ,False,3,0,False,True,"Known uint16 bank-local table; target decoded using CP932+MTE, including repointed targets"
location_names,0x384CF8,0x386010,0x386010,,大岩の洞窟　３階,Ｂｏｕｌｄｅｒ　Ｃａｖｅ　３Ｆ,False,3,0,False,True,"Known uint16 bank-local table; target decoded using CP932+MTE, including repointed targets"
location_names,0x384CFA,0x386024,0x386024,,大岩の洞窟　４階,Ｂｏｕｌｄｅｒ　Ｃａｖｅ　４Ｆ,False,3,0,False,True,"Known uint16 bank-local table; target decoded using CP932+MTE, including repointed targets"
location_names,0x384CFC,0x386038,0x386038,,水上洞窟　１階,Ｗａｔｅｒ１Ｆ,False,0,0,False,True,"Known uint16 bank-local table; target decoded using CP932+MTE, including repointed targets"
location_names,0x384CFE,0x38604A,0x38604A,,水上洞窟　２階,Ｗａｔｅｒ２Ｆ,False,0,0,False,True,"Known uint16 bank-local table; target decoded using CP932+MTE, including repointed targets"
location_names,0x384D00,0x38605C,0x38605C,,クノシス,Ｋｎｏｓ,False,0,0,False,True,"Known uint16 bank-local table; target decoded using CP932+MTE, including repointed targets"
location_names,0x384D02,0x386068,0x386068,,基地　１階,Ｂａｓｅ１,False,0,0,False,True,"Known uint16 bank-local table; target decoded using CP932+MTE, including repointed targets"
location_names,0x384D04,0x386076,0x386076,,基地　２階,Ｂａｓｅ２,False,0,0,False,True,"Known uint16 bank-local table; target decoded using CP932+MTE, including repointed targets"
location_names,0x384D06,0x386084,0x386084,,おうし座宮,Ｔａｕ　　,False,0,0,False,True,"Known uint16 bank-local table; target decoded using CP932+MTE, including repointed targets"
location_names,0x384D08,0x386092,0x386092,,おうし座宮　地下１階,Ｔａｕ　Ｂ１Ｆ　　　,False,0,0,False,True,"Known uint16 bank-local table; target decoded using CP932+MTE, including repointed targets"
location_names,0x384D0A,0x3860AA,0x3860AA,,てんびん座宮,Ｌｉｂ　　　,False,0,0,False,True,"Known uint16 bank-local table; target decoded using CP932+MTE, including repointed targets"
location_names,0x384D0C,0x3860BA,0x3860BA,,やぎ座宮,Ｃａｐ　,False,0,0,False,True,"Known uint16 bank-local table; target decoded using CP932+MTE, including repointed targets"
location_names,0x384D0E,0x3860C6,0x3860C6,,しし座宮,Ｌｅｏ　,False,0,0,False,True,"Known uint16 bank-local table; target decoded using CP932+MTE, including repointed targets"
location_names,0x384D10,0x3860D2,0x3860D2,,しし座宮　地下１階,Ｌｅｏ　Ｂ１Ｆ　　,False,0,0,False,True,"Known uint16 bank-local table; target decoded using CP932+MTE, including repointed targets"
location_names,0x384D12,0x3860E8,0x3860E8,,ふたご座宮,Ｇｅｍ　　,False,0,0,False,True,"Known uint16 bank-local table; target decoded using CP932+MTE, including repointed targets"
location_names,0x384D14,0x3860F6,0x3860F6,,おひつじ座宮,Ａｒｉ　　　,False,0,0,False,True,"Known uint16 bank-local table; target decoded using CP932+MTE, including repointed targets"
location_names,0x384D16,0x386106,0x386106,,おとめ座宮,Ｖｉｒ　　,False,0,0,False,True,"Known uint16 bank-local table; target decoded using CP932+MTE, including repointed targets"
location_names,0x384D18,0x386114,0x386114,,いて座宮,Ｓａｇ　,False,0,0,False,True,"Known uint16 bank-local table; target decoded using CP932+MTE, including repointed targets"
location_names,0x384D1A,0x386120,0x386120,,かに座宮,Ｃａｎ　,False,0,0,False,True,"Known uint16 bank-local table; target decoded using CP932+MTE, including repointed targets"
location_names,0x384D1C,0x38612C,0x38612C,,さそり座宮,Ｓｃｏ　　,False,0,0,False,True,"Known uint16 bank-local table; target decoded using CP932+MTE, including repointed targets"
location_names,0x384D1E,0x38613A,0x38613A,,うお座宮,Ｐｉｓ　,False,0,0,False,True,"Known uint16 bank-local table; target decoded using CP932+MTE, including repointed targets"
location_names,0x384D20,0x386146,0x386146,,みずがめ座宮,Ａｑｕ　　　,False,0,0,False,True,"Known uint16 bank-local table; target decoded using CP932+MTE, including repointed targets"
location_names,0x384D22,0x386156,0x386156,,ビッグブランク,ＢＢｌａｎｋ　,False,0,0,False,True,"Known uint16 bank-local table; target decoded using CP932+MTE, including repointed targets"
location_names,0x384D24,0x386168,0x386168,,ビッグブランク城,ＢＢｌａｎｋ　Ｃ,False,0,0,False,True,"Known uint16 bank-local table; target decoded using CP932+MTE, including repointed targets"
location_names,0x384D26,0x38617C,0x38617C,,ビッグブランク城　１階,ＢＢｌａｎｋ　Ｃ　１Ｆ,False,0,0,False,True,"Known uint16 bank-local table; target decoded using CP932+MTE, including repointed targets"
location_names,0x384D28,0x386196,0x386196,,ビッグブランク城　地下１階,ＢＢｌａｎｋ　Ｃ　Ｂ１Ｆ　,False,0,0,False,True,"Known uint16 bank-local table; target decoded using CP932+MTE, including repointed targets"
location_names,0x384D2A,0x3861B4,0x3861B4,,ビッグブランク城　地下２階,ＢＢｌａｎｋ　Ｃ　Ｂ２Ｆ　,False,0,0,False,True,"Known uint16 bank-local table; target decoded using CP932+MTE, including repointed targets"
location_names,0x384D2C,0x3861D2,0x3861D2,,ゲートバザー,ＧａｔｅＢｚ,False,0,0,False,True,"Known uint16 bank-local table; target decoded using CP932+MTE, including repointed targets"
location_names,0x384D2E,0x3861E2,0x3861E2,,ファルコの隠れ家,Ｆａｌｃｏ　Ｈ　,False,0,0,False,True,"Known uint16 bank-local table; target decoded using CP932+MTE, including repointed targets"
location_names,0x384D30,0x3861F6,0x3861F6,,動物の通った道,ＡｎＴｒａｉｌ,False,0,0,False,True,"Known uint16 bank-local table; target decoded using CP932+MTE, including repointed targets"
location_names,0x384D32,0x386208,0x386208,,カゾス東　地下,ＫａｚｏｓＥＢ,False,0,0,False,True,"Known uint16 bank-local table; target decoded using CP932+MTE, including repointed targets"
mission_descriptions,0x3651B4,0x36B010,0x365216,,誕生日を迎えた<00><0D><0A>無事オーサーになれるのか…！？,<00>　ｉｓ　ｏｆ　ａｇｅ．<0D><0A>Ｗｉｌｌ　ｏｕｒ　ｈｅｒｏ　ｂｅｃｏｍｅ　Ｏｓｅｒ？,False,11,0,True,True,"Known uint16 bank-local table; target decoded using CP932+MTE, including repointed targets"
mission_descriptions,0x3651B6,0x365248,0x365248,,聖なる神殿へ向かった　その時<0D><0A>村がモンスターに襲撃された…,Ｓａｃｒｅｄ　ｓｈｒｉｎｅ<0D><0A>Ｖｉｌｌａｇｅ　ｒａｉｄｅｄ,False,0,0,False,True,"Known uint16 bank-local table; target decoded using CP932+MTE, including repointed targets"
mission_descriptions,0x3651B8,0x365284,0x365284,,アルケミアのはずれにある村<0D><0A>犯罪者の巣窟とされているが…,Ａｌｃｈｅｍｉａ　ｆｒｉｎｇｅ<0D><0A>Ｏｕｔｌａｗ　ｄｅｎ？,False,0,0,False,True,"Known uint16 bank-local table; target decoded using CP932+MTE, including repointed targets"
mission_descriptions,0x3651BA,0x3652BE,0x3652BE,,Δ石内部で発見したタマゴ<0D><0A>中には一体何が！？,Ｄｅｌｔａ　ｅｇｇ<0D><0A>Ｗｈａｔ　ｉｓ　ｉｔ？,False,0,0,False,True,"Known uint16 bank-local table; target decoded using CP932+MTE, including repointed targets"
mission_descriptions,0x3651BC,0x3652EC,0x3652EC,,地形博物館にいる発明家<0D><0A>彼の望み通り発明はできるのか？,Ｉｎｖｅｎｔｏｒ　ｐｌａｎ<0D><0A>Ｗｉｌｌ　ｉｔ　ｗｏｒｋ？,False,0,0,False,True,"Known uint16 bank-local table; target decoded using CP932+MTE, including repointed targets"
mission_descriptions,0x3651BE,0x365324,0x365324,,バザーの国ペルジプト<0D><0A>太古のピラミッドがあるという…,Ｐｅｌｇｙｐｔ<0D><0A>Ａｎｃｉｅｎｔ　ｐｙｒａｍｉｄ,False,0,0,False,True,"Known uint16 bank-local table; target decoded using CP932+MTE, including repointed targets"
mission_descriptions,0x3651C0,0x36535A,0x36535A,,アルケミア皇帝は生きていた<0D><0A>無事救い出せるのか！？,Ｅｍｐｅｒｏｒ　ｌｉｖｅｓ<0D><0A>Ｒｅｓｃｕｅ　ｈｉｍ？,False,0,0,False,True,"Known uint16 bank-local table; target decoded using CP932+MTE, including repointed targets"
mission_descriptions,0x3651C2,0x36538E,0x36538E,,ユーラス大陸の各地には<0D><0A>妖精が閉じ込められているという…,Ａｃｒｏｓｓ　Ｅｕｒａｓ<0D><0A>Ｆａｉｒｉｅｓ　ｔｒａｐｐｅｄ,False,0,0,False,True,"Known uint16 bank-local table; target decoded using CP932+MTE, including repointed targets"
mission_descriptions,0x3651C4,0x3653C8,0x3653C8,,いんで村に戻った<00><0D><0A>再度の試練がはじまる,Ｒｅｔｕｒｎ：　<00><0D><0A>Ｔｒｉａｌ　ａｎｅｗ,False,0,0,False,True,"Known uint16 bank-local table; target decoded using CP932+MTE, including repointed targets"
mission_descriptions,0x3651C6,0x3653F2,0x3653F2,,再建をはじめた　いんで村<0D><0A>村を復興させることができるのか？,Ｉｎｄｅ　ｒｅｂｕｉｌｄ<0D><0A>Ｒｅｓｔｏｒｅ　ｖｉｌｌａｇｅ？,False,0,0,False,True,"Known uint16 bank-local table; target decoded using CP932+MTE, including repointed targets"
mission_descriptions,0x3651C8,0x36542E,0x36542E,,大事なピップスの槍が奪われた<0D><0A>取り返すことはできるのか！？,Ｓｐｅａｒ　ｏｆ　Ｐｉｐｐｓ<0D><0A>Ｒｅｃｏｖｅｒ　ｉｔ！,False,0,0,False,True,"Known uint16 bank-local table; target decoded using CP932+MTE, including repointed targets"
mission_descriptions,0x3651CA,0x36546A,0x36546A,,オーガランドにある巨大な花<0D><0A>聖霊ニンフを助け出せるか！,Ｏｇｒｅ　ｆｌｏｗｅｒ<0D><0A>Ｒｅｓｃｕｅ　Ｎｙｍｐｈ！,False,0,0,False,True,"Known uint16 bank-local table; target decoded using CP932+MTE, including repointed targets"
mission_descriptions,0x3651CC,0x3654A2,0x3654A2,,アルケミアにある貯水場<0D><0A>聖霊イフリートを助け出せるか！,Ａｌｃｈ　ｃｉｓｔｅｒｎ<0D><0A>Ｒｅｓｃｕｅ　Ｉｆｒｉｔ！,False,0,0,False,True,"Known uint16 bank-local table; target decoded using CP932+MTE, including repointed targets"
mission_descriptions,0x3651CE,0x3654DA,0x3654DA,,ペルジプトにあるピラミッド<0D><0A>聖霊ノームを助け出せるか！,Ｐｅｒｇｙｐｔ　ｐｙｒｍｄ<0D><0A>Ｒｅｓｃｕｅ　Ｇｎｏｍｅ！,False,0,0,False,True,"Known uint16 bank-local table; target decoded using CP932+MTE, including repointed targets"
mission_descriptions,0x3651D0,0x365512,0x365512,,ハイランドにある絶壁<0D><0A>聖霊シルフィーを助け出せるか！,Ｈｉｇｈｌａｎｄ　ｃｒａｇ<0D><0A>Ｓａｖｅ　Ｓｙｌｐｈｙ！,False,0,0,False,True,"Known uint16 bank-local table; target decoded using CP932+MTE, including repointed targets"
mission_descriptions,0x3651D2,0x365548,0x365548,,氷の聖霊フェンリルが悪の心を持った<0D><0A>元の心を取り戻せるか！？,Ｆｅｎｒｉｒ　ｔａｉｎｔｅｄ<0D><0A>Ｒｅｓｔｏｒｅ　ｈｅａｒｔ？,False,0,0,False,True,"Known uint16 bank-local table; target decoded using CP932+MTE, including repointed targets"
mission_descriptions,0x3651D4,0x365586,0x365586,,いんで村に出現した深い穴<0D><0A>光の素を取り返せるか！？,Ｉｎｄｅ　ｓｉｎｋｈｏｌｅ<0D><0A>Ｇｅｔ　Ｅｓｓｅｎｃｅ,False,0,0,False,True,"Known uint16 bank-local table; target decoded using CP932+MTE, including repointed targets"
mission_descriptions,0x3651D6,0x3655BA,0x3655BA,,眠れる四神獣を起こすと<0D><0A>復活するものとは！？,４　Ｂｅａｓｔｓ<0D><0A>Ｗｈａｔ　ｒｅｖｉｖｅｓ？,False,0,0,False,True,"Known uint16 bank-local table; target decoded using CP932+MTE, including repointed targets"
mission_descriptions,0x3651D8,0x3655E8,0x3655E8,,フダイの水源となる洞窟<0D><0A>その先には仙人が住むという,Ｆｕｄａｉ　ｃａｖｅ<0D><0A>Ｈｅｒｍｉｔ　ｂｅｙｏｎｄ,False,0,0,False,True,"Known uint16 bank-local table; target decoded using CP932+MTE, including repointed targets"
mission_descriptions,0x3651DA,0x36561C,0x36561C,,怒りをおぼえた人々の<0D><0A>心を落ち着かせることができるか？,Ｐｅｏｐｌｅ　ｅｎｒａｇｅｄ<0D><0A>Ｃａｌｍ　ｔｈｅｍ？,False,0,0,False,True,"Known uint16 bank-local table; target decoded using CP932+MTE, including repointed targets"
mission_descriptions,0x3651DC,0x365654,0x365654,,人々を惑わす悪魔の呪い<0D><0A>怠惰な生活を満喫？している,Ｂｅｌｐｈｅｇｏｒ<0D><0A>Ｌｉｆｅ　ｏｆ　ｓｌｏｔｈ？,False,0,0,False,True,"Known uint16 bank-local table; target decoded using CP932+MTE, including repointed targets"
mission_descriptions,0x3651DE,0x365688,0x365688,,元々気位の高いアルケミアの民<0D><0A>より高慢な態度になっている,Ａｌｃｈ　ｐｒｉｄｅ<0D><0A>Ａｒｒｏｇａｎｃｅ　ｒｉｓｅｓ,False,0,0,False,True,"Known uint16 bank-local table; target decoded using CP932+MTE, including repointed targets"
mission_descriptions,0x3651E0,0x3656C2,0x3656C2,,クダイでΖ欲な毒素を撒き散らす<0D><0A>マンモンの呪いを解けるのか？,Ｋｕｄａｉ　ｇｒｅｅｄ<0D><0A>Ｂｒｅａｋ　ｔｈｅ　ｃｕｒｓｅ？,False,0,0,False,True,"Known uint16 bank-local table; target decoded using CP932+MTE, including repointed targets"
mission_descriptions,0x3651E2,0x365700,0x365700,,好色という名の呪いをかけられた<0D><0A>アスモデウスの野望を阻止しろ！,Ｃｕｒｓｅ　ｏｆ　Ｌｕｓｔ<0D><0A>Ｓｔｏｐ　Ａｓｍｏｄｅｕｓ！,False,0,0,False,True,"Known uint16 bank-local table; target decoded using CP932+MTE, including repointed targets"
mission_descriptions,0x3651E4,0x365740,0x365740,,大食の悪魔ベルゼバブ<0D><0A>いけにえになるのは誰？,Ｂｅｅｌｚｅｂｕｂ<0D><0A>Ｗｈｏ　ｉｓ　ｐｒｅｙ？,False,0,0,False,True,"Known uint16 bank-local table; target decoded using CP932+MTE, including repointed targets"
mission_descriptions,0x3651E6,0x36576E,0x36576E,,フダイに現われたリヴァイアサン<0D><0A>嫉妬は人々の心を荒廃させる,Ｆｕｄａｉ　Ｌｅｖｉａｔｈａｎ<0D><0A>Ｅｎｖｙ　ｓｐｒｅａｄｓ,False,0,0,False,True,"Known uint16 bank-local table; target decoded using CP932+MTE, including repointed targets"
mission_descriptions,0x3651E8,0x3657AA,0x3657AA,,バギーバグを倒し<0D><0A>オーガランド獅子座宮解放,Ｂｕｇｇｙ　Ｂｕｇ<0D><0A>Ｆｒｅｅ　Ｌｅｏ,False,0,0,False,True,"Known uint16 bank-local table; target decoded using CP932+MTE, including repointed targets"
mission_descriptions,0x3651EA,0x3657D6,0x3657D6,,ブラックスターを倒し<0D><0A>アルケミア山羊座宮解放,Ｂｌａｃｋ　Ｓｔａｒ<0D><0A>Ｆｒｅｅ　Ｃａｐ,False,0,0,False,True,"Known uint16 bank-local table; target decoded using CP932+MTE, including repointed targets"
mission_descriptions,0x3651EC,0x365804,0x365804,,ボールゲイザーを倒し<0D><0A>ペルジプト双子座宮解放,Ｂａｌｌ　Ｇａｚｅｒ<0D><0A>Ｆｒｅｅ　Ｇｅｍ,False,0,0,False,True,"Known uint16 bank-local table; target decoded using CP932+MTE, including repointed targets"
mission_descriptions,0x3651EE,0x365832,0x365832,,イーブルアイを倒し<0D><0A>ハイランド牡羊座宮解放,Ｅｖｉｌ　Ｅｙｅ<0D><0A>Ｆｒｅｅ　Ａｒｉ,False,0,0,False,True,"Known uint16 bank-local table; target decoded using CP932+MTE, including repointed targets"
mission_descriptions,0x3651F0,0x36585E,0x36585E,,聖霊フェンリルを戒め<0D><0A>ノルディア乙女座宮解放,Ｔａｍｅ　Ｆｅｎｒｉｒ<0D><0A>Ｆｒｅｅ　Ｖｉｒ,False,0,0,False,True,"Known uint16 bank-local table; target decoded using CP932+MTE, including repointed targets"
mission_descriptions,0x3651F2,0x36588C,0x36588C,,ひとくいばなを倒し<0D><0A>いんで村天秤座宮解放,Ｍａｎ　ｅａｔｅｒ<0D><0A>Ｆｒｅｅ　Ｌｉｂ,False,0,0,False,True,"Known uint16 bank-local table; target decoded using CP932+MTE, including repointed targets"
mission_descriptions,0x3651F4,0x3658B6,0x3658B6,,デーモンドライバーを倒し<0D><0A>ウェスタリア射手座宮解放,Ｄｅｍｏｎ　Ｄｒｉｖｅｒ<0D><0A>Ｆｒｅｅ　Ｓａｇ,False,0,0,False,True,"Known uint16 bank-local table; target decoded using CP932+MTE, including repointed targets"
mission_descriptions,0x3651F6,0x3658EA,0x3658EA,,ブードゥーを倒し<0D><0A>クダイ蟹座宮解放,Ｖｏｏｄｏｏ<0D><0A>Ｆｒｅｅ　Ｃａｎ,False,0,0,False,True,"Known uint16 bank-local table; target decoded using CP932+MTE, including repointed targets"
mission_descriptions,0x3651F8,0x36590E,0x36590E,,ダルクメイジを倒し<0D><0A>フダイΑ座宮解放,Ｄａｒｋ　Ｍａｇｅ<0D><0A>Ｆｒｅｅ　Ｓｃｏ,False,0,0,False,True,"Known uint16 bank-local table; target decoded using CP932+MTE, including repointed targets"
mission_descriptions,0x3651FA,0x365934,0x365934,,ビッグソルジャーを倒し<0D><0A>クノシス牡牛座宮解放,Ｂｉｇ　Ｓｏｌｄｉｅｒ<0D><0A>Ｆｒｅｅ　Ｔａｕ,False,0,0,False,True,"Known uint16 bank-local table; target decoded using CP932+MTE, including repointed targets"
mission_descriptions,0x3651FC,0x365962,0x365962,,カブキを倒し<0D><0A>ヤパン魚座宮解放,Ｋａｂｕｋｉ<0D><0A>Ｆｒｅｅ　Ｐｉｓ,False,0,0,False,True,"Known uint16 bank-local table; target decoded using CP932+MTE, including repointed targets"
mission_descriptions,0x3651FE,0x365982,0x365982,,モモンガと遊んであげよう<0D><0A>見つけるといいことあるかな？,Ｆｉｎｄ　Ｍｏｍｏｎｇａ<0D><0A>Ａｎｙ　ｒｅｗａｒｄ？,False,0,0,False,True,"Known uint16 bank-local table; target decoded using CP932+MTE, including repointed targets"
mission_descriptions,0x365200,0x3659BA,0x3659BA,,<00>とペット<0D><0A>チカラを合わせることができるか？,<00>　＆　ｐｅｔ<0D><0A>Ｊｏｉｎ　ｆｏｒｃｅｓ？,False,0,0,False,True,"Known uint16 bank-local table; target decoded using CP932+MTE, including repointed targets"
mission_descriptions,0x365202,0x3659E8,0x3659E8,,双子の塔に逃げ込んだ摂政<0D><0A>陰謀を阻止することができるか？,Ｒｅｇｅｎｔ　ｆｌｅｄ<0D><0A>Ｓｔｏｐ　ｔｈｅ　ｐｌｏｔ？,False,0,0,False,True,"Known uint16 bank-local table; target decoded using CP932+MTE, including repointed targets"
mission_descriptions,0x365204,0x365A22,0x365A22,,強敵ひしめくパワーダンジョン<0D><0A>各地に眠る試練を乗り越えろ！,Ｐｏｗｅｒ　Ｄｕｎｇｅｏｎ<0D><0A>Ｆａｃｅ　ａｌｌ　ｔｒｉａｌｓ,False,0,0,False,True,"Known uint16 bank-local table; target decoded using CP932+MTE, including repointed targets"
mission_descriptions,0x365206,0x365A5E,0x365A5E,,アルケミア帝国の失われた<0D><0A>秘宝とはいったい何！？,Ａｌｃｈ　ｒｅｌｉｃ<0D><0A>Ｗｈａｔ　ｉｓ　ｉｔ？,False,0,0,False,True,"Known uint16 bank-local table; target decoded using CP932+MTE, including repointed targets"
mission_descriptions,0x365208,0x365A90,0x365A90,,敵地に乗り込み最後の決戦<0D><0A>果たして勝つのは…,Ｆｉｎａｌ　ｃｌａｓｈ<0D><0A>Ｗｈｏ　ｗｉｎｓ？,False,0,0,False,True,"Known uint16 bank-local table; target decoded using CP932+MTE, including repointed targets"
mission_descriptions,0x36520A,0x365ABE,0x365ABE,,いんで村のオキテを<0D><0A>守り通せるか…？,Ｉｎｄｅ　ｃｏｄｅ<0D><0A>Ｋｅｅｐ　ｉｔ？,False,0,0,False,True,"Known uint16 bank-local table; target decoded using CP932+MTE, including repointed targets"
mission_descriptions,0x36520C,0x365AE4,0x365AE4,,動物王の息子ライタが行方不明に<0D><0A>無事探し出せるのか！？,Ｒａｉ　ｍｉｓｓｉｎｇ<0D><0A>Ｆｉｎｄ　ｈｉｍ　ｓａｆｅ！,False,0,0,False,True,"Known uint16 bank-local table; target decoded using CP932+MTE, including repointed targets"
mission_descriptions,0x36520E,0x365B1C,0x365B1C,,サーカステントで見つけた<0D><0A>この人形の秘密とは？,Ｃｉｒｃｕｓ　ｄｏｌｌ<0D><0A>Ｉｔｓ　ｓｅｃｒｅｔ？,False,0,0,False,True,"Known uint16 bank-local table; target decoded using CP932+MTE, including repointed targets"
mission_descriptions,0x365210,0x365B4C,0x365B4C,,いんで村とヤパン　類似した<0D><0A>２つの村に共通のこととは？,Ｉｎｄｅ　＆　Ｙａｐａｎ<0D><0A>Ｗｈａｔ　ｃｏｎｎｅｃｔｓ？,False,0,0,False,True,"Known uint16 bank-local table; target decoded using CP932+MTE, including repointed targets"
mission_descriptions,0x365212,0x365B84,0x365B84,,エジサンが開発中の虫ロボット<0D><0A>しかし部品が不足しているらしい,Ｅｊｉｓ　Ｂｕｇ　Ｒｏｂｏｔ<0D><0A>Ｎｅｅｄｓ　ｐａｒｔｓ,False,0,0,False,True,"Known uint16 bank-local table; target decoded using CP932+MTE, including repointed targets"
mission_descriptions,0x365214,0x365BC2,0x365BC2,,,？？？？？？？？？？？？？？？？<0D><0A>？？？？？？？？？？？？？？？？,False,0,0,False,True,"Known uint16 bank-local table; target decoded using CP932+MTE, including repointed targets"
blood_types,0x362EB0,0x362EB8,0x362EB8,,Ａ型,Ａ型,True,0,0,False,True,"Known uint16 bank-local table; target decoded using CP932+MTE, including repointed targets"
blood_types,0x362EB2,0x362EBE,0x362EBE,,Ｂ型,Ｂ　,False,0,0,False,True,"Known uint16 bank-local table; target decoded using CP932+MTE, including repointed targets"
blood_types,0x362EB4,0x362EC4,0x362EC4,,Ｏ型,Ｏ　,False,0,0,False,True,"Known uint16 bank-local table; target decoded using CP932+MTE, including repointed targets"
blood_types,0x362EB6,0x362ECA,0x362ECA,,ＡＢ型,ＡＢ　,False,0,0,False,True,"Known uint16 bank-local table; target decoded using CP932+MTE, including repointed targets"
epet_descriptions,0x3872F4,0x387436,0x387436,,ノームタイプ　つよさ＋１,Ｇｎｏｍｅ：　Ｓｔｒ＋１,False,0,0,False,True,"Known uint16 bank-local table; target decoded using CP932+MTE, including repointed targets"
epet_descriptions,0x3872F6,0x137036,0x387450,0x1347DE,ノームタイプ　かしこさ＋１,Ｇｎｏｍｅ　ＩＮＴ　＋１,False,2,0,True,True,"Known uint16 bank-local table; target decoded using CP932+MTE, including repointed targets"
epet_descriptions,0x3872F8,0x13704A,0x38746C,0x1347E0,ノームタイプ　かしこさ－１,Ｇｎｏｍｅ　ＩＮＴ　‐１,False,2,0,True,True,"Known uint16 bank-local table; target decoded using CP932+MTE, including repointed targets"
epet_descriptions,0x3872FA,0x13705E,0x387488,0x1347E2,ノームタイプ　つよさ－１,Ｇｎｏｍｅ　ＳＴＲ　‐１,False,3,0,True,True,"Known uint16 bank-local table; target decoded using CP932+MTE, including repointed targets"
epet_descriptions,0x3872FC,0x137036,0x387450,0x1347DE,ノームタイプ　かしこさ＋１,Ｇｎｏｍｅ　ＩＮＴ　＋１,False,2,0,True,True,"Known uint16 bank-local table; target decoded using CP932+MTE, including repointed targets"
epet_descriptions,0x3872FE,0x137072,0x3874A2,0x1347E4,ヒューマンタイプ　かしこさ＋１,Ｈｕｍａｎ　ＩＮＴ　＋１,False,2,0,True,True,"Known uint16 bank-local table; target decoded using CP932+MTE, including repointed targets"
epet_descriptions,0x387300,0x137072,0x3874A2,0x1347E4,ヒューマンタイプ　かしこさ＋１,Ｈｕｍａｎ　ＩＮＴ　＋１,False,2,0,True,True,"Known uint16 bank-local table; target decoded using CP932+MTE, including repointed targets"
epet_descriptions,0x387302,0x137072,0x3874A2,0x1347E4,ヒューマンタイプ　かしこさ＋１,Ｈｕｍａｎ　ＩＮＴ　＋１,False,2,0,True,True,"Known uint16 bank-local table; target decoded using CP932+MTE, including repointed targets"
epet_descriptions,0x387304,0x137088,0x3874C2,0x1347E6,ヒューマンタイプ　つよさ＋１,Ｈｕｍａｎ　ＳＴＲ　＋１,False,2,0,True,True,"Known uint16 bank-local table; target decoded using CP932+MTE, including repointed targets"
epet_descriptions,0x387306,0x13709E,0x3874E0,0x1347E8,ヒューマンタイプ　すばやさ＋１,Ｈｕｍａｎ　ＡＧＩ　＋１,False,2,0,True,True,"Known uint16 bank-local table; target decoded using CP932+MTE, including repointed targets"
epet_descriptions,0x387308,0x137088,0x3874C2,0x1347E6,ヒューマンタイプ　つよさ＋１,Ｈｕｍａｎ　ＳＴＲ　＋１,False,2,0,True,True,"Known uint16 bank-local table; target decoded using CP932+MTE, including repointed targets"
epet_descriptions,0x38730A,0x1370B4,0x387500,0x1347EA,ノームタイプ　まもり＋１,Ｇｎｏｍｅ　ＤＥＦ　＋１,False,2,0,True,True,"Known uint16 bank-local table; target decoded using CP932+MTE, including repointed targets"
epet_descriptions,0x38730C,0x1370B4,0x387500,0x1347EA,ノームタイプ　まもり＋１,Ｇｎｏｍｅ　ＤＥＦ　＋１,False,2,0,True,True,"Known uint16 bank-local table; target decoded using CP932+MTE, including repointed targets"
epet_descriptions,0x38730E,0x387436,0x387436,,ノームタイプ　つよさ＋１,Ｇｎｏｍｅ：　Ｓｔｒ＋１,False,0,0,False,True,"Known uint16 bank-local table; target decoded using CP932+MTE, including repointed targets"
epet_descriptions,0x387310,0x1370B4,0x387500,0x1347EA,ノームタイプ　まもり＋１,Ｇｎｏｍｅ　ＤＥＦ　＋１,False,2,0,True,True,"Known uint16 bank-local table; target decoded using CP932+MTE, including repointed targets"
epet_descriptions,0x387312,0x1370B4,0x387500,0x1347EA,ノームタイプ　まもり＋１,Ｇｎｏｍｅ　ＤＥＦ　＋１,False,2,0,True,True,"Known uint16 bank-local table; target decoded using CP932+MTE, including repointed targets"
epet_descriptions,0x387314,0x387436,0x387436,,ノームタイプ　つよさ＋１,Ｇｎｏｍｅ：　Ｓｔｒ＋１,False,0,0,False,True,"Known uint16 bank-local table; target decoded using CP932+MTE, including repointed targets"
epet_descriptions,0x387316,0x387436,0x387436,,ノームタイプ　つよさ＋１,Ｇｎｏｍｅ：　Ｓｔｒ＋１,False,0,0,False,True,"Known uint16 bank-local table; target decoded using CP932+MTE, including repointed targets"
epet_descriptions,0x387318,0x1370B4,0x387500,0x1347EA,ノームタイプ　まもり＋１,Ｇｎｏｍｅ　ＤＥＦ　＋１,False,2,0,True,True,"Known uint16 bank-local table; target decoded using CP932+MTE, including repointed targets"
epet_descriptions,0x38731A,0x137036,0x387450,0x1347DE,ノームタイプ　かしこさ＋１,Ｇｎｏｍｅ　ＩＮＴ　＋１,False,2,0,True,True,"Known uint16 bank-local table; target decoded using CP932+MTE, including repointed targets"
epet_descriptions,0x38731C,0x137036,0x387450,0x1347DE,ノームタイプ　かしこさ＋１,Ｇｎｏｍｅ　ＩＮＴ　＋１,False,2,0,True,True,"Known uint16 bank-local table; target decoded using CP932+MTE, including repointed targets"
epet_descriptions,0x38731E,0x1370B4,0x387500,0x1347EA,ノームタイプ　まもり＋１,Ｇｎｏｍｅ　ＤＥＦ　＋１,False,2,0,True,True,"Known uint16 bank-local table; target decoded using CP932+MTE, including repointed targets"
epet_descriptions,0x387320,0x387436,0x387436,,ノームタイプ　つよさ＋１,Ｇｎｏｍｅ：　Ｓｔｒ＋１,False,0,0,False,True,"Known uint16 bank-local table; target decoded using CP932+MTE, including repointed targets"
epet_descriptions,0x387322,0x387436,0x387436,,ノームタイプ　つよさ＋１,Ｇｎｏｍｅ：　Ｓｔｒ＋１,False,0,0,False,True,"Known uint16 bank-local table; target decoded using CP932+MTE, including repointed targets"
epet_descriptions,0x387324,0x387436,0x387436,,ノームタイプ　つよさ＋１,Ｇｎｏｍｅ：　Ｓｔｒ＋１,False,0,0,False,True,"Known uint16 bank-local table; target decoded using CP932+MTE, including repointed targets"
epet_descriptions,0x387326,0x1370CA,0x38751A,0x1347EC,ノームタイプ　すばやさ＋１,Ｇｎｏｍｅ　ＡＧＩ　＋１,False,3,0,True,True,"Known uint16 bank-local table; target decoded using CP932+MTE, including repointed targets"
epet_descriptions,0x387328,0x387436,0x387436,,ノームタイプ　つよさ＋１,Ｇｎｏｍｅ：　Ｓｔｒ＋１,False,0,0,False,True,"Known uint16 bank-local table; target decoded using CP932+MTE, including repointed targets"
epet_descriptions,0x38732A,0x1370DE,0x387536,0x1347EE,ノームタイプ　すばやさ－１,Ｇｎｏｍｅ　ＡＧＩ　‐１,False,3,0,True,True,"Known uint16 bank-local table; target decoded using CP932+MTE, including repointed targets"
epet_descriptions,0x38732C,0x1370F2,0x387552,0x1347F0,ノームタイプ　まもり－１,Ｇｎｏｍｅ　ＤＥＦ　‐１,False,2,0,True,True,"Known uint16 bank-local table; target decoded using CP932+MTE, including repointed targets"
epet_descriptions,0x38732E,0x387436,0x387436,,ノームタイプ　つよさ＋１,Ｇｎｏｍｅ：　Ｓｔｒ＋１,False,0,0,False,True,"Known uint16 bank-local table; target decoded using CP932+MTE, including repointed targets"
epet_descriptions,0x387330,0x137036,0x387450,0x1347DE,ノームタイプ　かしこさ＋１,Ｇｎｏｍｅ　ＩＮＴ　＋１,False,2,0,True,True,"Known uint16 bank-local table; target decoded using CP932+MTE, including repointed targets"
epet_descriptions,0x387332,0x13705E,0x387488,0x1347E2,ノームタイプ　つよさ－１,Ｇｎｏｍｅ　ＳＴＲ　‐１,False,3,0,True,True,"Known uint16 bank-local table; target decoded using CP932+MTE, including repointed targets"
epet_descriptions,0x387334,0x387436,0x387436,,ノームタイプ　つよさ＋１,Ｇｎｏｍｅ：　Ｓｔｒ＋１,False,0,0,False,True,"Known uint16 bank-local table; target decoded using CP932+MTE, including repointed targets"
epet_descriptions,0x387336,0x387436,0x387436,,ノームタイプ　つよさ＋１,Ｇｎｏｍｅ：　Ｓｔｒ＋１,False,0,0,False,True,"Known uint16 bank-local table; target decoded using CP932+MTE, including repointed targets"
epet_descriptions,0x387338,0x137036,0x387450,0x1347DE,ノームタイプ　かしこさ＋１,Ｇｎｏｍｅ　ＩＮＴ　＋１,False,2,0,True,True,"Known uint16 bank-local table; target decoded using CP932+MTE, including repointed targets"
epet_descriptions,0x38733A,0x387436,0x387436,,ノームタイプ　つよさ＋１,Ｇｎｏｍｅ：　Ｓｔｒ＋１,False,0,0,False,True,"Known uint16 bank-local table; target decoded using CP932+MTE, including repointed targets"
epet_descriptions,0x38733C,0x1370CA,0x38751A,0x1347EC,ノームタイプ　すばやさ＋１,Ｇｎｏｍｅ　ＡＧＩ　＋１,False,3,0,True,True,"Known uint16 bank-local table; target decoded using CP932+MTE, including repointed targets"
epet_descriptions,0x38733E,0x387436,0x387436,,ノームタイプ　つよさ＋１,Ｇｎｏｍｅ：　Ｓｔｒ＋１,False,0,0,False,True,"Known uint16 bank-local table; target decoded using CP932+MTE, including repointed targets"
epet_descriptions,0x387340,0x1370B4,0x387500,0x1347EA,ノームタイプ　まもり＋１,Ｇｎｏｍｅ　ＤＥＦ　＋１,False,2,0,True,True,"Known uint16 bank-local table; target decoded using CP932+MTE, including repointed targets"
epet_descriptions,0x387342,0x387436,0x387436,,ノームタイプ　つよさ＋１,Ｇｎｏｍｅ：　Ｓｔｒ＋１,False,0,0,False,True,"Known uint16 bank-local table; target decoded using CP932+MTE, including repointed targets"
epet_descriptions,0x387344,0x387436,0x387436,,ノームタイプ　つよさ＋１,Ｇｎｏｍｅ：　Ｓｔｒ＋１,False,0,0,False,True,"Known uint16 bank-local table; target decoded using CP932+MTE, including repointed targets"
epet_descriptions,0x387346,0x387436,0x387436,,ノームタイプ　つよさ＋１,Ｇｎｏｍｅ：　Ｓｔｒ＋１,False,0,0,False,True,"Known uint16 bank-local table; target decoded using CP932+MTE, including repointed targets"
epet_descriptions,0x387348,0x387436,0x387436,,ノームタイプ　つよさ＋１,Ｇｎｏｍｅ：　Ｓｔｒ＋１,False,0,0,False,True,"Known uint16 bank-local table; target decoded using CP932+MTE, including repointed targets"
epet_descriptions,0x38734A,0x387436,0x387436,,ノームタイプ　つよさ＋１,Ｇｎｏｍｅ：　Ｓｔｒ＋１,False,0,0,False,True,"Known uint16 bank-local table; target decoded using CP932+MTE, including repointed targets"
epet_descriptions,0x38734C,0x1370CA,0x38751A,0x1347EC,ノームタイプ　すばやさ＋１,Ｇｎｏｍｅ　ＡＧＩ　＋１,False,3,0,True,True,"Known uint16 bank-local table; target decoded using CP932+MTE, including repointed targets"
epet_descriptions,0x38734E,0x1370CA,0x38751A,0x1347EC,ノームタイプ　すばやさ＋１,Ｇｎｏｍｅ　ＡＧＩ　＋１,False,3,0,True,True,"Known uint16 bank-local table; target decoded using CP932+MTE, including repointed targets"
epet_descriptions,0x387350,0x1370B4,0x387500,0x1347EA,ノームタイプ　まもり＋１,Ｇｎｏｍｅ　ＤＥＦ　＋１,False,2,0,True,True,"Known uint16 bank-local table; target decoded using CP932+MTE, including repointed targets"
epet_descriptions,0x387352,0x1370CA,0x38751A,0x1347EC,ノームタイプ　すばやさ＋１,Ｇｎｏｍｅ　ＡＧＩ　＋１,False,3,0,True,True,"Known uint16 bank-local table; target decoded using CP932+MTE, including repointed targets"
epet_descriptions,0x387354,0x1370B4,0x387500,0x1347EA,ノームタイプ　まもり＋１,Ｇｎｏｍｅ　ＤＥＦ　＋１,False,2,0,True,True,"Known uint16 bank-local table; target decoded using CP932+MTE, including repointed targets"
epet_descriptions,0x387356,0x1370CA,0x38751A,0x1347EC,ノームタイプ　すばやさ＋１,Ｇｎｏｍｅ　ＡＧＩ　＋１,False,3,0,True,True,"Known uint16 bank-local table; target decoded using CP932+MTE, including repointed targets"
epet_descriptions,0x387358,0x1370CA,0x38751A,0x1347EC,ノームタイプ　すばやさ＋１,Ｇｎｏｍｅ　ＡＧＩ　＋１,False,3,0,True,True,"Known uint16 bank-local table; target decoded using CP932+MTE, including repointed targets"
epet_descriptions,0x38735A,0x1370B4,0x387500,0x1347EA,ノームタイプ　まもり＋１,Ｇｎｏｍｅ　ＤＥＦ　＋１,False,2,0,True,True,"Known uint16 bank-local table; target decoded using CP932+MTE, including repointed targets"
epet_descriptions,0x38735C,0x1370B4,0x387500,0x1347EA,ノームタイプ　まもり＋１,Ｇｎｏｍｅ　ＤＥＦ　＋１,False,2,0,True,True,"Known uint16 bank-local table; target decoded using CP932+MTE, including repointed targets"
epet_descriptions,0x38735E,0x1370CA,0x38751A,0x1347EC,ノームタイプ　すばやさ＋１,Ｇｎｏｍｅ　ＡＧＩ　＋１,False,3,0,True,True,"Known uint16 bank-local table; target decoded using CP932+MTE, including repointed targets"
epet_descriptions,0x387360,0x387436,0x387436,,ノームタイプ　つよさ＋１,Ｇｎｏｍｅ：　Ｓｔｒ＋１,False,0,0,False,True,"Known uint16 bank-local table; target decoded using CP932+MTE, including repointed targets"
epet_descriptions,0x387362,0x387436,0x387436,,ノームタイプ　つよさ＋１,Ｇｎｏｍｅ：　Ｓｔｒ＋１,False,0,0,False,True,"Known uint16 bank-local table; target decoded using CP932+MTE, including repointed targets"
epet_descriptions,0x387364,0x1370CA,0x38751A,0x1347EC,ノームタイプ　すばやさ＋１,Ｇｎｏｍｅ　ＡＧＩ　＋１,False,3,0,True,True,"Known uint16 bank-local table; target decoded using CP932+MTE, including repointed targets"
epet_descriptions,0x387366,0x137108,0x38756C,0x1347F2,スピリットタイプ　すばやさ＋１,Ｓｐｉｒｉｔ　ＡＧＩ　＋１,False,2,0,True,True,"Known uint16 bank-local table; target decoded using CP932+MTE, including repointed targets"
epet_descriptions,0x387368,0x137118,0x38758C,0x1347F4,スピリットタイプ　かしこさ＋１,Ｓｐｉｒｉｔ　ＩＮＴ　＋１,False,2,0,True,True,"Known uint16 bank-local table; target decoded using CP932+MTE, including repointed targets"
epet_descriptions,0x38736A,0x137128,0x3875AC,0x1347F6,スピリットタイプ　まもり＋１,Ｓｐｉｒｉｔ　ＤＥＦ　＋１,False,1,0,True,True,"Known uint16 bank-local table; target decoded using CP932+MTE, including repointed targets"
epet_descriptions,0x38736C,0x13713A,0x3875CA,0x1347F8,スピリットタイプ　まもり－１,Ｓｐｉｒｉｔ　ＤＥＦ　‐１,False,1,0,True,True,"Known uint16 bank-local table; target decoded using CP932+MTE, including repointed targets"
epet_descriptions,0x38736E,0x137108,0x38756C,0x1347F2,スピリットタイプ　すばやさ＋１,Ｓｐｉｒｉｔ　ＡＧＩ　＋１,False,2,0,True,True,"Known uint16 bank-local table; target decoded using CP932+MTE, including repointed targets"
epet_descriptions,0x387370,0x13714C,0x3875E8,0x1347FA,スピリットタイプ　つよさ＋１,Ｓｐｉｒｉｔ　ＳＴＲ　＋１,False,2,0,True,True,"Known uint16 bank-local table; target decoded using CP932+MTE, including repointed targets"
epet_descriptions,0x387372,0x13713A,0x3875CA,0x1347F8,スピリットタイプ　まもり－１,Ｓｐｉｒｉｔ　ＤＥＦ　‐１,False,1,0,True,True,"Known uint16 bank-local table; target decoded using CP932+MTE, including repointed targets"
epet_descriptions,0x387374,0x137118,0x38758C,0x1347F4,スピリットタイプ　かしこさ＋１,Ｓｐｉｒｉｔ　ＩＮＴ　＋１,False,2,0,True,True,"Known uint16 bank-local table; target decoded using CP932+MTE, including repointed targets"
epet_descriptions,0x387376,0x13713A,0x3875CA,0x1347F8,スピリットタイプ　まもり－１,Ｓｐｉｒｉｔ　ＤＥＦ　‐１,False,1,0,True,True,"Known uint16 bank-local table; target decoded using CP932+MTE, including repointed targets"
epet_descriptions,0x387378,0x137128,0x3875AC,0x1347F6,スピリットタイプ　まもり＋１,Ｓｐｉｒｉｔ　ＤＥＦ　＋１,False,1,0,True,True,"Known uint16 bank-local table; target decoded using CP932+MTE, including repointed targets"
epet_descriptions,0x38737A,0x13713A,0x3875CA,0x1347F8,スピリットタイプ　まもり－１,Ｓｐｉｒｉｔ　ＤＥＦ　‐１,False,1,0,True,True,"Known uint16 bank-local table; target decoded using CP932+MTE, including repointed targets"
epet_descriptions,0x38737C,0x13713A,0x3875CA,0x1347F8,スピリットタイプ　まもり－１,Ｓｐｉｒｉｔ　ＤＥＦ　‐１,False,1,0,True,True,"Known uint16 bank-local table; target decoded using CP932+MTE, including repointed targets"
epet_descriptions,0x38737E,0x137128,0x3875AC,0x1347F6,スピリットタイプ　まもり＋１,Ｓｐｉｒｉｔ　ＤＥＦ　＋１,False,1,0,True,True,"Known uint16 bank-local table; target decoded using CP932+MTE, including repointed targets"
epet_descriptions,0x387380,0x137128,0x3875AC,0x1347F6,スピリットタイプ　まもり＋１,Ｓｐｉｒｉｔ　ＤＥＦ　＋１,False,1,0,True,True,"Known uint16 bank-local table; target decoded using CP932+MTE, including repointed targets"
epet_descriptions,0x387382,0x137118,0x38758C,0x1347F4,スピリットタイプ　かしこさ＋１,Ｓｐｉｒｉｔ　ＩＮＴ　＋１,False,2,0,True,True,"Known uint16 bank-local table; target decoded using CP932+MTE, including repointed targets"
epet_descriptions,0x387384,0x137108,0x38756C,0x1347F2,スピリットタイプ　すばやさ＋１,Ｓｐｉｒｉｔ　ＡＧＩ　＋１,False,2,0,True,True,"Known uint16 bank-local table; target decoded using CP932+MTE, including repointed targets"
epet_descriptions,0x387386,0x137128,0x3875AC,0x1347F6,スピリットタイプ　まもり＋１,Ｓｐｉｒｉｔ　ＤＥＦ　＋１,False,1,0,True,True,"Known uint16 bank-local table; target decoded using CP932+MTE, including repointed targets"
epet_descriptions,0x387388,0x137118,0x38758C,0x1347F4,スピリットタイプ　かしこさ＋１,Ｓｐｉｒｉｔ　ＩＮＴ　＋１,False,2,0,True,True,"Known uint16 bank-local table; target decoded using CP932+MTE, including repointed targets"
epet_descriptions,0x38738A,0x13714C,0x3875E8,0x1347FA,スピリットタイプ　つよさ＋１,Ｓｐｉｒｉｔ　ＳＴＲ　＋１,False,2,0,True,True,"Known uint16 bank-local table; target decoded using CP932+MTE, including repointed targets"
epet_descriptions,0x38738C,0x137128,0x3875AC,0x1347F6,スピリットタイプ　まもり＋１,Ｓｐｉｒｉｔ　ＤＥＦ　＋１,False,1,0,True,True,"Known uint16 bank-local table; target decoded using CP932+MTE, including repointed targets"
epet_descriptions,0x38738E,0x137118,0x38758C,0x1347F4,スピリットタイプ　かしこさ＋１,Ｓｐｉｒｉｔ　ＩＮＴ　＋１,False,2,0,True,True,"Known uint16 bank-local table; target decoded using CP932+MTE, including repointed targets"
epet_descriptions,0x387390,0x137118,0x38758C,0x1347F4,スピリットタイプ　かしこさ＋１,Ｓｐｉｒｉｔ　ＩＮＴ　＋１,False,2,0,True,True,"Known uint16 bank-local table; target decoded using CP932+MTE, including repointed targets"
epet_descriptions,0x387392,0x137108,0x38756C,0x1347F2,スピリットタイプ　すばやさ＋１,Ｓｐｉｒｉｔ　ＡＧＩ　＋１,False,2,0,True,True,"Known uint16 bank-local table; target decoded using CP932+MTE, including repointed targets"
epet_descriptions,0x387394,0x137118,0x38758C,0x1347F4,スピリットタイプ　かしこさ＋１,Ｓｐｉｒｉｔ　ＩＮＴ　＋１,False,2,0,True,True,"Known uint16 bank-local table; target decoded using CP932+MTE, including repointed targets"
epet_descriptions,0x387396,0x137108,0x38756C,0x1347F2,スピリットタイプ　すばやさ＋１,Ｓｐｉｒｉｔ　ＡＧＩ　＋１,False,2,0,True,True,"Known uint16 bank-local table; target decoded using CP932+MTE, including repointed targets"
epet_descriptions,0x387398,0x137108,0x38756C,0x1347F2,スピリットタイプ　すばやさ＋１,Ｓｐｉｒｉｔ　ＡＧＩ　＋１,False,2,0,True,True,"Known uint16 bank-local table; target decoded using CP932+MTE, including repointed targets"
epet_descriptions,0x38739A,0x137118,0x38758C,0x1347F4,スピリットタイプ　かしこさ＋１,Ｓｐｉｒｉｔ　ＩＮＴ　＋１,False,2,0,True,True,"Known uint16 bank-local table; target decoded using CP932+MTE, including repointed targets"
epet_descriptions,0x38739C,0x137118,0x38758C,0x1347F4,スピリットタイプ　かしこさ＋１,Ｓｐｉｒｉｔ　ＩＮＴ　＋１,False,2,0,True,True,"Known uint16 bank-local table; target decoded using CP932+MTE, including repointed targets"
epet_descriptions,0x38739E,0x13715C,0x387606,0x1347FC,スピリットタイプ　すばやさ－１,Ｓｐｉｒｉｔ　ＡＧＩ　‐１,False,2,0,True,True,"Known uint16 bank-local table; target decoded using CP932+MTE, including repointed targets"
epet_descriptions,0x3873A0,0x137118,0x38758C,0x1347F4,スピリットタイプ　かしこさ＋１,Ｓｐｉｒｉｔ　ＩＮＴ　＋１,False,2,0,True,True,"Known uint16 bank-local table; target decoded using CP932+MTE, including repointed targets"
epet_descriptions,0x3873A2,0x137108,0x38756C,0x1347F2,スピリットタイプ　すばやさ＋１,Ｓｐｉｒｉｔ　ＡＧＩ　＋１,False,2,0,True,True,"Known uint16 bank-local table; target decoded using CP932+MTE, including repointed targets"
epet_descriptions,0x3873A4,0x137108,0x38756C,0x1347F2,スピリットタイプ　すばやさ＋１,Ｓｐｉｒｉｔ　ＡＧＩ　＋１,False,2,0,True,True,"Known uint16 bank-local table; target decoded using CP932+MTE, including repointed targets"
epet_descriptions,0x3873A6,0x137118,0x38758C,0x1347F4,スピリットタイプ　かしこさ＋１,Ｓｐｉｒｉｔ　ＩＮＴ　＋１,False,2,0,True,True,"Known uint16 bank-local table; target decoded using CP932+MTE, including repointed targets"
epet_descriptions,0x3873A8,0x137128,0x3875AC,0x1347F6,スピリットタイプ　まもり＋１,Ｓｐｉｒｉｔ　ＤＥＦ　＋１,False,1,0,True,True,"Known uint16 bank-local table; target decoded using CP932+MTE, including repointed targets"
epet_descriptions,0x3873AA,0x137118,0x38758C,0x1347F4,スピリットタイプ　かしこさ＋１,Ｓｐｉｒｉｔ　ＩＮＴ　＋１,False,2,0,True,True,"Known uint16 bank-local table; target decoded using CP932+MTE, including repointed targets"
epet_descriptions,0x3873AC,0x137128,0x3875AC,0x1347F6,スピリットタイプ　まもり＋１,Ｓｐｉｒｉｔ　ＤＥＦ　＋１,False,1,0,True,True,"Known uint16 bank-local table; target decoded using CP932+MTE, including repointed targets"
epet_descriptions,0x3873AE,0x13716C,0x387626,0x1347FE,クリーチャータイプ　すばやさ＋１,Ｃｒｅａｔｕｒｅ　ＡＧＩ　＋１,False,5,0,True,True,"Known uint16 bank-local table; target decoded using CP932+MTE, including repointed targets"
epet_descriptions,0x3873B0,0x13716C,0x387626,0x1347FE,クリーチャータイプ　すばやさ＋１,Ｃｒｅａｔｕｒｅ　ＡＧＩ　＋１,False,5,0,True,True,"Known uint16 bank-local table; target decoded using CP932+MTE, including repointed targets"
epet_descriptions,0x3873B2,0x137182,0x387648,0x134800,クリーチャータイプ　かしこさ＋１,Ｃｒｅａｔｕｒｅ　ＩＮＴ　＋１,False,4,0,True,True,"Known uint16 bank-local table; target decoded using CP932+MTE, including repointed targets"
epet_descriptions,0x3873B4,0x13719A,0x38766A,0x134802,クリーチャータイプ　まもり＋１,Ｃｒｅａｔｕｒｅ　ＤＥＦ　＋１,False,4,0,True,True,"Known uint16 bank-local table; target decoded using CP932+MTE, including repointed targets"
epet_descriptions,0x3873B6,0x1371B2,0x38768A,0x134804,クリーチャータイプ　つよさ＋１,Ｃｒｅａｔｕｒｅ　ＳＴＲ　＋１,False,5,0,True,True,"Known uint16 bank-local table; target decoded using CP932+MTE, including repointed targets"
epet_descriptions,0x3873B8,0x13719A,0x38766A,0x134802,クリーチャータイプ　まもり＋１,Ｃｒｅａｔｕｒｅ　ＤＥＦ　＋１,False,4,0,True,True,"Known uint16 bank-local table; target decoded using CP932+MTE, including repointed targets"
epet_descriptions,0x3873BA,0x13719A,0x38766A,0x134802,クリーチャータイプ　まもり＋１,Ｃｒｅａｔｕｒｅ　ＤＥＦ　＋１,False,4,0,True,True,"Known uint16 bank-local table; target decoded using CP932+MTE, including repointed targets"
epet_descriptions,0x3873BC,0x13716C,0x387626,0x1347FE,クリーチャータイプ　すばやさ＋１,Ｃｒｅａｔｕｒｅ　ＡＧＩ　＋１,False,5,0,True,True,"Known uint16 bank-local table; target decoded using CP932+MTE, including repointed targets"
epet_descriptions,0x3873BE,0x13716C,0x387626,0x1347FE,クリーチャータイプ　すばやさ＋１,Ｃｒｅａｔｕｒｅ　ＡＧＩ　＋１,False,5,0,True,True,"Known uint16 bank-local table; target decoded using CP932+MTE, including repointed targets"
epet_descriptions,0x3873C0,0x13716C,0x387626,0x1347FE,クリーチャータイプ　すばやさ＋１,Ｃｒｅａｔｕｒｅ　ＡＧＩ　＋１,False,5,0,True,True,"Known uint16 bank-local table; target decoded using CP932+MTE, including repointed targets"
epet_descriptions,0x3873C2,0x13716C,0x387626,0x1347FE,クリーチャータイプ　すばやさ＋１,Ｃｒｅａｔｕｒｅ　ＡＧＩ　＋１,False,5,0,True,True,"Known uint16 bank-local table; target decoded using CP932+MTE, including repointed targets"
epet_descriptions,0x3873C4,0x13719A,0x38766A,0x134802,クリーチャータイプ　まもり＋１,Ｃｒｅａｔｕｒｅ　ＤＥＦ　＋１,False,4,0,True,True,"Known uint16 bank-local table; target decoded using CP932+MTE, including repointed targets"
epet_descriptions,0x3873C6,0x13719A,0x38766A,0x134802,クリーチャータイプ　まもり＋１,Ｃｒｅａｔｕｒｅ　ＤＥＦ　＋１,False,4,0,True,True,"Known uint16 bank-local table; target decoded using CP932+MTE, including repointed targets"
epet_descriptions,0x3873C8,0x13716C,0x387626,0x1347FE,クリーチャータイプ　すばやさ＋１,Ｃｒｅａｔｕｒｅ　ＡＧＩ　＋１,False,5,0,True,True,"Known uint16 bank-local table; target decoded using CP932+MTE, including repointed targets"
epet_descriptions,0x3873CA,0x1371B2,0x38768A,0x134804,クリーチャータイプ　つよさ＋１,Ｃｒｅａｔｕｒｅ　ＳＴＲ　＋１,False,5,0,True,True,"Known uint16 bank-local table; target decoded using CP932+MTE, including repointed targets"
epet_descriptions,0x3873CC,0x13719A,0x38766A,0x134802,クリーチャータイプ　まもり＋１,Ｃｒｅａｔｕｒｅ　ＤＥＦ　＋１,False,4,0,True,True,"Known uint16 bank-local table; target decoded using CP932+MTE, including repointed targets"
epet_descriptions,0x3873CE,0x137182,0x387648,0x134800,クリーチャータイプ　かしこさ＋１,Ｃｒｅａｔｕｒｅ　ＩＮＴ　＋１,False,4,0,True,True,"Known uint16 bank-local table; target decoded using CP932+MTE, including repointed targets"
epet_descriptions,0x3873D0,0x1371B2,0x38768A,0x134804,クリーチャータイプ　つよさ＋１,Ｃｒｅａｔｕｒｅ　ＳＴＲ　＋１,False,5,0,True,True,"Known uint16 bank-local table; target decoded using CP932+MTE, including repointed targets"
epet_descriptions,0x3873D2,0x137182,0x387648,0x134800,クリーチャータイプ　かしこさ＋１,Ｃｒｅａｔｕｒｅ　ＩＮＴ　＋１,False,4,0,True,True,"Known uint16 bank-local table; target decoded using CP932+MTE, including repointed targets"
epet_descriptions,0x3873D4,0x13719A,0x38766A,0x134802,クリーチャータイプ　まもり＋１,Ｃｒｅａｔｕｒｅ　ＤＥＦ　＋１,False,4,0,True,True,"Known uint16 bank-local table; target decoded using CP932+MTE, including repointed targets"
epet_descriptions,0x3873D6,0x13719A,0x38766A,0x134802,クリーチャータイプ　まもり＋１,Ｃｒｅａｔｕｒｅ　ＤＥＦ　＋１,False,4,0,True,True,"Known uint16 bank-local table; target decoded using CP932+MTE, including repointed targets"
epet_descriptions,0x3873D8,0x13719A,0x38766A,0x134802,クリーチャータイプ　まもり＋１,Ｃｒｅａｔｕｒｅ　ＤＥＦ　＋１,False,4,0,True,True,"Known uint16 bank-local table; target decoded using CP932+MTE, including repointed targets"
epet_descriptions,0x3873DA,0x13719A,0x38766A,0x134802,クリーチャータイプ　まもり＋１,Ｃｒｅａｔｕｒｅ　ＤＥＦ　＋１,False,4,0,True,True,"Known uint16 bank-local table; target decoded using CP932+MTE, including repointed targets"
epet_descriptions,0x3873DC,0x1371B2,0x38768A,0x134804,クリーチャータイプ　つよさ＋１,Ｃｒｅａｔｕｒｅ　ＳＴＲ　＋１,False,5,0,True,True,"Known uint16 bank-local table; target decoded using CP932+MTE, including repointed targets"
epet_descriptions,0x3873DE,0x137182,0x387648,0x134800,クリーチャータイプ　かしこさ＋１,Ｃｒｅａｔｕｒｅ　ＩＮＴ　＋１,False,4,0,True,True,"Known uint16 bank-local table; target decoded using CP932+MTE, including repointed targets"
epet_descriptions,0x3873E0,0x13716C,0x387626,0x1347FE,クリーチャータイプ　すばやさ＋１,Ｃｒｅａｔｕｒｅ　ＡＧＩ　＋１,False,5,0,True,True,"Known uint16 bank-local table; target decoded using CP932+MTE, including repointed targets"
epet_descriptions,0x3873E2,0x13716C,0x387626,0x1347FE,クリーチャータイプ　すばやさ＋１,Ｃｒｅａｔｕｒｅ　ＡＧＩ　＋１,False,5,0,True,True,"Known uint16 bank-local table; target decoded using CP932+MTE, including repointed targets"
epet_descriptions,0x3873E4,0x13719A,0x38766A,0x134802,クリーチャータイプ　まもり＋１,Ｃｒｅａｔｕｒｅ　ＤＥＦ　＋１,False,4,0,True,True,"Known uint16 bank-local table; target decoded using CP932+MTE, including repointed targets"
epet_descriptions,0x3873E6,0x1371C8,0x3876AA,0x134806,クリーチャータイプ　つよさ－１,Ｃｒｅａｔｕｒｅ　ＳＴＲ　‐１,False,5,0,True,True,"Known uint16 bank-local table; target decoded using CP932+MTE, including repointed targets"
epet_descriptions,0x3873E8,0x13716C,0x387626,0x1347FE,クリーチャータイプ　すばやさ＋１,Ｃｒｅａｔｕｒｅ　ＡＧＩ　＋１,False,5,0,True,True,"Known uint16 bank-local table; target decoded using CP932+MTE, including repointed targets"
epet_descriptions,0x3873EA,0x1371B2,0x38768A,0x134804,クリーチャータイプ　つよさ＋１,Ｃｒｅａｔｕｒｅ　ＳＴＲ　＋１,False,5,0,True,True,"Known uint16 bank-local table; target decoded using CP932+MTE, including repointed targets"
epet_descriptions,0x3873EC,0x1371B2,0x38768A,0x134804,クリーチャータイプ　つよさ＋１,Ｃｒｅａｔｕｒｅ　ＳＴＲ　＋１,False,5,0,True,True,"Known uint16 bank-local table; target decoded using CP932+MTE, including repointed targets"
epet_descriptions,0x3873EE,0x1371B2,0x38768A,0x134804,クリーチャータイプ　つよさ＋１,Ｃｒｅａｔｕｒｅ　ＳＴＲ　＋１,False,5,0,True,True,"Known uint16 bank-local table; target decoded using CP932+MTE, including repointed targets"
epet_descriptions,0x3873F0,0x137182,0x387648,0x134800,クリーチャータイプ　かしこさ＋１,Ｃｒｅａｔｕｒｅ　ＩＮＴ　＋１,False,4,0,True,True,"Known uint16 bank-local table; target decoded using CP932+MTE, including repointed targets"
epet_descriptions,0x3873F2,0x13716C,0x387626,0x1347FE,クリーチャータイプ　すばやさ＋１,Ｃｒｅａｔｕｒｅ　ＡＧＩ　＋１,False,5,0,True,True,"Known uint16 bank-local table; target decoded using CP932+MTE, including repointed targets"
epet_descriptions,0x3873F4,0x13716C,0x387626,0x1347FE,クリーチャータイプ　すばやさ＋１,Ｃｒｅａｔｕｒｅ　ＡＧＩ　＋１,False,5,0,True,True,"Known uint16 bank-local table; target decoded using CP932+MTE, including repointed targets"
epet_descriptions,0x3873F6,0x13716C,0x387626,0x1347FE,クリーチャータイプ　すばやさ＋１,Ｃｒｅａｔｕｒｅ　ＡＧＩ　＋１,False,5,0,True,True,"Known uint16 bank-local table; target decoded using CP932+MTE, including repointed targets"
epet_descriptions,0x3873F8,0x13719A,0x38766A,0x134802,クリーチャータイプ　まもり＋１,Ｃｒｅａｔｕｒｅ　ＤＥＦ　＋１,False,4,0,True,True,"Known uint16 bank-local table; target decoded using CP932+MTE, including repointed targets"
epet_descriptions,0x3873FA,0x13716C,0x387626,0x1347FE,クリーチャータイプ　すばやさ＋１,Ｃｒｅａｔｕｒｅ　ＡＧＩ　＋１,False,5,0,True,True,"Known uint16 bank-local table; target decoded using CP932+MTE, including repointed targets"
epet_descriptions,0x3873FC,0x13716C,0x387626,0x1347FE,クリーチャータイプ　すばやさ＋１,Ｃｒｅａｔｕｒｅ　ＡＧＩ　＋１,False,5,0,True,True,"Known uint16 bank-local table; target decoded using CP932+MTE, including repointed targets"
epet_descriptions,0x3873FE,0x13716C,0x387626,0x1347FE,クリーチャータイプ　すばやさ＋１,Ｃｒｅａｔｕｒｅ　ＡＧＩ　＋１,False,5,0,True,True,"Known uint16 bank-local table; target decoded using CP932+MTE, including repointed targets"
epet_descriptions,0x387400,0x13719A,0x38766A,0x134802,クリーチャータイプ　まもり＋１,Ｃｒｅａｔｕｒｅ　ＤＥＦ　＋１,False,4,0,True,True,"Known uint16 bank-local table; target decoded using CP932+MTE, including repointed targets"
epet_descriptions,0x387402,0x137182,0x387648,0x134800,クリーチャータイプ　かしこさ＋１,Ｃｒｅａｔｕｒｅ　ＩＮＴ　＋１,False,4,0,True,True,"Known uint16 bank-local table; target decoded using CP932+MTE, including repointed targets"
epet_descriptions,0x387404,0x137182,0x387648,0x134800,クリーチャータイプ　かしこさ＋１,Ｃｒｅａｔｕｒｅ　ＩＮＴ　＋１,False,4,0,True,True,"Known uint16 bank-local table; target decoded using CP932+MTE, including repointed targets"
epet_descriptions,0x387406,0x137182,0x387648,0x134800,クリーチャータイプ　かしこさ＋１,Ｃｒｅａｔｕｒｅ　ＩＮＴ　＋１,False,4,0,True,True,"Known uint16 bank-local table; target decoded using CP932+MTE, including repointed targets"
epet_descriptions,0x387408,0x137182,0x387648,0x134800,クリーチャータイプ　かしこさ＋１,Ｃｒｅａｔｕｒｅ　ＩＮＴ　＋１,False,4,0,True,True,"Known uint16 bank-local table; target decoded using CP932+MTE, including repointed targets"
epet_descriptions,0x38740A,0x1370B4,0x387500,0x1347EA,ノームタイプ　まもり＋１,Ｇｎｏｍｅ　ＤＥＦ　＋１,False,2,0,True,True,"Known uint16 bank-local table; target decoded using CP932+MTE, including repointed targets"
epet_descriptions,0x38740C,0x1370B4,0x387500,0x1347EA,ノームタイプ　まもり＋１,Ｇｎｏｍｅ　ＤＥＦ　＋１,False,2,0,True,True,"Known uint16 bank-local table; target decoded using CP932+MTE, including repointed targets"
epet_descriptions,0x38740E,0x13709E,0x3874E0,0x1347E8,ヒューマンタイプ　すばやさ＋１,Ｈｕｍａｎ　ＡＧＩ　＋１,False,2,0,True,True,"Known uint16 bank-local table; target decoded using CP932+MTE, including repointed targets"
epet_descriptions,0x387410,0x137088,0x3874C2,0x1347E6,ヒューマンタイプ　つよさ＋１,Ｈｕｍａｎ　ＳＴＲ　＋１,False,2,0,True,True,"Known uint16 bank-local table; target decoded using CP932+MTE, including repointed targets"
epet_descriptions,0x387412,0x1370B4,0x387500,0x1347EA,ノームタイプ　まもり＋１,Ｇｎｏｍｅ　ＤＥＦ　＋１,False,2,0,True,True,"Known uint16 bank-local table; target decoded using CP932+MTE, including repointed targets"
epet_descriptions,0x387414,0x13709E,0x3874E0,0x1347E8,ヒューマンタイプ　すばやさ＋１,Ｈｕｍａｎ　ＡＧＩ　＋１,False,2,0,True,True,"Known uint16 bank-local table; target decoded using CP932+MTE, including repointed targets"
epet_descriptions,0x387416,0x1370B4,0x387500,0x1347EA,ノームタイプ　まもり＋１,Ｇｎｏｍｅ　ＤＥＦ　＋１,False,2,0,True,True,"Known uint16 bank-local table; target decoded using CP932+MTE, including repointed targets"
epet_descriptions,0x387418,0x137072,0x3874A2,0x1347E4,ヒューマンタイプ　かしこさ＋１,Ｈｕｍａｎ　ＩＮＴ　＋１,False,2,0,True,True,"Known uint16 bank-local table; target decoded using CP932+MTE, including repointed targets"
epet_descriptions,0x38741A,0x137072,0x3874A2,0x1347E4,ヒューマンタイプ　かしこさ＋１,Ｈｕｍａｎ　ＩＮＴ　＋１,False,2,0,True,True,"Known uint16 bank-local table; target decoded using CP932+MTE, including repointed targets"
epet_descriptions,0x38741C,0x137072,0x3874A2,0x1347E4,ヒューマンタイプ　かしこさ＋１,Ｈｕｍａｎ　ＩＮＴ　＋１,False,2,0,True,True,"Known uint16 bank-local table; target decoded using CP932+MTE, including repointed targets"
epet_descriptions,0x38741E,0x137072,0x3874A2,0x1347E4,ヒューマンタイプ　かしこさ＋１,Ｈｕｍａｎ　ＩＮＴ　＋１,False,2,0,True,True,"Known uint16 bank-local table; target decoded using CP932+MTE, including repointed targets"
epet_descriptions,0x387420,0x13709E,0x3874E0,0x1347E8,ヒューマンタイプ　すばやさ＋１,Ｈｕｍａｎ　ＡＧＩ　＋１,False,2,0,True,True,"Known uint16 bank-local table; target decoded using CP932+MTE, including repointed targets"
epet_descriptions,0x387422,0x1371DE,0x3876CA,0x134808,ヒューマンタイプ　かしこさ－１,Ｈｕｍａｎ　ＩＮＴ　‐１,False,2,0,True,True,"Known uint16 bank-local table; target decoded using CP932+MTE, including repointed targets"
epet_descriptions,0x387424,0x1370B4,0x387500,0x1347EA,ノームタイプ　まもり＋１,Ｇｎｏｍｅ　ＤＥＦ　＋１,False,2,0,True,True,"Known uint16 bank-local table; target decoded using CP932+MTE, including repointed targets"
epet_descriptions,0x387426,0x137072,0x3874A2,0x1347E4,ヒューマンタイプ　かしこさ＋１,Ｈｕｍａｎ　ＩＮＴ　＋１,False,2,0,True,True,"Known uint16 bank-local table; target decoded using CP932+MTE, including repointed targets"
epet_descriptions,0x387428,0x137072,0x3874A2,0x1347E4,ヒューマンタイプ　かしこさ＋１,Ｈｕｍａｎ　ＩＮＴ　＋１,False,2,0,True,True,"Known uint16 bank-local table; target decoded using CP932+MTE, including repointed targets"
epet_descriptions,0x38742A,0x137072,0x3874A2,0x1347E4,ヒューマンタイプ　かしこさ＋１,Ｈｕｍａｎ　ＩＮＴ　＋１,False,2,0,True,True,"Known uint16 bank-local table; target decoded using CP932+MTE, including repointed targets"
epet_descriptions,0x38742C,0x137088,0x3874C2,0x1347E6,ヒューマンタイプ　つよさ＋１,Ｈｕｍａｎ　ＳＴＲ　＋１,False,2,0,True,True,"Known uint16 bank-local table; target decoded using CP932+MTE, including repointed targets"
epet_descriptions,0x38742E,0x13709E,0x3874E0,0x1347E8,ヒューマンタイプ　すばやさ＋１,Ｈｕｍａｎ　ＡＧＩ　＋１,False,2,0,True,True,"Known uint16 bank-local table; target decoded using CP932+MTE, including repointed targets"
epet_descriptions,0x387430,0x137072,0x3874A2,0x1347E4,ヒューマンタイプ　かしこさ＋１,Ｈｕｍａｎ　ＩＮＴ　＋１,False,2,0,True,True,"Known uint16 bank-local table; target decoded using CP932+MTE, including repointed targets"
epet_descriptions,0x387432,0x1371F4,0x3876EA,0x13480A,ヒューマンタイプ　まもり＋１,Ｈｕｍａｎ　ＤＥＦ　＋１,False,1,0,True,True,"Known uint16 bank-local table; target decoded using CP932+MTE, including repointed targets"
epet_descriptions,0x387434,0x38FAEC,0x387708,,,？？？？,False,0,0,True,True,"Known uint16 bank-local table; target decoded using CP932+MTE, including repointed targets"
extension_bank13,0x134400,0x134A00,0x13FFFF,,,Ｔｏｏ　Ｒｕｓｔｙ　ｔｏ　Ｕｓｅ,False,4,0,True,True,"Known uint16 bank-local table; target decoded using CP932+MTE, including repointed targets"
extension_bank13,0x134402,0x134A18,0x13FFFF,,,Ｏｐｅｎｓ　Ａｎｇｅｌ　Ｄｏｏｒ,False,5,0,True,True,"Known uint16 bank-local table; target decoded using CP932+MTE, including repointed targets"
extension_bank13,0x134404,0x134A30,0x13FFFF,,,Ｏｐｅｎｓ　Ａｎｃｉｅｎｔ　Ｄｏｏｒ,False,4,0,True,True,"Known uint16 bank-local table; target decoded using CP932+MTE, including repointed targets"
extension_bank13,0x134406,0x134A44,0x13FFFF,,,Ｏｐｅｎｓ　Ｆｕｔｕｒｅ　Ｄｏｏｒ,False,6,0,True,True,"Known uint16 bank-local table; target decoded using CP932+MTE, including repointed targets"
extension_bank13,0x134408,0x134A5C,0x13FFFF,,,Ｓａｖｅ　Ａｎｙｗｈｅｒｅ,False,2,0,True,True,"Known uint16 bank-local table; target decoded using CP932+MTE, including repointed targets"
extension_bank13,0x13440A,0x134A6C,0x13FFFF,,,Ｐｒｏｇｒａｍｓ　Ｂｕｇ　Ｒｏｂｏｔ,False,3,0,True,True,"Known uint16 bank-local table; target decoded using CP932+MTE, including repointed targets"
extension_bank13,0x13440C,0x134A8C,0x13FFFF,,,Ｂｕｇ　Ｒｏｂｏｔ　Ａｎｔｅｎｎａ,False,2,0,True,True,"Known uint16 bank-local table; target decoded using CP932+MTE, including repointed targets"
extension_bank13,0x13440E,0x134AAC,0x13FFFF,,,Ｂｕｇ　Ｒｏｂｏｔ　Ｌｅｇｓ,False,1,0,True,True,"Known uint16 bank-local table; target decoded using CP932+MTE, including repointed targets"
extension_bank13,0x134410,0x134AC8,0x13FFFF,,,Ｂｕｇ　Ｒｏｂｏｔ　Ｓｈｅｌｌ,False,3,0,True,True,"Known uint16 bank-local table; target decoded using CP932+MTE, including repointed targets"
extension_bank13,0x134412,0x134AE2,0x13FFFF,,,Ｓｅｘｙ　Ｖｉｄｅｏ,False,2,0,True,True,"Known uint16 bank-local table; target decoded using CP932+MTE, including repointed targets"
extension_bank13,0x134414,0x134AF4,0x13FFFF,,,Ｅａｓｙ　ｆｏｒ　Ａｎｙｏｎｅ,False,4,0,True,True,"Known uint16 bank-local table; target decoded using CP932+MTE, including repointed targets"
extension_bank13,0x134416,0x134B08,0x13FFFF,,,Ｅｎａｂｌｅｓ　Ｆａｓｔ　Ａｔｔａｃｋ,False,5,0,True,True,"Known uint16 bank-local table; target decoded using CP932+MTE, including repointed targets"
extension_bank13,0x134418,0x134B24,0x13FFFF,,,Ｗｉｄｅ　Ａｔｔａｃｋ　Ｒａｎｇｅ,False,4,0,True,True,"Known uint16 bank-local table; target decoded using CP932+MTE, including repointed targets"
extension_bank13,0x13441A,0x134B3E,0x13FFFF,,,Ｈｕｇｅ　ｖｓ　Ｌｉｆｅｌｅｓｓ,False,5,0,True,True,"Known uint16 bank-local table; target decoded using CP932+MTE, including repointed targets"
extension_bank13,0x13441C,0x134B56,0x13FFFF,,,Ｌｏｎｇ　Ｒｅａｃｈ,False,2,0,True,True,"Known uint16 bank-local table; target decoded using CP932+MTE, including repointed targets"
extension_bank13,0x13441E,0x134B68,0x13FFFF,,,Ｉｎｄｅ　Ｖｉｌｌａｇｅ　Ａｘｅ,False,4,0,True,True,"Known uint16 bank-local table; target decoded using CP932+MTE, including repointed targets"
extension_bank13,0x134420,0x134B7E,0x13FFFF,,,Ｃｒｕｓｈｅｓ　Ｂｏｎｅｓ,False,5,0,True,True,"Known uint16 bank-local table; target decoded using CP932+MTE, including repointed targets"
extension_bank13,0x134422,0x134B90,0x13FFFF,,,Ｍａｙ　Ｐｕｔ　Ｆｏｅｓ　Ａｓｌｅｅｐ,False,4,0,True,True,"Known uint16 bank-local table; target decoded using CP932+MTE, including repointed targets"
extension_bank13,0x134424,0x134BAE,0x13FFFF,,,Ｎｏ　Ｄｕｒａｂｉｌｉｔｙ　Ｌｏｓｓ,False,4,0,True,True,"Known uint16 bank-local table; target decoded using CP932+MTE, including repointed targets"
extension_bank13,0x134426,0x134BCC,0x13FFFF,,,Ｈｉｇｈ　Ｃｒｉｔｉｃａｌ　Ｒａｔｅ,False,5,0,True,True,"Known uint16 bank-local table; target decoded using CP932+MTE, including repointed targets"
extension_bank13,0x134428,0x134BAE,0x13FFFF,,,Ｎｏ　Ｄｕｒａｂｉｌｉｔｙ　Ｌｏｓｓ,False,4,0,True,True,"Known uint16 bank-local table; target decoded using CP932+MTE, including repointed targets"
extension_bank13,0x13442A,0x134BE8,0x13FFFF,,,Ｆｏｕｎｔａｉｎ：　Ｎｏ　Ｅｆｆｅｃｔ,False,3,0,True,True,"Known uint16 bank-local table; target decoded using CP932+MTE, including repointed targets"
extension_bank13,0x13442C,0x134C08,0x13FFFF,,,Ｕｌｔｉｍａｔｅ　Ａｘｅ,False,3,0,True,True,"Known uint16 bank-local table; target decoded using CP932+MTE, including repointed targets"
extension_bank13,0x13442E,0x134C1C,0x13FFFF,,,Ｃｕｒｓｅｄ　ｆｒｏｍ　Ｓｔａｒｔ,False,4,0,True,True,"Known uint16 bank-local table; target decoded using CP932+MTE, including repointed targets"
extension_bank13,0x134430,0x134C32,0x13FFFF,,,Ｕｓｅｄ　ｂｙ　Ｍｏｎｓｔｅｒｓ,False,5,0,True,True,"Known uint16 bank-local table; target decoded using CP932+MTE, including repointed targets"
extension_bank13,0x134432,0x134C46,0x13FFFF,,,Ｕｎｓｔａｂｌｅ　Ｐｏｗｅｒ,False,4,0,True,True,"Known uint16 bank-local table; target decoded using CP932+MTE, including repointed targets"
extension_bank13,0x134434,0x134C5C,0x13FFFF,,,Ｓｔｒｏｎｇ　ｂｕｔ　Ｆｒａｇｉｌｅ,False,5,0,True,True,"Known uint16 bank-local table; target decoded using CP932+MTE, including repointed targets"
extension_bank13,0x134436,0x134C74,0x13FFFF,,,Ｏｇｒｅ’ｓ　Ｗｅａｐｏｎ,False,5,0,True,True,"Known uint16 bank-local table; target decoded using CP932+MTE, including repointed targets"
extension_bank13,0x134438,0x134C84,0x13FFFF,,,Ｂｒｅａｋｓ　Ｗａｌｌｓ／Ｒｏｃｋｓ,False,3,0,True,True,"Known uint16 bank-local table; target decoded using CP932+MTE, including repointed targets"
extension_bank13,0x13443A,0x134CA2,0x13FFFF,,,Ｗｉｚａｒｄ’ｓ　Ｓｔａｆｆ,False,2,0,True,True,"Known uint16 bank-local table; target decoded using CP932+MTE, including repointed targets"
extension_bank13,0x13443C,0x134CBA,0x13FFFF,,,Ｂｏｏｓｔｓ　Ｉｔｅｍ　Ｄｒｏｐｓ,False,5,0,True,True,"Known uint16 bank-local table; target decoded using CP932+MTE, including repointed targets"
extension_bank13,0x13443E,0x134CD4,0x13FFFF,,,Ｈｕｇｅ　ｖｓ　Ｗａｔｅｒ　Ｆｏｅｓ,False,5,0,True,True,"Known uint16 bank-local table; target decoded using CP932+MTE, including repointed targets"
extension_bank13,0x134440,0x134CEE,0x13FFFF,,,Ｈｅｒｏ　Ｒｅｔａｉｎｅｒ　Ｓｐｅａｒ,False,7,0,True,True,"Known uint16 bank-local table; target decoded using CP932+MTE, including repointed targets"
extension_bank13,0x134442,0x134D06,0x13FFFF,,,Ｆｏｒ　Ｓｅｃｒｅｔ　Ａｒｔｓ,False,2,0,True,True,"Known uint16 bank-local table; target decoded using CP932+MTE, including repointed targets"
extension_bank13,0x134444,0x134D16,0x13FFFF,,,Ｐｏｉｓｏｎ‐Ｒｅｓｉｓｔ　Ｓｐｅａｒ,False,7,0,True,True,"Known uint16 bank-local table; target decoded using CP932+MTE, including repointed targets"
extension_bank13,0x134446,0x134D30,0x13FFFF,,,Ｓｔｒｏｎｇ　Ｔｒｉｄｅｎｔ,False,4,0,True,True,"Known uint16 bank-local table; target decoded using CP932+MTE, including repointed targets"
extension_bank13,0x134448,0x134D44,0x13FFFF,,,Ｉｎｃｏｍｐｌｅｔｅ　Ｓｐｅａｒ,False,5,0,True,True,"Known uint16 bank-local table; target decoded using CP932+MTE, including repointed targets"
extension_bank13,0x13444A,0x134D5C,0x13FFFF,,,Ｏｐｐｏｓｉｎｇ　Ｐｏｗｅｒｓ,False,3,0,True,True,"Known uint16 bank-local table; target decoded using CP932+MTE, including repointed targets"
extension_bank13,0x13444C,0x134D74,0x13FFFF,,,Ｓｔｒｏｎｇ　Ｗｈｅｎ　Ｔｈｒｏｗｎ,False,4,0,True,True,"Known uint16 bank-local table; target decoded using CP932+MTE, including repointed targets"
extension_bank13,0x13444E,0x134D92,0x13FFFF,,,Ｓｈｉｖａ　Ｓｐｅａｒ：　Ｃｒｉｔ＋,False,3,0,True,True,"Known uint16 bank-local table; target decoded using CP932+MTE, including repointed targets"
extension_bank13,0x134450,0x134DB2,0x13FFFF,,,Ｆｉｔｓ　Ｍａｎｙ　Ｃｈａｒｍｓ,False,5,0,True,True,"Known uint16 bank-local table; target decoded using CP932+MTE, including repointed targets"
extension_bank13,0x134452,0x134DCA,0x13FFFF,,,Ｄｉｖｉｎｅ　Ｏｒｄｉｎ　Ｓｐｅａｒ,False,5,0,True,True,"Known uint16 bank-local table; target decoded using CP932+MTE, including repointed targets"
extension_bank13,0x134454,0x134DE6,0x13FFFF,,,Ａｔｔａｃｋｓ　Ｔｗｉｃｅ,False,3,0,True,True,"Known uint16 bank-local table; target decoded using CP932+MTE, including repointed targets"
extension_bank13,0x134456,0x134DFA,0x13FFFF,,,Ｄａｒｋ‐Ｐｏｗｅｒｅｄ　Ｓｐｅａｒ,False,6,0,True,True,"Known uint16 bank-local table; target decoded using CP932+MTE, including repointed targets"
extension_bank13,0x134458,0x134E12,0x13FFFF,,,Ｄｕｒａｂｌｅ　Ｂｏｗ,False,3,0,True,True,"Known uint16 bank-local table; target decoded using CP932+MTE, including repointed targets"
extension_bank13,0x13445A,0x134E24,0x13FFFF,,,Ｇｕｎ‐Ｔｙｐｅ　Ｂｏｗ,False,2,0,True,True,"Known uint16 bank-local table; target decoded using CP932+MTE, including repointed targets"
extension_bank13,0x13445C,0x134E3A,0x13FFFF,,,Ｗｉｎｄ　Ｅｌｅｍｅｎｔ,False,3,0,True,True,"Known uint16 bank-local table; target decoded using CP932+MTE, including repointed targets"
extension_bank13,0x13445E,0x134E4A,0x13FFFF,,,Ｓｔｒｏｎｇｅｓｔ　Ｂｏｗ,False,5,0,True,True,"Known uint16 bank-local table; target decoded using CP932+MTE, including repointed targets"
extension_bank13,0x134460,0x134E5C,0x13FFFF,,,Ｓｔｒｏｎｇｅｒ　ｔｈａｎ　Ｂｏｗ,False,6,0,True,True,"Known uint16 bank-local table; target decoded using CP932+MTE, including repointed targets"
extension_bank13,0x134462,0x134E72,0x13FFFF,,,Ｍｕｃｈ　Ｓｔｒｏｎｇｅｒ　Ｂｏｗ,False,5,0,True,True,"Known uint16 bank-local table; target decoded using CP932+MTE, including repointed targets"
extension_bank13,0x134464,0x134E8A,0x13FFFF,,,Ｎｏ　Ｄｅｓｃ：　Ｓｈｏｒｔ　Ｂｏｗ,False,4,0,True,True,"Known uint16 bank-local table; target decoded using CP932+MTE, including repointed targets"
extension_bank13,0x134466,0x134EA8,0x13FFFF,,,Ｎｏ　Ｄｅｓｃ：　Ｑｕｉｃｋ　Ｂｏｗ,False,3,0,True,True,"Known uint16 bank-local table; target decoded using CP932+MTE, including repointed targets"
extension_bank13,0x134468,0x134EC8,0x13FFFF,,,Ｎｏ　Ｄｅｓｃ：　Ｌｏｎｇ　Ｂｏｗ,False,3,0,True,True,"Known uint16 bank-local table; target decoded using CP932+MTE, including repointed targets"
extension_bank13,0x13446A,0x134EE6,0x13FFFF,,,Ｎｏ　Ｄｅｓｃ：　Ｃｒｏｓｓｂｏｗ,False,3,0,True,True,"Known uint16 bank-local table; target decoded using CP932+MTE, including repointed targets"
extension_bank13,0x13446C,0x134F04,0x13FFFF,,,Ｎｏ　Ｄｅｓｃ：　Ｗｉｎｄ　Ｂｏｗ,False,3,0,True,True,"Known uint16 bank-local table; target decoded using CP932+MTE, including repointed targets"
extension_bank13,0x13446E,0x134F20,0x13FFFF,,,Ｎｏ　Ｄｅｓｃ：　Ｓａｒｕｎｇａ,False,3,0,True,True,"Known uint16 bank-local table; target decoded using CP932+MTE, including repointed targets"
extension_bank13,0x134470,0x134F3C,0x13FFFF,,,Ｎｏ　Ｄｅｓｃ：　Ｍａｔｃｈｌｏｃｋ,False,4,0,True,True,"Known uint16 bank-local table; target decoded using CP932+MTE, including repointed targets"
extension_bank13,0x134472,0x134F5A,0x13FFFF,,,Ｎｏ　Ｄｅｓｃ：　Ｒｉｆｌｅ,False,3,0,True,True,"Known uint16 bank-local table; target decoded using CP932+MTE, including repointed targets"
extension_bank13,0x134474,0x134F72,0x13FFFF,,,Ｎｏ　Ｄｅｓｃ：　Ｍｏｎ　Ｂｏｗ,False,3,0,True,True,"Known uint16 bank-local table; target decoded using CP932+MTE, including repointed targets"
extension_bank13,0x134476,0x134F8E,0x13FFFF,,,Ｎｏ　Ｄｅｓｃ：　Ｍｏｎ　Ｂｏｗ　ＩＩ,False,4,0,True,True,"Known uint16 bank-local table; target decoded using CP932+MTE, including repointed targets"
extension_bank13,0x134478,0x134FAE,0x13FFFF,,,Ｎｏ　Ｄｅｓｃ：　Ｋｏｔｔｓｕｎ,False,1,0,True,True,"Known uint16 bank-local table; target decoded using CP932+MTE, including repointed targets"
extension_bank13,0x13447A,0x134FCE,0x13FFFF,,,Ｎｏ　Ｄｅｓｃ：　Ｅｌｉｙａｎ　Ｇｕｎ,False,2,0,True,True,"Known uint16 bank-local table; target decoded using CP932+MTE, including repointed targets"
extension_bank13,0x13447C,0x134FF2,0x13FFFF,,,Ｂｒｏａｄ　＆　Ｐｏｗｅｒｆｕｌ,False,5,0,True,True,"Known uint16 bank-local table; target decoded using CP932+MTE, including repointed targets"
extension_bank13,0x13447E,0x135008,0x13FFFF,,,Ｍｕｒａｓａｋｉ　Ｍａｓｔｅｒｗｏｒｋ,False,5,0,True,True,"Known uint16 bank-local table; target decoded using CP932+MTE, including repointed targets"
extension_bank13,0x134480,0x135024,0x13FFFF,,,Ａｌｃｈｅｍｉａ　Ｈｅｉｒｌｏｏｍ,False,5,0,True,True,"Known uint16 bank-local table; target decoded using CP932+MTE, including repointed targets"
extension_bank13,0x134482,0x135032,0x13FFFF,,,Ｓｔａｂｌｅ　Ｐｏｗｅｒ,False,3,0,True,True,"Known uint16 bank-local table; target decoded using CP932+MTE, including repointed targets"
extension_bank13,0x134484,0x135046,0x13FFFF,,,Ｆｉｒｅ　Ｅｌｅｍｅｎｔ,False,4,0,True,True,"Known uint16 bank-local table; target decoded using CP932+MTE, including repointed targets"
extension_bank13,0x134486,0x135056,0x13FFFF,,,Ｈｕｇｅ　ｖｓ　Ｍａｇｅｓ,False,3,0,True,True,"Known uint16 bank-local table; target decoded using CP932+MTE, including repointed targets"
extension_bank13,0x134488,0x13506A,0x13FFFF,,,Ｈｅｒｏ　Ｇｌａｄｉｓ’ｓ　Ｓｗｏｒｄ,False,6,0,True,True,"Known uint16 bank-local table; target decoded using CP932+MTE, including repointed targets"
extension_bank13,0x13448A,0x135084,0x13FFFF,,,Ｃｕｒｓｅｄ．．．　ｂｕｔ．．．,False,5,0,True,True,"Known uint16 bank-local table; target decoded using CP932+MTE, including repointed targets"
extension_bank13,0x13448C,0x135094,0x13FFFF,,,Ｃａｌｌｅｄ　Ｅｘｃａｌｉｂｕｒ,False,4,0,True,True,"Known uint16 bank-local table; target decoded using CP932+MTE, including repointed targets"
extension_bank13,0x13448E,0x1350AA,0x13FFFF,,,Ｂｏｏｓｔｓ　Ａｌｌ　Ｅｌｅｍｅｎｔｓ,False,5,0,True,True,"Known uint16 bank-local table; target decoded using CP932+MTE, including repointed targets"
extension_bank13,0x134490,0x1350C6,0x13FFFF,,,Ａｌｗａｙｓ　Ｃｒｉｔｉｃａｌ,False,5,0,True,True,"Known uint16 bank-local table; target decoded using CP932+MTE, including repointed targets"
extension_bank13,0x134492,0x1350DA,0x13FFFF,,,Ｕｌｔｉｍａｔｅ　Ｍａｇｅｂｌａｄｅ,False,5,0,True,True,"Known uint16 bank-local table; target decoded using CP932+MTE, including repointed targets"
extension_bank13,0x134494,0x1350F4,0x13FFFF,,,Ａｔｔａｃｋｓ　ｗｉｔｈ　Ｌｉｇｈｔ,False,4,0,True,True,"Known uint16 bank-local table; target decoded using CP932+MTE, including repointed targets"
extension_bank13,0x134496,0x135108,0x13FFFF,,,Ｓｔｒｏｎｇ　Ｆｉｒｅ　Ｅｌｅｍｅｎｔ,False,6,0,True,True,"Known uint16 bank-local table; target decoded using CP932+MTE, including repointed targets"
extension_bank13,0x134498,0x135122,0x13FFFF,,,Ｓｔｒｏｎｇ　Ｗａｔｅｒ　Ｅｌｅｍ．,False,5,0,True,True,"Known uint16 bank-local table; target decoded using CP932+MTE, including repointed targets"
extension_bank13,0x13449A,0x13513C,0x13FFFF,,,Ｓｔｒｏｎｇ　Ｄａｒｋ　Ｅｌｅｍｅｎｔ,False,5,0,True,True,"Known uint16 bank-local table; target decoded using CP932+MTE, including repointed targets"
extension_bank13,0x13449C,0x135158,0x13FFFF,,,Ｄｅｍｏｎ　Ｓｗｏｒｄ,False,3,0,True,True,"Known uint16 bank-local table; target decoded using CP932+MTE, including repointed targets"
extension_bank13,0x13449E,0x13516A,0x13FFFF,,,Ｈｏｌｙ　ｖｓ　Ｄｅｍｏｎｓ,False,4,0,True,True,"Known uint16 bank-local table; target decoded using CP932+MTE, including repointed targets"
extension_bank13,0x1344A0,0x135180,0x13FFFF,,,Ｋｏｔｔｓｕｎ　Ｋｉｎｇ　Ｓｗｏｒｄ,False,2,0,True,True,"Known uint16 bank-local table; target decoded using CP932+MTE, including repointed targets"
extension_bank13,0x1344A2,0x1351A0,0x13FFFF,,,Ｂｉｇ　Ｓｏｌｄｉｅｒ　Ｓｗｏｒｄ,False,4,0,True,True,"Known uint16 bank-local table; target decoded using CP932+MTE, including repointed targets"
extension_bank13,0x1344A4,0x1351BA,0x13FFFF,,,Ｄｅｃｏｒａｔｅｄ　Ｇａｒｂ,False,4,0,True,True,"Known uint16 bank-local table; target decoded using CP932+MTE, including repointed targets"
extension_bank13,0x1344A6,0x1351CE,0x13FFFF,,,Ｌｉｇｈｔ　Ｌｅａｔｈｅｒ　Ａｒｍｏｒ,False,4,0,True,True,"Known uint16 bank-local table; target decoded using CP932+MTE, including repointed targets"
extension_bank13,0x1344A8,0x1351E8,0x13FFFF,,,Ｌｉｎｋｅｄ‐Ｒｉｎｇ　Ａｒｍｏｒ,False,4,0,True,True,"Known uint16 bank-local table; target decoded using CP932+MTE, including repointed targets"
extension_bank13,0x1344AA,0x135202,0x13FFFF,,,Ｆａｉｒｌｙ　Ｈｉｇｈ　Ｄｅｆｅｎｓｅ,False,5,0,True,True,"Known uint16 bank-local table; target decoded using CP932+MTE, including repointed targets"
extension_bank13,0x1344AC,0x135220,0x13FFFF,,,Ｎｏ　Ｌａｖａ　Ｄａｍａｇｅ,False,2,0,True,True,"Known uint16 bank-local table; target decoded using CP932+MTE, including repointed targets"
extension_bank13,0x1344AE,0x135238,0x13FFFF,,,Ｐｏｉｓｏｎｓ　ｏｎ　Ｃｏｎｔａｃｔ,False,5,0,True,True,"Known uint16 bank-local table; target decoded using CP932+MTE, including repointed targets"
extension_bank13,0x1344B0,0x135254,0x13FFFF,,,Ｄｒａｇｏｎ　Ｓｃａｌｅ　Ａｒｍｏｒ,False,5,0,True,True,"Known uint16 bank-local table; target decoded using CP932+MTE, including repointed targets"
extension_bank13,0x1344B2,0x135270,0x13FFFF,,,Ｍｉｎｄ‐Ｒｅｓｉｓｔ　Ａｒｍｏｒ,False,5,0,True,True,"Known uint16 bank-local table; target decoded using CP932+MTE, including repointed targets"
extension_bank13,0x1344B4,0x135288,0x13FFFF,,,Ｏｓｅｒ’ｓ　Ｇａｒｂ,False,3,0,True,True,"Known uint16 bank-local table; target decoded using CP932+MTE, including repointed targets"
extension_bank13,0x1344B6,0x135298,0x13FFFF,,,Ｖｅｒｙ　Ｆｉｒｅ　Ｒｅｓｉｓｔａｎｔ,False,7,0,True,True,"Known uint16 bank-local table; target decoded using CP932+MTE, including repointed targets"
extension_bank13,0x1344B8,0x1352B0,0x13FFFF,,,Ａｎｉｍａｌ　Ｐｏｗｅｒ,False,4,0,True,True,"Known uint16 bank-local table; target decoded using CP932+MTE, including repointed targets"
extension_bank13,0x1344BA,0x1352C2,0x13FFFF,,,Ｎａｔｕｒｅ　Ｐｏｗｅｒ,False,5,0,True,True,"Known uint16 bank-local table; target decoded using CP932+MTE, including repointed targets"
extension_bank13,0x1344BC,0x1352D2,0x13FFFF,,,Ｂｌｏｃｋｓ　Ｓｐｅｃｉａｌ　ＡＴＫ,False,4,0,True,True,"Known uint16 bank-local table; target decoded using CP932+MTE, including repointed targets"
extension_bank13,0x1344BE,0x1352F0,0x13FFFF,,,Ｕｌｔｉｍａｔｅ　Ａｒｍｏｒ,False,4,0,True,True,"Known uint16 bank-local table; target decoded using CP932+MTE, including repointed targets"
extension_bank13,0x1344C0,0x135306,0x13FFFF,,,Ｎｅｖｅｒ　Ｃｕｒｓｅｄ,False,3,0,True,True,"Known uint16 bank-local table; target decoded using CP932+MTE, including repointed targets"
extension_bank13,0x1344C2,0x135318,0x13FFFF,,,Ｅｑｕｉｐ：　Ａｇｉｌｉｔｙ　＋１,False,3,0,True,True,"Known uint16 bank-local table; target decoded using CP932+MTE, including repointed targets"
extension_bank13,0x1344C4,0x135336,0x13FFFF,,,Ｅｑｕｉｐ：　Ａｇｉｌｉｔｙ　＋２,False,3,0,True,True,"Known uint16 bank-local table; target decoded using CP932+MTE, including repointed targets"
extension_bank13,0x1344C6,0x135354,0x13FFFF,,,Ｅｑｕｉｐ：　Ｓｔｒｅｎｇｔｈ　＋１,False,3,0,True,True,"Known uint16 bank-local table; target decoded using CP932+MTE, including repointed targets"
extension_bank13,0x1344C8,0x135374,0x13FFFF,,,Ｅｑｕｉｐ：　Ｓｔｒｅｎｇｔｈ　＋２,False,3,0,True,True,"Known uint16 bank-local table; target decoded using CP932+MTE, including repointed targets"
extension_bank13,0x1344CA,0x135394,0x13FFFF,,,Ｅｑｕｉｐ：　Ｓｔｒｅｎｇｔｈ　＋３,False,3,0,True,True,"Known uint16 bank-local table; target decoded using CP932+MTE, including repointed targets"
extension_bank13,0x1344CC,0x1353B4,0x13FFFF,,,Ｅｑｕｉｐ：　Ｓｔｒｅｎｇｔｈ　＋４,False,3,0,True,True,"Known uint16 bank-local table; target decoded using CP932+MTE, including repointed targets"
extension_bank13,0x1344CE,0x1353D4,0x13FFFF,,,Ｂｏｏｓｔｓ　Ｎｅｕｔｒａｌ　ＡＴＫ,False,4,0,True,True,"Known uint16 bank-local table; target decoded using CP932+MTE, including repointed targets"
extension_bank13,0x1344D0,0x1353F2,0x13FFFF,,,Ａｄｄｓ　Ｆｉｒｅ　Ｅｌｅｍｅｎｔ,False,5,0,True,True,"Known uint16 bank-local table; target decoded using CP932+MTE, including repointed targets"
extension_bank13,0x1344D2,0x13540A,0x13FFFF,,,Ａｄｄｓ　Ｗａｔｅｒ　Ｅｌｅｍｅｎｔ,False,5,0,True,True,"Known uint16 bank-local table; target decoded using CP932+MTE, including repointed targets"
extension_bank13,0x1344D4,0x135422,0x13FFFF,,,Ａｄｄｓ　Ｉｃｅ　Ｅｌｅｍｅｎｔ,False,4,0,True,True,"Known uint16 bank-local table; target decoded using CP932+MTE, including repointed targets"
extension_bank13,0x1344D6,0x13543A,0x13FFFF,,,Ａｄｄｓ　Ｗｉｎｄ　Ｅｌｅｍｅｎｔ,False,4,0,True,True,"Known uint16 bank-local table; target decoded using CP932+MTE, including repointed targets"
extension_bank13,0x1344D8,0x135452,0x13FFFF,,,Ａｄｄｓ　Ｔｈｕｎｄｅｒ　Ｅｌｅｍ．,False,4,0,True,True,"Known uint16 bank-local table; target decoded using CP932+MTE, including repointed targets"
extension_bank13,0x1344DA,0x13546E,0x13FFFF,,,Ａｄｄｓ　Ｅａｒｔｈ　Ｅｌｅｍｅｎｔ,False,4,0,True,True,"Known uint16 bank-local table; target decoded using CP932+MTE, including repointed targets"
extension_bank13,0x1344DC,0x135484,0x13FFFF,,,Ａｄｄｓ　Ｌｉｇｈｔ　Ｅｌｅｍｅｎｔ,False,4,0,True,True,"Known uint16 bank-local table; target decoded using CP932+MTE, including repointed targets"
extension_bank13,0x1344DE,0x13549C,0x13FFFF,,,Ａｄｄｓ　Ｄａｒｋ　Ｅｌｅｍｅｎｔ,False,4,0,True,True,"Known uint16 bank-local table; target decoded using CP932+MTE, including repointed targets"
extension_bank13,0x1344E0,0x1354B6,0x13FFFF,,,Ａｄｄｓ　Ｔｉｍｅ　Ｅｌｅｍｅｎｔ,False,5,0,True,True,"Known uint16 bank-local table; target decoded using CP932+MTE, including repointed targets"
extension_bank13,0x1344E2,0x1354CE,0x13FFFF,,,Ａｄｄｓ　Ｓｐａｃｅ　Ｅｌｅｍｅｎｔ,False,4,0,True,True,"Known uint16 bank-local table; target decoded using CP932+MTE, including repointed targets"
extension_bank13,0x1344E4,0x1354EA,0x13FFFF,,,Ａｄｄｓ　Ｍｉｎｄ　Ｅｌｅｍｅｎｔ,False,4,0,True,True,"Known uint16 bank-local table; target decoded using CP932+MTE, including repointed targets"
extension_bank13,0x1344E6,0x135502,0x13FFFF,,,Ｅｎａｂｌｅｓ　Ｗｅａｐｏｎ　Ａｒｔ,False,5,0,True,True,"Known uint16 bank-local table; target decoded using CP932+MTE, including repointed targets"
extension_bank13,0x1344E8,0x13551E,0x13FFFF,,,Ｍａｙ　Ｐｏｉｓｏｎ　Ｆｏｅｓ,False,4,0,True,True,"Known uint16 bank-local table; target decoded using CP932+MTE, including repointed targets"
extension_bank13,0x1344EA,0x134B90,0x13FFFF,,,Ｍａｙ　Ｐｕｔ　Ｆｏｅｓ　Ａｓｌｅｅｐ,False,4,0,True,True,"Known uint16 bank-local table; target decoded using CP932+MTE, including repointed targets"
extension_bank13,0x1344EC,0x135536,0x13FFFF,,,Ｍａｙ　Ｐａｒａｌｙｚｅ　Ｆｏｅｓ,False,5,0,True,True,"Known uint16 bank-local table; target decoded using CP932+MTE, including repointed targets"
extension_bank13,0x1344EE,0x135550,0x13FFFF,,,Ｍａｙ　Ｅｘｐｌｏｄｅ　Ｆｏｅｓ,False,4,0,True,True,"Known uint16 bank-local table; target decoded using CP932+MTE, including repointed targets"
extension_bank13,0x1344F0,0x134BCC,0x13FFFF,,,Ｈｉｇｈ　Ｃｒｉｔｉｃａｌ　Ｒａｔｅ,False,5,0,True,True,"Known uint16 bank-local table; target decoded using CP932+MTE, including repointed targets"
extension_bank13,0x1344F2,0x1350C6,0x13FFFF,,,Ａｌｗａｙｓ　Ｃｒｉｔｉｃａｌ,False,5,0,True,True,"Known uint16 bank-local table; target decoded using CP932+MTE, including repointed targets"
extension_bank13,0x1344F4,0x134CBA,0x13FFFF,,,Ｂｏｏｓｔｓ　Ｉｔｅｍ　Ｄｒｏｐｓ,False,5,0,True,True,"Known uint16 bank-local table; target decoded using CP932+MTE, including repointed targets"
extension_bank13,0x1344F6,0x13556A,0x13FFFF,,,Ｍａｙ　Ｄｒｏｐ　Ｅｎｅｍｙ　Ｗｐｎ,False,4,0,True,True,"Known uint16 bank-local table; target decoded using CP932+MTE, including repointed targets"
extension_bank13,0x1344F8,0x135588,0x13FFFF,,,Ｂｏｏｓｔｓ　Ｇｏｌｄ　Ｄｒｏｐｓ,False,4,0,True,True,"Known uint16 bank-local table; target decoded using CP932+MTE, including repointed targets"
extension_bank13,0x1344FA,0x1355A4,0x13FFFF,,,Ｄｕｒａｂｉｌｉｔｙ　Ｌａｓｔｓ,False,5,0,True,True,"Known uint16 bank-local table; target decoded using CP932+MTE, including repointed targets"
extension_bank13,0x1344FC,0x134B24,0x13FFFF,,,Ｗｉｄｅ　Ａｔｔａｃｋ　Ｒａｎｇｅ,False,4,0,True,True,"Known uint16 bank-local table; target decoded using CP932+MTE, including repointed targets"
extension_bank13,0x1344FE,0x1355BA,0x13FFFF,,,Ｅｎａｂｌｅｓ　Ｓｐｉｎ　Ａｔｔａｃｋ,False,4,0,True,True,"Known uint16 bank-local table; target decoded using CP932+MTE, including repointed targets"
extension_bank13,0x134500,0x1355D8,0x13FFFF,,,Ｍａｙ　Ｓｅａｌ　Ｓｐｅｃｉａｌｓ,False,4,0,True,True,"Known uint16 bank-local table; target decoded using CP932+MTE, including repointed targets"
extension_bank13,0x134502,0x1355F4,0x13FFFF,,,Ｒｅｆｌｅｃｔｓ　Ｍａｇｉｃ,False,3,0,True,True,"Known uint16 bank-local table; target decoded using CP932+MTE, including repointed targets"
extension_bank13,0x134504,0x13560A,0x13FFFF,,,Ｄｏｕｂｌｅ　Ｗｅａｐｏｎ　Ｈｉｔ,False,6,0,True,True,"Known uint16 bank-local table; target decoded using CP932+MTE, including repointed targets"
extension_bank13,0x134506,0x135622,0x13FFFF,,,！Ｎｏ　Ｏｔｈｅｒ　Ｗｅａｐｏｎ,False,5,0,True,True,"Known uint16 bank-local table; target decoded using CP932+MTE, including repointed targets"
extension_bank13,0x134508,0x135638,0x13FFFF,,,！Ｄａｍａｇｅ　Ａｌｗａｙｓ　１,False,4,0,True,True,"Known uint16 bank-local table; target decoded using CP932+MTE, including repointed targets"
extension_bank13,0x13450A,0x13564E,0x13FFFF,,,！Ｎｏ　Ｍａｇｉｃ／Ｉｔｅｍｓ,False,3,0,True,True,"Known uint16 bank-local table; target decoded using CP932+MTE, including repointed targets"
extension_bank13,0x13450C,0x135668,0x13FFFF,,,！Ｎｏ　Ｄｕｒａｂｉｌｉｔｙ　Ｇａｉｎ,False,5,0,True,True,"Known uint16 bank-local table; target decoded using CP932+MTE, including repointed targets"
extension_bank13,0x13450E,0x135686,0x13FFFF,,,！Ｄｕｒａｂｉｌｉｔｙ　Ｄｒａｉｎｓ,False,6,0,True,True,"Known uint16 bank-local table; target decoded using CP932+MTE, including repointed targets"
extension_bank13,0x134510,0x1356A0,0x13FFFF,,,！Ｎａｒｒｏｗ　Ａｔｔａｃｋ,False,3,0,True,True,"Known uint16 bank-local table; target decoded using CP932+MTE, including repointed targets"
extension_bank13,0x134512,0x1356B6,0x13FFFF,,,！Ｓｌｏｗ　Ｗｅａｐｏｎ　Ｄｒａｗ,False,5,0,True,True,"Known uint16 bank-local table; target decoded using CP932+MTE, including repointed targets"
extension_bank13,0x134514,0x1356D0,0x13FFFF,,,！Ｓｗｏｒｄ　Ｈｅａｌｓ　Ｌｉｆｅ,False,5,0,True,True,"Known uint16 bank-local table; target decoded using CP932+MTE, including repointed targets"
extension_bank13,0x134516,0x1356EA,0x13FFFF,,,１ｘ　Ｄｕｒａｂｉｌｉｔｙ　Ｇｕａｒｄ,False,5,0,True,True,"Known uint16 bank-local table; target decoded using CP932+MTE, including repointed targets"
extension_bank13,0x134518,0x135708,0x13FFFF,,,Ｎｏ　Ｃｈａｒｍ　Ｓｐａｗｎ,False,1,0,True,True,"Known uint16 bank-local table; target decoded using CP932+MTE, including repointed targets"
extension_bank13,0x13451A,0x135724,0x13FFFF,,,Ｅｑｕｉｐ：　Ｄｅｆｅｎｓｅ　＋１,False,2,0,True,True,"Known uint16 bank-local table; target decoded using CP932+MTE, including repointed targets"
extension_bank13,0x13451C,0x135744,0x13FFFF,,,Ｅｑｕｉｐ：　Ｄｅｆｅｎｓｅ　＋２,False,2,0,True,True,"Known uint16 bank-local table; target decoded using CP932+MTE, including repointed targets"
extension_bank13,0x13451E,0x135764,0x13FFFF,,,Ｅｑｕｉｐ：　Ｗｉｓｄｏｍ　＋１,False,2,0,True,True,"Known uint16 bank-local table; target decoded using CP932+MTE, including repointed targets"
extension_bank13,0x134520,0x135782,0x13FFFF,,,Ｅｑｕｉｐ：　Ｗｉｓｄｏｍ　＋２,False,2,0,True,True,"Known uint16 bank-local table; target decoded using CP932+MTE, including repointed targets"
extension_bank13,0x134522,0x1357A0,0x13FFFF,,,Ｅｑｕｉｐ：　Ｗｉｓｄｏｍ　＋３,False,2,0,True,True,"Known uint16 bank-local table; target decoded using CP932+MTE, including repointed targets"
extension_bank13,0x134524,0x1357BE,0x13FFFF,,,Ｅｑｕｉｐ：　Ｗｉｓｄｏｍ　＋４,False,2,0,True,True,"Known uint16 bank-local table; target decoded using CP932+MTE, including repointed targets"
extension_bank13,0x134526,0x1357DC,0x13FFFF,,,Ｃｕｔｓ　Ｎｅｕｔｒａｌ　Ｄａｍａｇｅ,False,6,0,True,True,"Known uint16 bank-local table; target decoded using CP932+MTE, including repointed targets"
extension_bank13,0x134528,0x1357F6,0x13FFFF,,,Ａｒｍｏｒ：　Ｆｉｒｅ　Ｅｌｅｍｅｎｔ,False,5,0,True,True,"Known uint16 bank-local table; target decoded using CP932+MTE, including repointed targets"
extension_bank13,0x13452A,0x135812,0x13FFFF,,,Ａｒｍｏｒ：　Ｗａｔｅｒ　Ｅｌｅｍ．,False,4,0,True,True,"Known uint16 bank-local table; target decoded using CP932+MTE, including repointed targets"
extension_bank13,0x13452C,0x13582E,0x13FFFF,,,Ａｒｍｏｒ：　Ｉｃｅ　Ｅｌｅｍｅｎｔ,False,5,0,True,True,"Known uint16 bank-local table; target decoded using CP932+MTE, including repointed targets"
extension_bank13,0x13452E,0x135848,0x13FFFF,,,Ａｒｍｏｒ：　Ｗｉｎｄ　Ｅｌｅｍｅｎｔ,False,4,0,True,True,"Known uint16 bank-local table; target decoded using CP932+MTE, including repointed targets"
extension_bank13,0x134530,0x135864,0x13FFFF,,,Ａｒｍｏｒ：　Ｔｈｕｎｄｅｒ,False,3,0,True,True,"Known uint16 bank-local table; target decoded using CP932+MTE, including repointed targets"
extension_bank13,0x134532,0x13587C,0x13FFFF,,,Ａｒｍｏｒ：　Ｅａｒｔｈ　Ｅｌｅｍ．,False,3,0,True,True,"Known uint16 bank-local table; target decoded using CP932+MTE, including repointed targets"
extension_bank13,0x134534,0x135896,0x13FFFF,,,Ａｒｍｏｒ：　Ｌｉｇｈｔ　Ｅｌｅｍ．,False,3,0,True,True,"Known uint16 bank-local table; target decoded using CP932+MTE, including repointed targets"
extension_bank13,0x134536,0x1358B2,0x13FFFF,,,Ａｒｍｏｒ：　Ｄａｒｋ　Ｅｌｅｍｅｎｔ,False,4,0,True,True,"Known uint16 bank-local table; target decoded using CP932+MTE, including repointed targets"
extension_bank13,0x134538,0x1358D0,0x13FFFF,,,Ａｒｍｏｒ：　Ｔｉｍｅ　Ｅｌｅｍｅｎｔ,False,5,0,True,True,"Known uint16 bank-local table; target decoded using CP932+MTE, including repointed targets"
extension_bank13,0x13453A,0x1358EC,0x13FFFF,,,Ａｒｍｏｒ：　Ｓｐａｃｅ　Ｅｌｅｍ．,False,3,0,True,True,"Known uint16 bank-local table; target decoded using CP932+MTE, including repointed targets"
extension_bank13,0x13453C,0x13590C,0x13FFFF,,,Ａｒｍｏｒ：　Ｍｉｎｄ　Ｅｌｅｍｅｎｔ,False,4,0,True,True,"Known uint16 bank-local table; target decoded using CP932+MTE, including repointed targets"
extension_bank13,0x13453E,0x135928,0x13FFFF,,,Ｎｏ　Ｐｏｉｓｏｎ　Ｄａｍａｇｅ,False,4,0,True,True,"Known uint16 bank-local table; target decoded using CP932+MTE, including repointed targets"
extension_bank13,0x134540,0x135940,0x13FFFF,,,Ｐｒｅｖｅｎｔｓ　Ｓｌｅｅｐ,False,4,0,True,True,"Known uint16 bank-local table; target decoded using CP932+MTE, including repointed targets"
extension_bank13,0x134542,0x135952,0x13FFFF,,,Ｐｒｅｖｅｎｔｓ　Ｐａｒａｌｙｓｉｓ,False,6,0,True,True,"Known uint16 bank-local table; target decoded using CP932+MTE, including repointed targets"
extension_bank13,0x134544,0x13596A,0x13FFFF,,,Ｐｒｅｖｅｎｔｓ　Ｆｒｅｅｚｅ,False,4,0,True,True,"Known uint16 bank-local table; target decoded using CP932+MTE, including repointed targets"
extension_bank13,0x134546,0x135980,0x13FFFF,,,Ｍａｙ　Ｅｖａｄｅ　Ｃｒｉｔｉｃａｌ,False,6,0,True,True,"Known uint16 bank-local table; target decoded using CP932+MTE, including repointed targets"
extension_bank13,0x134548,0x135220,0x13FFFF,,,Ｎｏ　Ｌａｖａ　Ｄａｍａｇｅ,False,2,0,True,True,"Known uint16 bank-local table; target decoded using CP932+MTE, including repointed targets"
extension_bank13,0x13454A,0x13599A,0x13FFFF,,,Ａｖｏｉｄｓ　Ｈｉｄｄｅｎ　Ｔｒａｐｓ,False,5,0,True,True,"Known uint16 bank-local table; target decoded using CP932+MTE, including repointed targets"
extension_bank13,0x13454C,0x1359B8,0x13FFFF,,,Ｃｕｔｓ　Ｗｅａｐｏｎ　Ｄａｍａｇｅ,False,7,0,True,True,"Known uint16 bank-local table; target decoded using CP932+MTE, including repointed targets"
extension_bank13,0x13454E,0x1359CE,0x13FFFF,,,Ｃｕｔｓ　Ｍａｇｉｃ　Ｄａｍａｇｅ,False,5,0,True,True,"Known uint16 bank-local table; target decoded using CP932+MTE, including repointed targets"
extension_bank13,0x134550,0x1359E6,0x13FFFF,,,Ｗａｌｋ　ｔｏ　Ｈｅａｌ　Ｌｉｆｅ,False,5,0,True,True,"Known uint16 bank-local table; target decoded using CP932+MTE, including repointed targets"
extension_bank13,0x134552,0x1359FE,0x13FFFF,,,Ｈｕｒｔｓ　Ｆｏｅｓ　ｏｎ　Ｔｏｕｃｈ,False,6,0,True,True,"Known uint16 bank-local table; target decoded using CP932+MTE, including repointed targets"
extension_bank13,0x134554,0x135A18,0x13FFFF,,,Ｓｅｅ　Ｉｎｖｉｓｉｂｌｅ　Ｆｏｅｓ,False,4,0,True,True,"Known uint16 bank-local table; target decoded using CP932+MTE, including repointed targets"
extension_bank13,0x134556,0x135A36,0x13FFFF,,,Ｍａｙ　Ｒｅｆｌｅｃｔ　Ｍａｇｉｃ,False,4,0,True,True,"Known uint16 bank-local table; target decoded using CP932+MTE, including repointed targets"
extension_bank13,0x134558,0x135A52,0x13FFFF,,,Ｒａｍ　Ｗｅａｋ　Ｆｏｅｓ,False,3,0,True,True,"Known uint16 bank-local table; target decoded using CP932+MTE, including repointed targets"
extension_bank13,0x13455A,0x135A68,0x13FFFF,,,Ａｂｓｏｒｂｓ　Ｅｎｅｍｙ　Ｍａｇｉｃ,False,5,0,True,True,"Known uint16 bank-local table; target decoded using CP932+MTE, including repointed targets"
extension_bank13,0x13455C,0x135A86,0x13FFFF,,,！Ｎｏ　Ｏｔｈｅｒ　Ａｒｍｏｒ,False,3,0,True,True,"Known uint16 bank-local table; target decoded using CP932+MTE, including repointed targets"
extension_bank13,0x13455E,0x135A9E,0x13FFFF,,,！Ａｒｍｏｒ　ＤＥＦ　＝　１,False,1,0,True,True,"Known uint16 bank-local table; target decoded using CP932+MTE, including repointed targets"
extension_bank13,0x134560,0x135ABA,0x13FFFF,,,！Ｄａｍａｇｅ　Ｔａｋｅｎ　ｘ２,False,3,0,True,True,"Known uint16 bank-local table; target decoded using CP932+MTE, including repointed targets"
extension_bank13,0x134562,0x135AD2,0x13FFFF,,,！Ｌｉｆｅ　Ｌｏｓｓ　Ｗａｌｋｉｎｇ,False,5,0,True,True,"Known uint16 bank-local table; target decoded using CP932+MTE, including repointed targets"
extension_bank13,0x134564,0x135AEC,0x13FFFF,,,！Ｓｌｏｗｅｒ　Ｍｏｖｅｍｅｎｔ,False,4,0,True,True,"Known uint16 bank-local table; target decoded using CP932+MTE, including repointed targets"
extension_bank13,0x134566,0x135B02,0x13FFFF,,,Ｗｈａｔ　Ｗｉｌｌ　Ｉｔ　Ｂｅ？,False,4,0,True,True,"Known uint16 bank-local table; target decoded using CP932+MTE, including repointed targets"
extension_bank13,0x134568,0x135B16,0x13FFFF,,,Ｈａｌｆ　Ｍａｇｉｃ　Ｃｏｓｔ,False,3,0,True,True,"Known uint16 bank-local table; target decoded using CP932+MTE, including repointed targets"
extension_bank13,0x13456A,0x135B30,0x13FFFF,,,Ｓｈｏｏｔｓ　Ｆｉｒｅｂａｌｌ,False,4,0,True,True,"Known uint16 bank-local table; target decoded using CP932+MTE, including repointed targets"
extension_bank13,0x13456C,0x135B46,0x13FFFF,,,Ｐｉｌｌａｒ　ｏｆ　Ｆｉｒｅ,False,4,0,True,True,"Known uint16 bank-local table; target decoded using CP932+MTE, including repointed targets"
extension_bank13,0x13456E,0x135B56,0x13FFFF,,,Ｆｉｒｅ　Ｈｉｔｓ　Ａｌｌ　Ｆｏｅｓ,False,6,0,True,True,"Known uint16 bank-local table; target decoded using CP932+MTE, including repointed targets"
extension_bank13,0x134570,0x135B70,0x13FFFF,,,Ｓｈｏｏｔｓ　Ｗａｔｅｒ　Ｂａｌｌ,False,5,0,True,True,"Known uint16 bank-local table; target decoded using CP932+MTE, including repointed targets"
extension_bank13,0x134572,0x135B86,0x13FFFF,,,Ｗａｔｅｒ　Ｐｉｌｌａｒ,False,4,0,True,True,"Known uint16 bank-local table; target decoded using CP932+MTE, including repointed targets"
extension_bank13,0x134574,0x135B94,0x13FFFF,,,Ａｕｔｏ‐Ｃｕｒｅｓ　Ｓｔａｔｕｓ,False,5,0,True,True,"Known uint16 bank-local table; target decoded using CP932+MTE, including repointed targets"
extension_bank13,0x134576,0x135BAE,0x13FFFF,,,Ｗａｔｅｒ　Ｈｉｔｓ　Ａｌｌ　Ｆｏｅｓ,False,6,0,True,True,"Known uint16 bank-local table; target decoded using CP932+MTE, including repointed targets"
extension_bank13,0x134578,0x135BC8,0x13FFFF,,,Ｓｈｏｏｔｓ　Ｉｃｅ　Ｂｕｌｌｅｔ,False,5,0,True,True,"Known uint16 bank-local table; target decoded using CP932+MTE, including repointed targets"
extension_bank13,0x13457A,0x135BE2,0x13FFFF,,,Ｗｉｎｄ　Ｃｕｔｔｅｒ　Ａｔｔａｃｋ,False,4,0,True,True,"Known uint16 bank-local table; target decoded using CP932+MTE, including repointed targets"
extension_bank13,0x13457C,0x135BFA,0x13FFFF,,,Ｔｏｒｎａｄｏ　Ａｔｔａｃｋ,False,3,0,True,True,"Known uint16 bank-local table; target decoded using CP932+MTE, including repointed targets"
extension_bank13,0x13457E,0x135C10,0x13FFFF,,,Ｅｓｃａｐｅ　ｔｏ　Ｅｎｔｒａｎｃｅ,False,5,0,True,True,"Known uint16 bank-local table; target decoded using CP932+MTE, including repointed targets"
extension_bank13,0x134580,0x135C2A,0x13FFFF,,,Ｗｉｎｄ　Ｈｉｔｓ　Ａｌｌ　Ｆｏｅｓ,False,5,0,True,True,"Known uint16 bank-local table; target decoded using CP932+MTE, including repointed targets"
extension_bank13,0x134582,0x135C44,0x13FFFF,,,Ｃａｌｌｓ　Ｄｏｗｎ　Ｔｈｕｎｄｅｒ,False,5,0,True,True,"Known uint16 bank-local table; target decoded using CP932+MTE, including repointed targets"
extension_bank13,0x134584,0x135C5E,0x13FFFF,,,Ｄｉｇｓ　ｔｈｅ　Ｇｒｏｕｎｄ,False,5,0,True,True,"Known uint16 bank-local table; target decoded using CP932+MTE, including repointed targets"
extension_bank13,0x134586,0x135C70,0x13FFFF,,,Ｆｉｎｄｓ　Ｔｒａｐｓ,False,3,0,True,True,"Known uint16 bank-local table; target decoded using CP932+MTE, including repointed targets"
extension_bank13,0x134588,0x135C80,0x13FFFF,,,Ｅａｒｔｈ　Ｈｉｔｓ　Ａｌｌ　Ｆｏｅｓ,False,5,0,True,True,"Known uint16 bank-local table; target decoded using CP932+MTE, including repointed targets"
extension_bank13,0x13458A,0x135C98,0x13FFFF,,,Ｂｌｉｎｄｓ　ｗｉｔｈ　Ｌｉｇｈｔ,False,4,0,True,True,"Known uint16 bank-local table; target decoded using CP932+MTE, including repointed targets"
extension_bank13,0x13458C,0x135CAA,0x13FFFF,,,Ｍｉｃｈａｅｌ’ｓ　Ｇｕａｒｄ,False,4,0,True,True,"Known uint16 bank-local table; target decoded using CP932+MTE, including repointed targets"
extension_bank13,0x13458E,0x135CC0,0x13FFFF,,,Ｌｉｇｈｔ　Ｈｉｔｓ　Ａｌｌ　Ｆｏｅｓ,False,5,0,True,True,"Known uint16 bank-local table; target decoded using CP932+MTE, including repointed targets"
extension_bank13,0x134590,0x135CDA,0x13FFFF,,,Ｄａｒｋ　Ｐｏｗｅｒ　Ｐｒｏｔｅｃｔｓ,False,5,0,True,True,"Known uint16 bank-local table; target decoded using CP932+MTE, including repointed targets"
extension_bank13,0x134592,0x135CF4,0x13FFFF,,,Ｓｕｍｍｏｎｓ　Ｔｉｎｙ　Ｄｅｍｏｎ,False,6,0,True,True,"Known uint16 bank-local table; target decoded using CP932+MTE, including repointed targets"
extension_bank13,0x134594,0x135D0E,0x13FFFF,,,Ｄａｒｋ　Ｈｉｔｓ　Ａｌｌ　Ｆｏｅｓ,False,5,0,True,True,"Known uint16 bank-local table; target decoded using CP932+MTE, including repointed targets"
extension_bank13,0x134596,0x135D2A,0x13FFFF,,,Ｓｌｏｗｓ　Ｅｎｅｍｙ,False,3,0,True,True,"Known uint16 bank-local table; target decoded using CP932+MTE, including repointed targets"
extension_bank13,0x134598,0x135D3C,0x13FFFF,,,Ｓｐｅｅｄｓ　Ｙｏｕ　Ｕｐ,False,4,0,True,True,"Known uint16 bank-local table; target decoded using CP932+MTE, including repointed targets"
extension_bank13,0x13459A,0x135D4E,0x13FFFF,,,Ｔｉｍｅ　Ｈｉｔｓ　Ａｌｌ　Ｆｏｅｓ,False,6,0,True,True,"Known uint16 bank-local table; target decoded using CP932+MTE, including repointed targets"
extension_bank13,0x13459C,0x135D68,0x13FFFF,,,Ｃｒｅａｔｅｓ　ａ　Ｄｅｃｏｙ,False,4,0,True,True,"Known uint16 bank-local table; target decoded using CP932+MTE, including repointed targets"
extension_bank13,0x13459E,0x135D7E,0x13FFFF,,,Ｄｅｃｏｙ　Ｈｉｔｓ　Ｅｎｅｍｙ,False,4,0,True,True,"Known uint16 bank-local table; target decoded using CP932+MTE, including repointed targets"
extension_bank13,0x1345A0,0x135D98,0x13FFFF,,,Ｓｐａｃｅ　Ｈｉｔｓ　Ａｌｌ　Ｆｏｅｓ,False,5,0,True,True,"Known uint16 bank-local table; target decoded using CP932+MTE, including repointed targets"
extension_bank13,0x1345A2,0x135DB6,0x13FFFF,,,Ｐｕｔｓ　Ｅｎｅｍｙ　ｔｏ　Ｓｌｅｅｐ,False,6,0,True,True,"Known uint16 bank-local table; target decoded using CP932+MTE, including repointed targets"
extension_bank13,0x1345A4,0x135DCE,0x13FFFF,,,Ｓｔｏｐｓ　Ｅｎｅｍｙ,False,2,0,True,True,"Known uint16 bank-local table; target decoded using CP932+MTE, including repointed targets"
extension_bank13,0x1345A6,0x135DE2,0x13FFFF,,,Ｍｉｎｄ　Ｈｉｔｓ　Ａｌｌ　Ｆｏｅｓ,False,5,0,True,True,"Known uint16 bank-local table; target decoded using CP932+MTE, including repointed targets"
extension_bank13,0x1345A8,0x135DFC,0x13FFFF,,,Ａｌｍｏｓｔ　Ｉｎｖｉｎｃｉｂｌｅ,False,4,0,True,True,"Known uint16 bank-local table; target decoded using CP932+MTE, including repointed targets"
extension_bank13,0x1345AA,0x135E18,0x13FFFF,,,Ｂｅｔｔｅｒ　ａｔ　Ｃｌｉｍｂｉｎｇ,False,6,0,True,True,"Known uint16 bank-local table; target decoded using CP932+MTE, including repointed targets"
extension_bank13,0x1345AC,0x135E30,0x13FFFF,,,Ｎｏ　Ｓｌｉｐｐｉｎｇ　ｏｎ　Ｉｃｅ,False,4,0,True,True,"Known uint16 bank-local table; target decoded using CP932+MTE, including repointed targets"
extension_bank13,0x1345AE,0x135E4A,0x13FFFF,,,Ｎｏ　Ｈｏｔ‐Ｓａｎｄ　Ｄａｍａｇｅ,False,3,0,True,True,"Known uint16 bank-local table; target decoded using CP932+MTE, including repointed targets"
extension_bank13,0x1345B0,0x135E66,0x13FFFF,,,Ｄｉｖｅｓ　Ｄｅｅｐ　ｉｎ　Ｗａｔｅｒ,False,6,0,True,True,"Known uint16 bank-local table; target decoded using CP932+MTE, including repointed targets"
extension_bank13,0x1345B2,0x135E7C,0x13FFFF,,,Ｍｏｖｅ　Ｕｎｄｅｒｇｒｏｕｎｄ,False,5,0,True,True,"Known uint16 bank-local table; target decoded using CP932+MTE, including repointed targets"
extension_bank13,0x1345B4,0x135E94,0x13FFFF,,,Ｆｌｙ　ａ　Ｓｈｏｒｔ　Ｔｉｍｅ,False,5,0,True,True,"Known uint16 bank-local table; target decoded using CP932+MTE, including repointed targets"
extension_bank13,0x1345B6,0x135EAA,0x13FFFF,,,Ｓｅｅ　ｉｎ　ｔｈｅ　Ｄａｒｋ,False,4,0,True,True,"Known uint16 bank-local table; target decoded using CP932+MTE, including repointed targets"
extension_bank13,0x1345B8,0x135EBC,0x13FFFF,,,Ｍｏｖｅ　ａｔ　Ｈｉｇｈ　Ｓｐｅｅｄ,False,6,0,True,True,"Known uint16 bank-local table; target decoded using CP932+MTE, including repointed targets"
extension_bank13,0x1345BA,0x135ED6,0x13FFFF,,,Ｃｕｒｌ　Ｕｐ　ｔｏ　Ｇｕａｒｄ,False,3,0,True,True,"Known uint16 bank-local table; target decoded using CP932+MTE, including repointed targets"
extension_bank13,0x1345BC,0x135EF0,0x13FFFF,,,Ｔｒａｎｓｆｏｒｍ　ｔｏ　Ａｎｙｏｎｅ,False,4,0,True,True,"Known uint16 bank-local table; target decoded using CP932+MTE, including repointed targets"
extension_bank13,0x1345BE,0x135F0A,0x13FFFF,,,Ｒｅｓｉｓｔｓ　Ｃｏｎｆｕｓｉｏｎ,False,6,0,True,True,"Known uint16 bank-local table; target decoded using CP932+MTE, including repointed targets"
extension_bank13,0x1345C0,0x135F20,0x13FFFF,,,Ｅｎａｂｌｅｓ　Ａｒｒｏｗ　Ｕｓｅ,False,4,0,True,True,"Known uint16 bank-local table; target decoded using CP932+MTE, including repointed targets"
extension_bank13,0x1345C2,0x135F3C,0x13FFFF,,,Ｗａｒｐ　Ｂｅｔｗｅｅｎ　Ｐｏｉｎｔｓ,False,4,0,True,True,"Known uint16 bank-local table; target decoded using CP932+MTE, including repointed targets"
extension_bank13,0x1345C4,0x135F5C,0x13FFFF,,,Ｓｔｉｃｋｓ　ｔｏ　Ｉｒｏｎ　Ｒｏｃｋ,False,4,0,True,True,"Known uint16 bank-local table; target decoded using CP932+MTE, including repointed targets"
extension_bank13,0x1345C6,0x135F7A,0x13FFFF,,,Ｆｉｎｄｓ　Ｈｉｄｄｅｎ　Ｉｔｅｍｓ,False,6,0,True,True,"Known uint16 bank-local table; target decoded using CP932+MTE, including repointed targets"
extension_bank13,0x1345C8,0x135F92,0x13FFFF,,,Ｔｅｌｌｓ　ｔｈｅ　Ｔｉｍｅ,False,4,0,True,True,"Known uint16 bank-local table; target decoded using CP932+MTE, including repointed targets"
extension_bank13,0x1345CA,0x135FA4,0x13FFFF,,,Ｒｏｌｌ　ａｎｄ　Ｔｒｕｓｔ　Ｆａｔｅ,False,5,0,True,True,"Known uint16 bank-local table; target decoded using CP932+MTE, including repointed targets"
extension_bank13,0x1345CC,0x135FBC,0x13FFFF,,,Ｓｅｅ　ｔｈｅ　Ｉｎｖｉｓｉｂｌｅ,False,4,0,True,True,"Known uint16 bank-local table; target decoded using CP932+MTE, including repointed targets"
extension_bank13,0x1345CE,0x135FD4,0x13FFFF,,,Ｆａｉｒｉｅｓ　Ｈｅａｒ　Ｆｌｕｔｅ,False,5,0,True,True,"Known uint16 bank-local table; target decoded using CP932+MTE, including repointed targets"
extension_bank13,0x1345D0,0x135FF0,0x13FFFF,,,Ｇｉａｎｔ’ｓ　Ｆｏｏｔ,False,2,0,True,True,"Known uint16 bank-local table; target decoded using CP932+MTE, including repointed targets"
extension_bank13,0x1345D2,0x136002,0x13FFFF,,,Ｗａｌｋ　ｏｎ　Ｓｅａｂｅｄ,False,3,0,True,True,"Known uint16 bank-local table; target decoded using CP932+MTE, including repointed targets"
extension_bank13,0x1345D4,0x136018,0x13FFFF,,,Ｈａｎｄｙ　Ｓｔｏｒａｇｅ　Ｆｌａｓｋ,False,5,0,True,True,"Known uint16 bank-local table; target decoded using CP932+MTE, including repointed targets"
extension_bank13,0x1345D6,0x136032,0x13FFFF,,,Ｒｅｓｔｏｒｅｓ　１５０　Ｌｉｆｅ,False,4,0,True,True,"Known uint16 bank-local table; target decoded using CP932+MTE, including repointed targets"
extension_bank13,0x1345D8,0x13604E,0x13FFFF,,,Ｒｅｓｔｏｒｅｓ　３００　Ｌｉｆｅ,False,4,0,True,True,"Known uint16 bank-local table; target decoded using CP932+MTE, including repointed targets"
extension_bank13,0x1345DA,0x13606A,0x13FFFF,,,Ｒｅｓｔｏｒｅｓ　Ａｌｌ　Ｍａｇｉｃ,False,5,0,True,True,"Known uint16 bank-local table; target decoded using CP932+MTE, including repointed targets"
extension_bank13,0x1345DC,0x136086,0x13FFFF,,,Ｒｅｓｔｏｒｅｓ　Ａｌｌ　Ｌｉｆｅ,False,5,0,True,True,"Known uint16 bank-local table; target decoded using CP932+MTE, including repointed targets"
extension_bank13,0x1345DE,0x1360A0,0x13FFFF,,,Ｒｅｖｉｖｅｓ　Ａｆｔｅｒ　Ｄｅａｔｈ,False,4,0,True,True,"Known uint16 bank-local table; target decoded using CP932+MTE, including repointed targets"
extension_bank13,0x1345E0,0x1360BC,0x13FFFF,,,Ｎｅｕｔｒａｌｉｚｅｓ　Ａｃｉｄ,False,4,0,True,True,"Known uint16 bank-local table; target decoded using CP932+MTE, including repointed targets"
extension_bank13,0x1345E2,0x1360D6,0x13FFFF,,,Ｆｌａｍｍａｂｌｅ　Ｗａｔｅｒ,False,4,0,True,True,"Known uint16 bank-local table; target decoded using CP932+MTE, including repointed targets"
extension_bank13,0x1345E4,0x1360EE,0x13FFFF,,,Ｆｒａｇｒａｎｔ　Ｆｒｕｉｔ,False,5,0,True,True,"Known uint16 bank-local table; target decoded using CP932+MTE, including repointed targets"
extension_bank13,0x1345E6,0x136102,0x13FFFF,,,Ｍａｋｅｓ　ａ　ＭｏｎＣｈｉｐ,False,3,0,True,True,"Known uint16 bank-local table; target decoded using CP932+MTE, including repointed targets"
extension_bank13,0x1345E8,0x136118,0x13FFFF,,,Ｒａｉｓｅｓ　Ｐｅｔ　Ｅｌｅｍｅｎｔ,False,5,0,True,True,"Known uint16 bank-local table; target decoded using CP932+MTE, including repointed targets"
extension_bank13,0x1345EA,0x136132,0x13FFFF,,,Ａｒｉｅｓ　Ｃａｒｄ,False,3,0,True,True,"Known uint16 bank-local table; target decoded using CP932+MTE, including repointed targets"
extension_bank13,0x1345EC,0x136142,0x13FFFF,,,Ｔａｕｒｕｓ　Ｃａｒｄ,False,3,0,True,True,"Known uint16 bank-local table; target decoded using CP932+MTE, including repointed targets"
extension_bank13,0x1345EE,0x136154,0x13FFFF,,,Ｇｅｍｉｎｉ　Ｃａｒｄ,False,3,0,True,True,"Known uint16 bank-local table; target decoded using CP932+MTE, including repointed targets"
extension_bank13,0x1345F0,0x136166,0x13FFFF,,,Ｃａｎｃｅｒ　Ｃａｒｄ,False,3,0,True,True,"Known uint16 bank-local table; target decoded using CP932+MTE, including repointed targets"
extension_bank13,0x1345F2,0x136176,0x13FFFF,,,Ｌｅｏ　Ｃａｒｄ,False,1,0,True,True,"Known uint16 bank-local table; target decoded using CP932+MTE, including repointed targets"
extension_bank13,0x1345F4,0x136186,0x13FFFF,,,Ｖｉｒｇｏ　Ｃａｒｄ,False,2,0,True,True,"Known uint16 bank-local table; target decoded using CP932+MTE, including repointed targets"
extension_bank13,0x1345F6,0x136198,0x13FFFF,,,Ｌｉｂｒａ　Ｃａｒｄ,False,2,0,True,True,"Known uint16 bank-local table; target decoded using CP932+MTE, including repointed targets"
extension_bank13,0x1345F8,0x1361AA,0x13FFFF,,,Ｓｃｏｒｐｉｏ　Ｃａｒｄ,False,2,0,True,True,"Known uint16 bank-local table; target decoded using CP932+MTE, including repointed targets"
extension_bank13,0x1345FA,0x1361C0,0x13FFFF,,,Ｓａｇｉｔｔａｒｉｕｓ　Ｃａｒｄ,False,4,0,True,True,"Known uint16 bank-local table; target decoded using CP932+MTE, including repointed targets"
extension_bank13,0x1345FC,0x1361DA,0x13FFFF,,,Ｃａｐｒｉｃｏｒｎ　Ｃａｒｄ,False,4,0,True,True,"Known uint16 bank-local table; target decoded using CP932+MTE, including repointed targets"
extension_bank13,0x1345FE,0x1361F0,0x13FFFF,,,Ａｑｕａｒｉｕｓ　Ｃａｒｄ,False,3,0,True,True,"Known uint16 bank-local table; target decoded using CP932+MTE, including repointed targets"
extension_bank13,0x134600,0x136206,0x13FFFF,,,Ｐｉｓｃｅｓ　Ｃａｒｄ,False,4,0,True,True,"Known uint16 bank-local table; target decoded using CP932+MTE, including repointed targets"
extension_bank13,0x134602,0x136216,0x13FFFF,,,１２　Ｚｏｄｉａｃ　Ｃａｒｄ,False,1,0,True,True,"Known uint16 bank-local table; target decoded using CP932+MTE, including repointed targets"
extension_bank13,0x134604,0x136232,0x13FFFF,,,Ｓｈｏｏｔｓ　ａ　Ｆｉｒｅｂａｌｌ,False,4,0,True,True,"Known uint16 bank-local table; target decoded using CP932+MTE, including repointed targets"
extension_bank13,0x134606,0x13624A,0x13FFFF,,,Ｃｒｅａｔｅｓ　Ｆｉｒｅ　Ｐｉｌｌａｒ,False,7,0,True,True,"Known uint16 bank-local table; target decoded using CP932+MTE, including repointed targets"
extension_bank13,0x134608,0x136262,0x13FFFF,,,Ａｕｔｏ‐Ｃｕｒｅｓ　Ａｉｌｍｅｎｔ,False,5,0,True,True,"Known uint16 bank-local table; target decoded using CP932+MTE, including repointed targets"
extension_bank13,0x13460A,0x13627C,0x13FFFF,,,Ｒａｉｓｅｓ　Ｐｅｔ　Ｓｔａｒｓ,False,4,0,True,True,"Known uint16 bank-local table; target decoded using CP932+MTE, including repointed targets"
extension_bank13,0x13460C,0x136296,0x13FFFF,,,Ｕｓｅｄ　ｆｏｒ　Ｓｅｃｒｅｔ　Ａｒｔ,False,3,0,True,True,"Known uint16 bank-local table; target decoded using CP932+MTE, including repointed targets"
extension_bank13,0x13460E,0x1362A8,0x13FFFF,,,Ｈｅａｒ　Ｓｉｔｅ　Ｔｅｌｅｐａｔｈｙ,False,6,0,True,True,"Known uint16 bank-local table; target decoded using CP932+MTE, including repointed targets"
extension_bank13,0x134610,0x1362C4,0x13FFFF,,,Ｒｅａｄｓ　Ｏｂｊｅｃｔ　Ｍｅｍｏｒｙ,False,5,0,True,True,"Known uint16 bank-local table; target decoded using CP932+MTE, including repointed targets"
extension_bank13,0x134612,0x1362E0,0x13FFFF,,,Ｈｏｌｙ　Ｓｐｉｒｉｔ　Ｍｉｒａｃｌｅ,False,4,0,True,True,"Known uint16 bank-local table; target decoded using CP932+MTE, including repointed targets"
extension_bank13,0x134614,0x1362F8,0x13FFFF,,,Ｈａｒｄｅｎｓ　Ｓａｎｄ　Ｈｅｒｅ,False,6,0,True,True,"Known uint16 bank-local table; target decoded using CP932+MTE, including repointed targets"
extension_bank13,0x134616,0x13630E,0x13FFFF,,,Ｕｓｅ　Ｗｈｅｎ　ｉｎ　Ｔｒｏｕｂｌｅ,False,5,0,True,True,"Known uint16 bank-local table; target decoded using CP932+MTE, including repointed targets"
extension_bank13,0x134618,0x13632A,0x13FFFF,,,Ｂｏｏｓｔｓ　Ｍａｇｉｃ　Ｐｏｗｅｒ,False,5,0,True,True,"Known uint16 bank-local table; target decoded using CP932+MTE, including repointed targets"
extension_bank13,0x13461A,0x136346,0x13FFFF,,,Ｂｒｅａｋｓ　Ｍａｎｙ　Ｔｈｉｎｇｓ,False,5,0,True,True,"Known uint16 bank-local table; target decoded using CP932+MTE, including repointed targets"
extension_bank13,0x13461C,0x136360,0x13FFFF,,,Ｓｍａｓｈｅｓ　Ｍａｎｙ　Ｔｈｉｎｇｓ,False,6,0,True,True,"Known uint16 bank-local table; target decoded using CP932+MTE, including repointed targets"
extension_bank13,0x13461E,0x13637A,0x13FFFF,,,Ｓｔｒｏｎｇｅｒ　ｔｈａｎ　Ｂｏｍｂｓ,False,6,0,True,True,"Known uint16 bank-local table; target decoded using CP932+MTE, including repointed targets"
extension_bank13,0x134620,0x136394,0x13FFFF,,,Ｂｌｏｃｋｓ　１　Ｄｕｒａｂ　Ｌｏｓｓ,False,3,0,True,True,"Known uint16 bank-local table; target decoded using CP932+MTE, including repointed targets"
extension_bank13,0x134622,0x1363B6,0x13FFFF,,,Ｓａｃｒｅｄ　Ｂｅａｎｓ　ｖｓ　Ｏｎｉ,False,4,0,True,True,"Known uint16 bank-local table; target decoded using CP932+MTE, including repointed targets"
extension_bank13,0x134624,0x1363D4,0x13FFFF,,,Ｄｅｖ　Ｓａｖｅ　Ｔａｉｋｏ！,False,1,0,True,True,"Known uint16 bank-local table; target decoded using CP932+MTE, including repointed targets"
extension_bank13,0x134626,0x1363F0,0x13FFFF,,,◆Ｎｅｖｅｒ　Ｄｉｓｐｌａｙｅｄ,False,4,0,True,True,"Known uint16 bank-local table; target decoded using CP932+MTE, including repointed targets"
extension_bank13,0x134628,0x136408,0x13FFFF,,,Ａｄｄｓ　５　Ａｒｒｏｗｓ,False,2,0,True,True,"Known uint16 bank-local table; target decoded using CP932+MTE, including repointed targets"
extension_bank13,0x13462A,0x136420,0x13FFFF,,,Ｈｏｌｙ　Ｂａｔｔｌｅ,False,3,0,True,True,"Known uint16 bank-local table; target decoded using CP932+MTE, including repointed targets"
extension_bank13,0x13462C,0x136432,0x13FFFF,,,Ｉｎｄｅａｎ★Ｓｔａｒ,False,3,0,True,True,"Known uint16 bank-local table; target decoded using CP932+MTE, including repointed targets"
extension_bank13,0x13462E,0x136444,0x13FFFF,,,Ｍｅｎｕ　ＢＧＭ,False,1,0,True,True,"Known uint16 bank-local table; target decoded using CP932+MTE, including repointed targets"
extension_bank13,0x134630,0x136454,0x13FFFF,,,Ｉｎｄｅ　Ｖｉｌｌａｇｅ　Ｔｈｅｍｅ,False,5,0,True,True,"Known uint16 bank-local table; target decoded using CP932+MTE, including repointed targets"
extension_bank13,0x134632,0x13646A,0x13FFFF,,,Ａｌｃｈｅｍｉａ　Ｔｈｅｍｅ,False,2,0,True,True,"Known uint16 bank-local table; target decoded using CP932+MTE, including repointed targets"
extension_bank13,0x134634,0x136476,0x13FFFF,,,Ｏｇｒｅｌａｎｄ　Ｔｈｅｍｅ,False,3,0,True,True,"Known uint16 bank-local table; target decoded using CP932+MTE, including repointed targets"
extension_bank13,0x134636,0x13648A,0x13FFFF,,,Ｐｅｌｇｙｐｔ　Ｔｈｅｍｅ,False,2,0,True,True,"Known uint16 bank-local table; target decoded using CP932+MTE, including repointed targets"
extension_bank13,0x134638,0x136496,0x13FFFF,,,Ｈｉｇｈｌａｎｄ　Ｔｈｅｍｅ,False,3,0,True,True,"Known uint16 bank-local table; target decoded using CP932+MTE, including repointed targets"
extension_bank13,0x13463A,0x1364AA,0x13FFFF,,,Ｎｏｒｄｉａ　Ｔｈｅｍｅ,False,2,0,True,True,"Known uint16 bank-local table; target decoded using CP932+MTE, including repointed targets"
extension_bank13,0x13463C,0x1364BE,0x13FFFF,,,Ｗｅｓｔａｌｉａ　Ｔｈｅｍｅ,False,4,0,True,True,"Known uint16 bank-local table; target decoded using CP932+MTE, including repointed targets"
extension_bank13,0x13463E,0x1364D2,0x13FFFF,,,Ｋｎｏｓｉｓ　Ｔｈｅｍｅ,False,3,0,True,True,"Known uint16 bank-local table; target decoded using CP932+MTE, including repointed targets"
extension_bank13,0x134640,0x1364E4,0x13FFFF,,,Ｋｕｄａｉ　Ｔｈｅｍｅ,False,1,0,True,True,"Known uint16 bank-local table; target decoded using CP932+MTE, including repointed targets"
extension_bank13,0x134642,0x1364F8,0x13FFFF,,,Ｆｕｄａｉ　Ｔｈｅｍｅ,False,1,0,True,True,"Known uint16 bank-local table; target decoded using CP932+MTE, including repointed targets"
extension_bank13,0x134644,0x13650C,0x13FFFF,,,Ｙａｐａｎ　Ｔｈｅｍｅ,False,3,0,True,True,"Known uint16 bank-local table; target decoded using CP932+MTE, including repointed targets"
extension_bank13,0x134646,0x13651C,0x13FFFF,,,Ｂｉｇ　Ｂｌａｎｋ　Ｔｈｅｍｅ,False,3,0,True,True,"Known uint16 bank-local table; target decoded using CP932+MTE, including repointed targets"
extension_bank13,0x134648,0x136534,0x13FFFF,,,Ｂａｚａａｒ　Ｔｈｅｍｅ,False,2,0,True,True,"Known uint16 bank-local table; target decoded using CP932+MTE, including repointed targets"
extension_bank13,0x13464A,0x136548,0x13FFFF,,,Ｇａｔｅ　Ｂａｚａａｒ　Ｔｈｅｍｅ,False,4,0,True,True,"Known uint16 bank-local table; target decoded using CP932+MTE, including repointed targets"
extension_bank13,0x13464C,0x136562,0x13FFFF,,,Ｎａｔｕｒｅ　Ｔｈｅｍｅ,False,4,0,True,True,"Known uint16 bank-local table; target decoded using CP932+MTE, including repointed targets"
extension_bank13,0x13464E,0x136572,0x13FFFF,,,Ｌｏｖｅ　Ｔｈｅｍｅ,False,2,0,True,True,"Known uint16 bank-local table; target decoded using CP932+MTE, including repointed targets"
extension_bank13,0x134650,0x136582,0x13FFFF,,,Ｔｏｗｎ／Ｖｉｌｌａｇｅ　Ｔｈｅｍｅ,False,4,0,True,True,"Known uint16 bank-local table; target decoded using CP932+MTE, including repointed targets"
extension_bank13,0x134652,0x13659A,0x13FFFF,,,Ｃｕｒｓｅｄ　Ｔｏｗｎ,False,3,0,True,True,"Known uint16 bank-local table; target decoded using CP932+MTE, including repointed targets"
extension_bank13,0x134654,0x1365AA,0x13FFFF,,,Ｃａｓｔｌｅ　Ｔｈｅｍｅ　１,False,4,0,True,True,"Known uint16 bank-local table; target decoded using CP932+MTE, including repointed targets"
extension_bank13,0x134656,0x1365BC,0x13FFFF,,,Ｃａｓｔｌｅ　Ｔｈｅｍｅ　２,False,4,0,True,True,"Known uint16 bank-local table; target decoded using CP932+MTE, including repointed targets"
extension_bank13,0x134658,0x1365CE,0x13FFFF,,,Ｆｉｎａｌ　Ｂａｔｔｌｅ,False,4,0,True,True,"Known uint16 bank-local table; target decoded using CP932+MTE, including repointed targets"
extension_bank13,0x13465A,0x1365E0,0x13FFFF,,,Ｃａｖｅ　Ｔｈｅｍｅ　１,False,3,0,True,True,"Known uint16 bank-local table; target decoded using CP932+MTE, including repointed targets"
extension_bank13,0x13465C,0x1365F0,0x13FFFF,,,Ｃａｖｅ　Ｔｈｅｍｅ　２,False,3,0,True,True,"Known uint16 bank-local table; target decoded using CP932+MTE, including repointed targets"
extension_bank13,0x13465E,0x136600,0x13FFFF,,,Ｃａｖｅ　Ｔｈｅｍｅ　３,False,3,0,True,True,"Known uint16 bank-local table; target decoded using CP932+MTE, including repointed targets"
extension_bank13,0x134660,0x136610,0x13FFFF,,,Ｔｏｗｅｒ　Ｔｈｅｍｅ,False,3,0,True,True,"Known uint16 bank-local table; target decoded using CP932+MTE, including repointed targets"
extension_bank13,0x134662,0x13661E,0x13FFFF,,,Ｓｈｒｉｎｅ　Ｔｈｅｍｅ,False,3,0,True,True,"Known uint16 bank-local table; target decoded using CP932+MTE, including repointed targets"
extension_bank13,0x134664,0x136630,0x13FFFF,,,Ｔｒｉａｌ　Ｃａｖｅ,False,3,0,True,True,"Known uint16 bank-local table; target decoded using CP932+MTE, including repointed targets"
extension_bank13,0x134666,0x13663E,0x13FFFF,,,Ｐｅｔ　Ｂａｔｔｌｅ,False,3,0,True,True,"Known uint16 bank-local table; target decoded using CP932+MTE, including repointed targets"
extension_bank13,0x134668,0x13664E,0x13FFFF,,,Ｈｏｌｙ　Ｔｈｅｍｅ,False,2,0,True,True,"Known uint16 bank-local table; target decoded using CP932+MTE, including repointed targets"
extension_bank13,0x13466A,0x13665E,0x13FFFF,,,Ｂｏｓｓ　Ｂａｔｔｌｅ,False,3,0,True,True,"Known uint16 bank-local table; target decoded using CP932+MTE, including repointed targets"
extension_bank13,0x13466C,0x136670,0x13FFFF,,,Ｄｅｍｏｎ　Ｂａｔｔｌｅ,False,4,0,True,True,"Known uint16 bank-local table; target decoded using CP932+MTE, including repointed targets"
extension_bank13,0x13466E,0x136682,0x13FFFF,,,Ｓｐｅｃｉａｌ　Ｓｔｏｒｙ,False,3,0,True,True,"Known uint16 bank-local table; target decoded using CP932+MTE, including repointed targets"
extension_bank13,0x134670,0x136698,0x13FFFF,,,Ｅｖｉｌ　Ｋｉｎｇ　？？？？,False,2,0,True,True,"Known uint16 bank-local table; target decoded using CP932+MTE, including repointed targets"
extension_bank13,0x134672,0x1366B0,0x13FFFF,,,Ｐｅａｃｅｆｕｌ　Ｗｏｒｌｄ,False,4,0,True,True,"Known uint16 bank-local table; target decoded using CP932+MTE, including repointed targets"
extension_bank13,0x134674,0x1366C4,0x13FFFF,,,Ｅｎｄｉｎｇ,False,2,0,True,True,"Known uint16 bank-local table; target decoded using CP932+MTE, including repointed targets"
extension_bank13,0x134676,0x1366CC,0x13FFFF,,,Ｓｔａｆｆ　Ｒｏｌｌ,False,1,0,True,True,"Known uint16 bank-local table; target decoded using CP932+MTE, including repointed targets"
extension_bank13,0x134678,0x1366E0,0x13FFFF,,,Ａｄｖｅｎｔｕｒｅ　Ｂｅｇｉｎｓ,False,4,0,True,True,"Known uint16 bank-local table; target decoded using CP932+MTE, including repointed targets"
extension_bank13,0x13467A,0x1366F8,0x13FFFF,,,Ｇａｍｅ　Ｉｓ　Ｏｖｅｒ,False,4,0,True,True,"Known uint16 bank-local table; target decoded using CP932+MTE, including repointed targets"
extension_bank13,0x13467C,0x136708,0x13FFFF,,,Ｅｖｅｎｔ　Ｔｒｉｇｇｅｒｅｄ,False,5,0,True,True,"Known uint16 bank-local table; target decoded using CP932+MTE, including repointed targets"
extension_bank13,0x13467E,0x13671A,0x13FFFF,,,Ｓｔａｔｕｓ　Ｌｅｖｅｌ　Ｕｐ,False,3,0,True,True,"Known uint16 bank-local table; target decoded using CP932+MTE, including repointed targets"
extension_bank13,0x134680,0x136734,0x13FFFF,,,Ｉｔｅｍ　Ｇｅｔ　１,False,3,0,True,True,"Known uint16 bank-local table; target decoded using CP932+MTE, including repointed targets"
extension_bank13,0x134682,0x136744,0x13FFFF,,,Ｉｔｅｍ　Ｇｅｔ　２,False,3,0,True,True,"Known uint16 bank-local table; target decoded using CP932+MTE, including repointed targets"
extension_bank13,0x134684,0x136754,0x13FFFF,,,Ｍａｇｉｃ　Ｇｅｔ,False,2,0,True,True,"Known uint16 bank-local table; target decoded using CP932+MTE, including repointed targets"
extension_bank13,0x134686,0x136764,0x13FFFF,,,Ａｎｉｍａｌ　Ｐｏｗｅｒ　Ｇｅｔ,False,5,0,True,True,"Known uint16 bank-local table; target decoded using CP932+MTE, including repointed targets"
extension_bank13,0x134688,0x13677A,0x13FFFF,,,Ｂｏｓｓ　Ａｐｐｅａｒｓ,False,3,0,True,True,"Known uint16 bank-local table; target decoded using CP932+MTE, including repointed targets"
extension_bank13,0x13468A,0x13678E,0x13FFFF,,,Ｂｏｓｓ　Ｖａｎｉｓｈｅｓ,False,4,0,True,True,"Known uint16 bank-local table; target decoded using CP932+MTE, including repointed targets"
extension_bank13,0x13468C,0x1367A2,0x13FFFF,,,Ｅｎｄ　ｏｆ　？？？？？,False,2,0,True,True,"Known uint16 bank-local table; target decoded using CP932+MTE, including repointed targets"
extension_bank13,0x13468E,0x1367B4,0x13FFFF,,,Ｆａｉｒｙ　Ａｐｐｅａｒｓ,False,4,0,True,True,"Known uint16 bank-local table; target decoded using CP932+MTE, including repointed targets"
extension_bank13,0x134690,0x1367C8,0x13FFFF,,,Ｇｏｄ　Ａｐｐｅａｒｓ,False,2,0,True,True,"Known uint16 bank-local table; target decoded using CP932+MTE, including repointed targets"
extension_bank13,0x134692,0x1367DC,0x13FFFF,,,Ｉｎｄｅ　Ｖｉｌｌａｇｅ　Ｊｉｎｇｌｅ,False,6,0,True,True,"Known uint16 bank-local table; target decoded using CP932+MTE, including repointed targets"
extension_bank13,0x134694,0x1367F2,0x13FFFF,,,Ａｌｃｈｅｍｉａ　Ｊｉｎｇｌｅ,False,3,0,True,True,"Known uint16 bank-local table; target decoded using CP932+MTE, including repointed targets"
extension_bank13,0x134696,0x1367FE,0x13FFFF,,,Ｏｇｒｅｌａｎｄ　Ｊｉｎｇｌｅ,False,4,0,True,True,"Known uint16 bank-local table; target decoded using CP932+MTE, including repointed targets"
extension_bank13,0x134698,0x136812,0x13FFFF,,,Ｐｅｌｇｙｐｔ　Ｊｉｎｇｌｅ,False,3,0,True,True,"Known uint16 bank-local table; target decoded using CP932+MTE, including repointed targets"
extension_bank13,0x13469A,0x13681E,0x13FFFF,,,Ｈｉｇｈｌａｎｄ　Ｊｉｎｇｌｅ,False,4,0,True,True,"Known uint16 bank-local table; target decoded using CP932+MTE, including repointed targets"
extension_bank13,0x13469C,0x136832,0x13FFFF,,,Ｎｏｒｄｉａ　Ｊｉｎｇｌｅ,False,3,0,True,True,"Known uint16 bank-local table; target decoded using CP932+MTE, including repointed targets"
extension_bank13,0x13469E,0x136846,0x13FFFF,,,Ｗｅｓｔａｌｉａ　Ｊｉｎｇｌｅ,False,5,0,True,True,"Known uint16 bank-local table; target decoded using CP932+MTE, including repointed targets"
extension_bank13,0x1346A0,0x13685A,0x13FFFF,,,Ｋｎｏｓｉｓ　Ｊｉｎｇｌｅ,False,4,0,True,True,"Known uint16 bank-local table; target decoded using CP932+MTE, including repointed targets"
extension_bank13,0x1346A2,0x13686C,0x13FFFF,,,Ｋｕｄａｉ／Ｆｕｄａｉ　Ｊｉｎｇｌｅ,False,2,0,True,True,"Known uint16 bank-local table; target decoded using CP932+MTE, including repointed targets"
extension_bank13,0x1346A4,0x13688C,0x13FFFF,,,Ｙａｐａｎ　Ｊｉｎｇｌｅ,False,4,0,True,True,"Known uint16 bank-local table; target decoded using CP932+MTE, including repointed targets"
extension_bank13,0x1346A6,0x13689C,0x13FFFF,,,Ｂｉｇ　Ｂｌａｎｋ　Ｊｉｎｇｌｅ,False,4,0,True,True,"Known uint16 bank-local table; target decoded using CP932+MTE, including repointed targets"
extension_bank13,0x1346A8,0x1368B4,0x13FFFF,,,Ｔｈｒｏｗｓ　Ａｘｅ,False,2,0,True,True,"Known uint16 bank-local table; target decoded using CP932+MTE, including repointed targets"
extension_bank13,0x1346AA,0x1368C6,0x13FFFF,,,Ｔｈｒｏｗｓ　Ｓｗｏｒｄ　ｔｏ　Ｈｉｔ,False,5,0,True,True,"Known uint16 bank-local table; target decoded using CP932+MTE, including repointed targets"
extension_bank13,0x1346AC,0x1368E2,0x13FFFF,,,Ｔｈｒｏｗｓ　Ｓｐｅａｒ　ｔｏ　Ｈｉｔ,False,6,0,True,True,"Known uint16 bank-local table; target decoded using CP932+MTE, including repointed targets"
extension_bank13,0x1346AE,0x1368FC,0x13FFFF,,,Ｓｐｉｎ　Ａｔｔａｃｋ,False,2,0,True,True,"Known uint16 bank-local table; target decoded using CP932+MTE, including repointed targets"
extension_bank13,0x1346B0,0x13690E,0x13FFFF,,,Ｄｅａｌｓ　９９９　Ｄａｍａｇｅ,False,4,0,True,True,"Known uint16 bank-local table; target decoded using CP932+MTE, including repointed targets"
extension_bank13,0x1346B2,0x136926,0x13FFFF,,,Ｕｎｕｓｅｄ,False,2,0,True,True,"Known uint16 bank-local table; target decoded using CP932+MTE, including repointed targets"
extension_bank13,0x1346B4,0x136930,0x13FFFF,,,Ｓｐｅａｒ　Ｆｉｒｅｓ　Ｆｌａｍｅ,False,5,0,True,True,"Known uint16 bank-local table; target decoded using CP932+MTE, including repointed targets"
extension_bank13,0x1346B6,0x13694A,0x13FFFF,,,Ｌａｖａ　Ｓｈｏｔ　Ａｔｔａｃｋ,False,3,0,True,True,"Known uint16 bank-local table; target decoded using CP932+MTE, including repointed targets"
extension_bank13,0x1346B8,0x136964,0x13FFFF,,,Ｓｗｏｒｄ　Ｆｉｒｅｓ　Ｆｌａｍｅ,False,4,0,True,True,"Known uint16 bank-local table; target decoded using CP932+MTE, including repointed targets"
extension_bank13,0x1346BA,0x136980,0x13FFFF,,,Ｆｉｒｅｓ　ａ　Ｆｉｒｅ　Ｗｙｒｍ,False,5,0,True,True,"Known uint16 bank-local table; target decoded using CP932+MTE, including repointed targets"
extension_bank13,0x1346BC,0x136998,0x13FFFF,,,Ｆｉｒｅｓ　ａ　Ｗａｔｅｒ　Ｗｙｒｍ,False,5,0,True,True,"Known uint16 bank-local table; target decoded using CP932+MTE, including repointed targets"
extension_bank13,0x1346BE,0x1369B0,0x13FFFF,,,Ａｘｅ　Ｓｐｌａｓｈ　Ａｔｔａｃｋ,False,3,0,True,True,"Known uint16 bank-local table; target decoded using CP932+MTE, including repointed targets"
extension_bank13,0x1346C0,0x1369CC,0x13FFFF,,,Ｈｉｔｓ　Ｍａｙ　Ｆｒｅｅｚｅ　Ｆｏｅ,False,5,0,True,True,"Known uint16 bank-local table; target decoded using CP932+MTE, including repointed targets"
extension_bank13,0x1346C2,0x1369EA,0x13FFFF,,,Ｔｈｕｎｄｅｒ　Ａｔｔａｃｋ,False,3,0,True,True,"Known uint16 bank-local table; target decoded using CP932+MTE, including repointed targets"
extension_bank13,0x1346C4,0x1369FE,0x13FFFF,,,Ｓａｎｄ　Ａｔｔａｃｋ,False,2,0,True,True,"Known uint16 bank-local table; target decoded using CP932+MTE, including repointed targets"
extension_bank13,0x1346C6,0x136A0E,0x13FFFF,,,Ｅｘｐｌｏｓｉｏｎ　Ａｔｔａｃｋ,False,3,0,True,True,"Known uint16 bank-local table; target decoded using CP932+MTE, including repointed targets"
extension_bank13,0x1346C8,0x136A26,0x13FFFF,,,４‐Ｗａｙ　Ｌａｓｅｒ,False,3,0,True,True,"Known uint16 bank-local table; target decoded using CP932+MTE, including repointed targets"
extension_bank13,0x1346CA,0x136A38,0x13FFFF,,,Ｆｉｒｅｓ　Ｓｌｅｅｐ　Ｒａｙ,False,4,0,True,True,"Known uint16 bank-local table; target decoded using CP932+MTE, including repointed targets"
extension_bank13,0x1346CC,0x136A4E,0x13FFFF,,,Ｏｎｅ‐Ｈｉｔ　ＫＯ,False,2,0,True,True,"Known uint16 bank-local table; target decoded using CP932+MTE, including repointed targets"
extension_bank13,0x1346CE,0x136A60,0x13FFFF,,,Ｍｏｒｅ　Ｉｔｅｍ　Ｄｒｏｐｓ,False,5,0,True,True,"Known uint16 bank-local table; target decoded using CP932+MTE, including repointed targets"
extension_bank13,0x1346D0,0x136A76,0x13FFFF,,,Ｓｐｒｉｇｇａｎ,False,2,0,True,True,"Known uint16 bank-local table; target decoded using CP932+MTE, including repointed targets"
extension_bank13,0x1346D2,0x136A84,0x13FFFF,,,Ｖａｕｌｄ,False,1,0,True,True,"Known uint16 bank-local table; target decoded using CP932+MTE, including repointed targets"
extension_bank13,0x1346D4,0x136A8E,0x13FFFF,,,Ｇｒｉｇｏｒｉ,False,2,0,True,True,"Known uint16 bank-local table; target decoded using CP932+MTE, including repointed targets"
extension_bank13,0x1346D6,0x136A9A,0x13FFFF,,,Ｐｉｖｏｔ,False,0,0,True,True,"Known uint16 bank-local table; target decoded using CP932+MTE, including repointed targets"
extension_bank13,0x1346D8,0x136AA6,0x13FFFF,,,Ｃｈｏｐ,False,1,0,True,True,"Known uint16 bank-local table; target decoded using CP932+MTE, including repointed targets"
extension_bank13,0x1346DA,0x136AAE,0x13FFFF,,,Ｓｎｕｆｆ,False,0,0,True,True,"Known uint16 bank-local table; target decoded using CP932+MTE, including repointed targets"
extension_bank13,0x1346DC,0x136ABA,0x13FFFF,,,Ｖａｌｎａｃ,False,1,0,True,True,"Known uint16 bank-local table; target decoded using CP932+MTE, including repointed targets"
extension_bank13,0x1346DE,0x136AC6,0x13FFFF,,,Ｍｕｔａｎ,False,2,0,True,True,"Known uint16 bank-local table; target decoded using CP932+MTE, including repointed targets"
extension_bank13,0x1346E0,0x136ACE,0x13FFFF,,,Ｋｎｏｃｋｅｒ,False,2,0,True,True,"Known uint16 bank-local table; target decoded using CP932+MTE, including repointed targets"
extension_bank13,0x1346E2,0x136ADA,0x13FFFF,,,Ｅｎｇｏｌ,False,1,0,True,True,"Known uint16 bank-local table; target decoded using CP932+MTE, including repointed targets"
extension_bank13,0x1346E4,0x136AE4,0x13FFFF,,,Ｋｅｒｌｏｎ,False,2,0,True,True,"Known uint16 bank-local table; target decoded using CP932+MTE, including repointed targets"
extension_bank13,0x1346E6,0x136AEE,0x13FFFF,,,Ｌｕｍｂｅｒ,False,1,0,True,True,"Known uint16 bank-local table; target decoded using CP932+MTE, including repointed targets"
extension_bank13,0x1346E8,0x136AFA,0x13FFFF,,,Ｌｏｕｒｄｅｓ,False,2,0,True,True,"Known uint16 bank-local table; target decoded using CP932+MTE, including repointed targets"
extension_bank13,0x1346EA,0x136B06,0x13FFFF,,,Ｂｏｏｍａｎ,False,2,0,True,True,"Known uint16 bank-local table; target decoded using CP932+MTE, including repointed targets"
extension_bank13,0x1346EC,0x136B10,0x13FFFF,,,Ｓｐｕｌ,False,0,0,True,True,"Known uint16 bank-local table; target decoded using CP932+MTE, including repointed targets"
extension_bank13,0x1346EE,0x136B1A,0x13FFFF,,,Ｋａｎａｍｉ,False,2,0,True,True,"Known uint16 bank-local table; target decoded using CP932+MTE, including repointed targets"
extension_bank13,0x1346F0,0x136B24,0x13FFFF,,,Ｐｕｋｋａ,False,0,0,True,True,"Known uint16 bank-local table; target decoded using CP932+MTE, including repointed targets"
extension_bank13,0x1346F2,0x136B30,0x13FFFF,,,Ｂｕｋｋａｂｏｏ,False,0,0,True,True,"Known uint16 bank-local table; target decoded using CP932+MTE, including repointed targets"
extension_bank13,0x1346F4,0x136B42,0x13FFFF,,,Ｚａｇａｎ,False,1,0,True,True,"Known uint16 bank-local table; target decoded using CP932+MTE, including repointed targets"
extension_bank13,0x1346F6,0x136B4C,0x13FFFF,,,Ｂｒｏｗｎ,False,1,0,True,True,"Known uint16 bank-local table; target decoded using CP932+MTE, including repointed targets"
extension_bank13,0x1346F8,0x136B56,0x13FFFF,,,Ｆｉｒｂｏｌｇｓ,False,1,0,True,True,"Known uint16 bank-local table; target decoded using CP932+MTE, including repointed targets"
extension_bank13,0x1346FA,0x136B66,0x13FFFF,,,Ｂｕｌｂｅｇａｒ,False,2,0,True,True,"Known uint16 bank-local table; target decoded using CP932+MTE, including repointed targets"
extension_bank13,0x1346FC,0x136B74,0x13FFFF,,,Ｒｅｉｎｏｔ,False,1,0,True,True,"Known uint16 bank-local table; target decoded using CP932+MTE, including repointed targets"
extension_bank13,0x1346FE,0x136B80,0x13FFFF,,,Ｍｅｔａｌｌｉｃｏ,False,3,0,True,True,"Known uint16 bank-local table; target decoded using CP932+MTE, including repointed targets"
extension_bank13,0x134700,0x136B8C,0x13FFFF,,,Ｓｅａｌ,False,1,0,True,True,"Known uint16 bank-local table; target decoded using CP932+MTE, including repointed targets"
extension_bank13,0x134702,0x136B94,0x13FFFF,,,Ｂｏｇｌｅ,False,1,0,True,True,"Known uint16 bank-local table; target decoded using CP932+MTE, including repointed targets"
extension_bank13,0x134704,0x136B9E,0x13FFFF,,,Ｐｏｃｈｕｎ,False,1,0,True,True,"Known uint16 bank-local table; target decoded using CP932+MTE, including repointed targets"
extension_bank13,0x134706,0x136BAA,0x13FFFF,,,Ｂｏｈａｎ,False,1,0,True,True,"Known uint16 bank-local table; target decoded using CP932+MTE, including repointed targets"
extension_bank13,0x134708,0x136BB4,0x13FFFF,,,Ｈｏｍｉｅ,False,1,0,True,True,"Known uint16 bank-local table; target decoded using CP932+MTE, including repointed targets"
extension_bank13,0x13470A,0x136BBE,0x13FFFF,,,Ｂｏｗｍａｎ,False,2,0,True,True,"Known uint16 bank-local table; target decoded using CP932+MTE, including repointed targets"
extension_bank13,0x13470C,0x136BC8,0x13FFFF,,,Ｍｅｋｅｍｅｋｅ,False,1,0,True,True,"Known uint16 bank-local table; target decoded using CP932+MTE, including repointed targets"
extension_bank13,0x13470E,0x136BD8,0x13FFFF,,,Ｙａｍｏｃｋ,False,1,0,True,True,"Known uint16 bank-local table; target decoded using CP932+MTE, including repointed targets"
extension_bank13,0x134710,0x136BE4,0x13FFFF,,,Ｙｕｋｋｉ,False,0,0,True,True,"Known uint16 bank-local table; target decoded using CP932+MTE, including repointed targets"
extension_bank13,0x134712,0x136BF0,0x13FFFF,,,Ｒｕｚｅｌ,False,1,0,True,True,"Known uint16 bank-local table; target decoded using CP932+MTE, including repointed targets"
extension_bank13,0x134714,0x136BFA,0x13FFFF,,,Ｍａｒｅ,False,1,0,True,True,"Known uint16 bank-local table; target decoded using CP932+MTE, including repointed targets"
extension_bank13,0x134716,0x136C00,0x13FFFF,,,Ｒｉｏｓ,False,0,0,True,True,"Known uint16 bank-local table; target decoded using CP932+MTE, including repointed targets"
extension_bank13,0x134718,0x136C0A,0x13FFFF,,,Ｍｉｋｏｔｏ,False,0,0,True,True,"Known uint16 bank-local table; target decoded using CP932+MTE, including repointed targets"
extension_bank13,0x13471A,0x136C18,0x13FFFF,,,Ｙｕｋｉｋａｚｅ,False,0,0,True,True,"Known uint16 bank-local table; target decoded using CP932+MTE, including repointed targets"
extension_bank13,0x13471C,0x136C2A,0x13FFFF,,,Ｍｉｒａｇａ,False,1,0,True,True,"Known uint16 bank-local table; target decoded using CP932+MTE, including repointed targets"
extension_bank13,0x13471E,0x136C36,0x13FFFF,,,Ｍｕｓｅ,False,1,0,True,True,"Known uint16 bank-local table; target decoded using CP932+MTE, including repointed targets"
extension_bank13,0x134720,0x136C3E,0x13FFFF,,,Ｆｉｎｅ,False,1,0,True,True,"Known uint16 bank-local table; target decoded using CP932+MTE, including repointed targets"
extension_bank13,0x134722,0x136C46,0x13FFFF,,,Ｌｅｍｏｎ,False,2,0,True,True,"Known uint16 bank-local table; target decoded using CP932+MTE, including repointed targets"
extension_bank13,0x134724,0x136C4E,0x13FFFF,,,Ｖｏｙａｇｅｒ,False,1,0,True,True,"Known uint16 bank-local table; target decoded using CP932+MTE, including repointed targets"
extension_bank13,0x134726,0x136C5A,0x13FFFF,,,Ｐｅｔｔｙ,False,1,0,True,True,"Known uint16 bank-local table; target decoded using CP932+MTE, including repointed targets"
extension_bank13,0x134728,0x136C64,0x13FFFF,,,Ｌａｚｕｒ,False,1,0,True,True,"Known uint16 bank-local table; target decoded using CP932+MTE, including repointed targets"
extension_bank13,0x13472A,0x136C6E,0x13FFFF,,,Ｐｒｉｍｏｒｉａ,False,2,0,True,True,"Known uint16 bank-local table; target decoded using CP932+MTE, including repointed targets"
extension_bank13,0x13472C,0x136C7C,0x13FFFF,,,Ｉｒｉａ,False,1,0,True,True,"Known uint16 bank-local table; target decoded using CP932+MTE, including repointed targets"
extension_bank13,0x13472E,0x136C84,0x13FFFF,,,Ｐｉｃｃｈｉｏ,False,2,0,True,True,"Known uint16 bank-local table; target decoded using CP932+MTE, including repointed targets"
extension_bank13,0x134730,0x136C90,0x13FFFF,,,Ｄｅｄｅ,False,1,0,True,True,"Known uint16 bank-local table; target decoded using CP932+MTE, including repointed targets"
extension_bank13,0x134732,0x136C98,0x13FFFF,,,Ｃｈｅｃｋ,False,1,0,True,True,"Known uint16 bank-local table; target decoded using CP932+MTE, including repointed targets"
extension_bank13,0x134734,0x136CA2,0x13FFFF,,,Ｒｏａｎ,False,1,0,True,True,"Known uint16 bank-local table; target decoded using CP932+MTE, including repointed targets"
extension_bank13,0x134736,0x136CAA,0x13FFFF,,,Ｓｏｌ　Ｄｅｕｘ,False,0,0,True,True,"Known uint16 bank-local table; target decoded using CP932+MTE, including repointed targets"
extension_bank13,0x134738,0x136CBC,0x13FFFF,,,Ｍｅｌｌｏｗ,False,2,0,True,True,"Known uint16 bank-local table; target decoded using CP932+MTE, including repointed targets"
extension_bank13,0x13473A,0x136CC6,0x13FFFF,,,Ｏｒａｇｅ,False,1,0,True,True,"Known uint16 bank-local table; target decoded using CP932+MTE, including repointed targets"
extension_bank13,0x13473C,0x136CCE,0x13FFFF,,,Ｓａｎｄｙ,False,1,0,True,True,"Known uint16 bank-local table; target decoded using CP932+MTE, including repointed targets"
extension_bank13,0x13473E,0x136CD6,0x13FFFF,,,Ｃｕｔｉｅ,False,1,0,True,True,"Known uint16 bank-local table; target decoded using CP932+MTE, including repointed targets"
extension_bank13,0x134740,0x136CE0,0x13FFFF,,,Ａｒｉｅｌ,False,2,0,True,True,"Known uint16 bank-local table; target decoded using CP932+MTE, including repointed targets"
extension_bank13,0x134742,0x136CE8,0x13FFFF,,,Ｑｕｉｎｎ,False,1,0,True,True,"Known uint16 bank-local table; target decoded using CP932+MTE, including repointed targets"
extension_bank13,0x134744,0x136CF2,0x13FFFF,,,Ｒｅａ,False,0,0,True,True,"Known uint16 bank-local table; target decoded using CP932+MTE, including repointed targets"
extension_bank13,0x134746,0x136CFA,0x13FFFF,,,Ｇｉｎｇａ,False,1,0,True,True,"Known uint16 bank-local table; target decoded using CP932+MTE, including repointed targets"
extension_bank13,0x134748,0x136D02,0x13FFFF,,,Ｇｅｎｍａ,False,1,0,True,True,"Known uint16 bank-local table; target decoded using CP932+MTE, including repointed targets"
extension_bank13,0x13474A,0x136D0C,0x13FFFF,,,Ｓｉｌｋｙ,False,1,0,True,True,"Known uint16 bank-local table; target decoded using CP932+MTE, including repointed targets"
extension_bank13,0x13474C,0x136D16,0x13FFFF,,,Ｓｅａｚａｎ,False,1,0,True,True,"Known uint16 bank-local table; target decoded using CP932+MTE, including repointed targets"
extension_bank13,0x13474E,0x136D22,0x13FFFF,,,Ｓｅｒｉ,False,1,0,True,True,"Known uint16 bank-local table; target decoded using CP932+MTE, including repointed targets"
extension_bank13,0x134750,0x136D2A,0x13FFFF,,,Ｓｈｉｎｙ,False,1,0,True,True,"Known uint16 bank-local table; target decoded using CP932+MTE, including repointed targets"
extension_bank13,0x134752,0x136D34,0x13FFFF,,,Ｓｔｒａｍ,False,1,0,True,True,"Known uint16 bank-local table; target decoded using CP932+MTE, including repointed targets"
extension_bank13,0x134754,0x136D3E,0x13FFFF,,,Ｋｏｈａｒｕ,False,1,0,True,True,"Known uint16 bank-local table; target decoded using CP932+MTE, including repointed targets"
extension_bank13,0x134756,0x136D4A,0x13FFFF,,,Ｚｅｐｈｙｒ,False,0,0,True,True,"Known uint16 bank-local table; target decoded using CP932+MTE, including repointed targets"
extension_bank13,0x134758,0x136D58,0x13FFFF,,,Ｍｉｚｕｋｉ,False,0,0,True,True,"Known uint16 bank-local table; target decoded using CP932+MTE, including repointed targets"
extension_bank13,0x13475A,0x136D66,0x13FFFF,,,Ｍｏｋｏｎ,False,1,0,True,True,"Known uint16 bank-local table; target decoded using CP932+MTE, including repointed targets"
extension_bank13,0x13475C,0x136D70,0x13FFFF,,,Ｂｉｂｌｅｒ,False,1,0,True,True,"Known uint16 bank-local table; target decoded using CP932+MTE, including repointed targets"
extension_bank13,0x13475E,0x136D7C,0x13FFFF,,,Ｐｅｐｅ,False,1,0,True,True,"Known uint16 bank-local table; target decoded using CP932+MTE, including repointed targets"
extension_bank13,0x134760,0x136D84,0x13FFFF,,,Ｐｒｉｓｍｏ,False,1,0,True,True,"Known uint16 bank-local table; target decoded using CP932+MTE, including repointed targets"
extension_bank13,0x134762,0x136D90,0x13FFFF,,,Ｐｉｃｏｔ,False,1,0,True,True,"Known uint16 bank-local table; target decoded using CP932+MTE, including repointed targets"
extension_bank13,0x134764,0x136D9A,0x13FFFF,,,Ｐｅｅｐｏ,False,1,0,True,True,"Known uint16 bank-local table; target decoded using CP932+MTE, including repointed targets"
extension_bank13,0x134766,0x136DA2,0x13FFFF,,,Ｐａｎｃｈｏ,False,2,0,True,True,"Known uint16 bank-local table; target decoded using CP932+MTE, including repointed targets"
extension_bank13,0x134768,0x136DAC,0x13FFFF,,,Ｂａｒｂｙ,False,1,0,True,True,"Known uint16 bank-local table; target decoded using CP932+MTE, including repointed targets"
extension_bank13,0x13476A,0x136DB6,0x13FFFF,,,Ｐａｌｐａｃｃｏ,False,1,0,True,True,"Known uint16 bank-local table; target decoded using CP932+MTE, including repointed targets"
extension_bank13,0x13476C,0x136DC6,0x13FFFF,,,Ｗｏｎｄｅｒ,False,2,0,True,True,"Known uint16 bank-local table; target decoded using CP932+MTE, including repointed targets"
extension_bank13,0x13476E,0x136DD0,0x13FFFF,,,Ｉｎｇｉｍａｒｕ,False,3,0,True,True,"Known uint16 bank-local table; target decoded using CP932+MTE, including repointed targets"
extension_bank13,0x134770,0x136DDC,0x13FFFF,,,Ｖａｉｋａｒｔ,False,1,0,True,True,"Known uint16 bank-local table; target decoded using CP932+MTE, including repointed targets"
extension_bank13,0x134772,0x136DEA,0x13FFFF,,,Ｊｉｒｕ,False,1,0,True,True,"Known uint16 bank-local table; target decoded using CP932+MTE, including repointed targets"
extension_bank13,0x134774,0x136DF2,0x13FFFF,,,Ｍｏｚｉ,False,0,0,True,True,"Known uint16 bank-local table; target decoded using CP932+MTE, including repointed targets"
extension_bank13,0x134776,0x136DFC,0x13FFFF,,,Ｍｏｒａｌｄ,False,2,0,True,True,"Known uint16 bank-local table; target decoded using CP932+MTE, including repointed targets"
extension_bank13,0x134778,0x136E06,0x13FFFF,,,Ｗｅａｖｅ,False,2,0,True,True,"Known uint16 bank-local table; target decoded using CP932+MTE, including repointed targets"
extension_bank13,0x13477A,0x136E0C,0x13FFFF,,,Ｗｉｓｐｙ,False,1,0,True,True,"Known uint16 bank-local table; target decoded using CP932+MTE, including repointed targets"
extension_bank13,0x13477C,0x136E16,0x13FFFF,,,Ｕｆａ,False,0,0,True,True,"Known uint16 bank-local table; target decoded using CP932+MTE, including repointed targets"
extension_bank13,0x13477E,0x136E1E,0x13FFFF,,,Ｔｉｃｋ,False,1,0,True,True,"Known uint16 bank-local table; target decoded using CP932+MTE, including repointed targets"
extension_bank13,0x134780,0x136E26,0x13FFFF,,,Ｇａｊｉｇｏｊｉ,False,1,0,True,True,"Known uint16 bank-local table; target decoded using CP932+MTE, including repointed targets"
extension_bank13,0x134782,0x136E36,0x13FFFF,,,Ｇａｎｊｅ,False,1,0,True,True,"Known uint16 bank-local table; target decoded using CP932+MTE, including repointed targets"
extension_bank13,0x134784,0x136E40,0x13FFFF,,,Ｇｏｓｂｏｒｏ,False,1,0,True,True,"Known uint16 bank-local table; target decoded using CP932+MTE, including repointed targets"
extension_bank13,0x134786,0x136E4E,0x13FFFF,,,Ｋｉｌｌｍｉｓｔｅｒ,False,3,0,True,True,"Known uint16 bank-local table; target decoded using CP932+MTE, including repointed targets"
extension_bank13,0x134788,0x136E5C,0x13FFFF,,,Ｋｏｍｏｋｏｍｏ,False,2,0,True,True,"Known uint16 bank-local table; target decoded using CP932+MTE, including repointed targets"
extension_bank13,0x13478A,0x136E6A,0x13FFFF,,,Ｃｒｉｍ　Ｂ,False,1,0,True,True,"Known uint16 bank-local table; target decoded using CP932+MTE, including repointed targets"
extension_bank13,0x13478C,0x136E76,0x13FFFF,,,Ｊｕｊｕ,False,0,0,True,True,"Known uint16 bank-local table; target decoded using CP932+MTE, including repointed targets"
extension_bank13,0x13478E,0x136E80,0x13FFFF,,,Ｓｅｌｖａ,False,1,0,True,True,"Known uint16 bank-local table; target decoded using CP932+MTE, including repointed targets"
extension_bank13,0x134790,0x136E8A,0x13FFFF,,,Ｓｌａｄｅ,False,1,0,True,True,"Known uint16 bank-local table; target decoded using CP932+MTE, including repointed targets"
extension_bank13,0x134792,0x136E94,0x13FFFF,,,Ｔａｍｔａｍ,False,2,0,True,True,"Known uint16 bank-local table; target decoded using CP932+MTE, including repointed targets"
extension_bank13,0x134794,0x136E9E,0x13FFFF,,,Ｄｕｍｄｕｍ,False,0,0,True,True,"Known uint16 bank-local table; target decoded using CP932+MTE, including repointed targets"
extension_bank13,0x134796,0x136EAC,0x13FFFF,,,Ｄｒｕｎｋ,False,1,0,True,True,"Known uint16 bank-local table; target decoded using CP932+MTE, including repointed targets"
extension_bank13,0x134798,0x136EB6,0x13FFFF,,,Ｃｈｏｃｏｃｈｏｃｏ,False,2,0,True,True,"Known uint16 bank-local table; target decoded using CP932+MTE, including repointed targets"
extension_bank13,0x13479A,0x136EC8,0x13FFFF,,,Ｃｈａｍ,False,1,0,True,True,"Known uint16 bank-local table; target decoded using CP932+MTE, including repointed targets"
extension_bank13,0x13479C,0x136ED0,0x13FFFF,,,Ｃｈｏｃｈｏｐｏｒｏｎ,False,4,0,True,True,"Known uint16 bank-local table; target decoded using CP932+MTE, including repointed targets"
extension_bank13,0x13479E,0x136EE0,0x13FFFF,,,Ｎａｚｅｔｏ,False,1,0,True,True,"Known uint16 bank-local table; target decoded using CP932+MTE, including repointed targets"
extension_bank13,0x1347A0,0x136EEC,0x13FFFF,,,Ｃｈｉｒｕｄｏ,False,1,0,True,True,"Known uint16 bank-local table; target decoded using CP932+MTE, including repointed targets"
extension_bank13,0x1347A2,0x136EFA,0x13FFFF,,,Ｎｏａｎｏａ,False,1,0,True,True,"Known uint16 bank-local table; target decoded using CP932+MTE, including repointed targets"
extension_bank13,0x1347A4,0x136F06,0x13FFFF,,,Ｃｒｉｍ　Ａ,False,1,0,True,True,"Known uint16 bank-local table; target decoded using CP932+MTE, including repointed targets"
extension_bank13,0x1347A6,0x136F12,0x13FFFF,,,Ｇｌｅａｍ,False,2,0,True,True,"Known uint16 bank-local table; target decoded using CP932+MTE, including repointed targets"
extension_bank13,0x1347A8,0x136F1A,0x13FFFF,,,Ｋｕｓｈｒａ,False,2,0,True,True,"Known uint16 bank-local table; target decoded using CP932+MTE, including repointed targets"
extension_bank13,0x1347AA,0x136F24,0x13FFFF,,,Ｇｉｇａｇａ,False,1,0,True,True,"Known uint16 bank-local table; target decoded using CP932+MTE, including repointed targets"
extension_bank13,0x1347AC,0x136F30,0x13FFFF,,,Ｆａｂｉｔ,False,1,0,True,True,"Known uint16 bank-local table; target decoded using CP932+MTE, including repointed targets"
extension_bank13,0x1347AE,0x136F3A,0x13FFFF,,,Ｙｕｇｉ,False,0,0,True,True,"Known uint16 bank-local table; target decoded using CP932+MTE, including repointed targets"
extension_bank13,0x1347B0,0x136F44,0x13FFFF,,,Ｒａｎｃｈ,False,2,0,True,True,"Known uint16 bank-local table; target decoded using CP932+MTE, including repointed targets"
extension_bank13,0x1347B2,0x136F4C,0x13FFFF,,,Ｒｅｋ,False,0,0,True,True,"Known uint16 bank-local table; target decoded using CP932+MTE, including repointed targets"
extension_bank13,0x1347B4,0x136F54,0x13FFFF,,,Ｓａｆｒａ,False,1,0,True,True,"Known uint16 bank-local table; target decoded using CP932+MTE, including repointed targets"
extension_bank13,0x1347B6,0x136F5E,0x13FFFF,,,Ｐｉｐｉｎ,False,1,0,True,True,"Known uint16 bank-local table; target decoded using CP932+MTE, including repointed targets"
extension_bank13,0x1347B8,0x136F68,0x13FFFF,,,Ｍａｙａ,False,1,0,True,True,"Known uint16 bank-local table; target decoded using CP932+MTE, including repointed targets"
extension_bank13,0x1347BA,0x136F70,0x13FFFF,,,Ａｉｓｉａ,False,1,0,True,True,"Known uint16 bank-local table; target decoded using CP932+MTE, including repointed targets"
extension_bank13,0x1347BC,0x136F7A,0x13FFFF,,,Ａｐｐｌｅ,False,1,0,True,True,"Known uint16 bank-local table; target decoded using CP932+MTE, including repointed targets"
extension_bank13,0x1347BE,0x136F84,0x13FFFF,,,Ａｒｐｉ,False,0,0,True,True,"Known uint16 bank-local table; target decoded using CP932+MTE, including repointed targets"
extension_bank13,0x1347C0,0x136F8E,0x13FFFF,,,Ｓｙｌｐｈｉｓ,False,1,0,True,True,"Known uint16 bank-local table; target decoded using CP932+MTE, including repointed targets"
extension_bank13,0x1347C2,0x136F9C,0x13FFFF,,,Ｗｉｔｃｈｅｒ,False,3,0,True,True,"Known uint16 bank-local table; target decoded using CP932+MTE, including repointed targets"
extension_bank13,0x1347C4,0x136FA6,0x13FFFF,,,Ｅｃｌａｉｒ,False,1,0,True,True,"Known uint16 bank-local table; target decoded using CP932+MTE, including repointed targets"
extension_bank13,0x1347C6,0x136FB2,0x13FFFF,,,Ｍａｒｏｓ,False,1,0,True,True,"Known uint16 bank-local table; target decoded using CP932+MTE, including repointed targets"
extension_bank13,0x1347C8,0x136FBC,0x13FFFF,,,Ｅｓｐｉｓ,False,1,0,True,True,"Known uint16 bank-local table; target decoded using CP932+MTE, including repointed targets"
extension_bank13,0x1347CA,0x136FC6,0x13FFFF,,,Ｅｌｎｏｒｉａ,False,2,0,True,True,"Known uint16 bank-local table; target decoded using CP932+MTE, including repointed targets"
extension_bank13,0x1347CC,0x136FD2,0x13FFFF,,,Ｓｗｅｅｔ,False,1,0,True,True,"Known uint16 bank-local table; target decoded using CP932+MTE, including repointed targets"
extension_bank13,0x1347CE,0x136FDC,0x13FFFF,,,Ｃｈｉｃｏｒｙ,False,2,0,True,True,"Known uint16 bank-local table; target decoded using CP932+MTE, including repointed targets"
extension_bank13,0x1347D0,0x136FE8,0x13FFFF,,,Ｙａｐａｎｉｎ,False,3,0,True,True,"Known uint16 bank-local table; target decoded using CP932+MTE, including repointed targets"
extension_bank13,0x1347D2,0x136FF2,0x13FFFF,,,Ｎｅｌ,False,1,0,True,True,"Known uint16 bank-local table; target decoded using CP932+MTE, including repointed targets"
extension_bank13,0x1347D4,0x136FF8,0x13FFFF,,,Ｈａｂｅｌ,False,1,0,True,True,"Known uint16 bank-local table; target decoded using CP932+MTE, including repointed targets"
extension_bank13,0x1347D6,0x137002,0x13FFFF,,,Ｓｏｌ　Ａｎｎ,False,0,0,True,True,"Known uint16 bank-local table; target decoded using CP932+MTE, including repointed targets"
extension_bank13,0x1347D8,0x137012,0x13FFFF,,,Ｅｌｆｉｅ,False,0,0,True,True,"Known uint16 bank-local table; target decoded using CP932+MTE, including repointed targets"
extension_bank13,0x1347DA,0x13701E,0x13FFFF,,,Ｌｉｍｅ　Ｒａｉ,False,2,0,True,True,"Known uint16 bank-local table; target decoded using CP932+MTE, including repointed targets"
extension_bank13,0x1347DC,0x13702C,0x13FFFF,,,Ｋｉｒａｒａ,False,2,0,True,True,"Known uint16 bank-local table; target decoded using CP932+MTE, including repointed targets"
extension_bank13,0x1347DE,0x137036,0x13FFFF,,,Ｇｎｏｍｅ　ＩＮＴ　＋１,False,2,0,True,True,"Known uint16 bank-local table; target decoded using CP932+MTE, including repointed targets"
extension_bank13,0x1347E0,0x13704A,0x13FFFF,,,Ｇｎｏｍｅ　ＩＮＴ　‐１,False,2,0,True,True,"Known uint16 bank-local table; target decoded using CP932+MTE, including repointed targets"
extension_bank13,0x1347E2,0x13705E,0x13FFFF,,,Ｇｎｏｍｅ　ＳＴＲ　‐１,False,3,0,True,True,"Known uint16 bank-local table; target decoded using CP932+MTE, including repointed targets"
extension_bank13,0x1347E4,0x137072,0x13FFFF,,,Ｈｕｍａｎ　ＩＮＴ　＋１,False,2,0,True,True,"Known uint16 bank-local table; target decoded using CP932+MTE, including repointed targets"
extension_bank13,0x1347E6,0x137088,0x13FFFF,,,Ｈｕｍａｎ　ＳＴＲ　＋１,False,2,0,True,True,"Known uint16 bank-local table; target decoded using CP932+MTE, including repointed targets"
extension_bank13,0x1347E8,0x13709E,0x13FFFF,,,Ｈｕｍａｎ　ＡＧＩ　＋１,False,2,0,True,True,"Known uint16 bank-local table; target decoded using CP932+MTE, including repointed targets"
extension_bank13,0x1347EA,0x1370B4,0x13FFFF,,,Ｇｎｏｍｅ　ＤＥＦ　＋１,False,2,0,True,True,"Known uint16 bank-local table; target decoded using CP932+MTE, including repointed targets"
extension_bank13,0x1347EC,0x1370CA,0x13FFFF,,,Ｇｎｏｍｅ　ＡＧＩ　＋１,False,3,0,True,True,"Known uint16 bank-local table; target decoded using CP932+MTE, including repointed targets"
extension_bank13,0x1347EE,0x1370DE,0x13FFFF,,,Ｇｎｏｍｅ　ＡＧＩ　‐１,False,3,0,True,True,"Known uint16 bank-local table; target decoded using CP932+MTE, including repointed targets"
extension_bank13,0x1347F0,0x1370F2,0x13FFFF,,,Ｇｎｏｍｅ　ＤＥＦ　‐１,False,2,0,True,True,"Known uint16 bank-local table; target decoded using CP932+MTE, including repointed targets"
extension_bank13,0x1347F2,0x137108,0x13FFFF,,,Ｓｐｉｒｉｔ　ＡＧＩ　＋１,False,2,0,True,True,"Known uint16 bank-local table; target decoded using CP932+MTE, including repointed targets"
extension_bank13,0x1347F4,0x137118,0x13FFFF,,,Ｓｐｉｒｉｔ　ＩＮＴ　＋１,False,2,0,True,True,"Known uint16 bank-local table; target decoded using CP932+MTE, including repointed targets"
extension_bank13,0x1347F6,0x137128,0x13FFFF,,,Ｓｐｉｒｉｔ　ＤＥＦ　＋１,False,1,0,True,True,"Known uint16 bank-local table; target decoded using CP932+MTE, including repointed targets"
extension_bank13,0x1347F8,0x13713A,0x13FFFF,,,Ｓｐｉｒｉｔ　ＤＥＦ　‐１,False,1,0,True,True,"Known uint16 bank-local table; target decoded using CP932+MTE, including repointed targets"
extension_bank13,0x1347FA,0x13714C,0x13FFFF,,,Ｓｐｉｒｉｔ　ＳＴＲ　＋１,False,2,0,True,True,"Known uint16 bank-local table; target decoded using CP932+MTE, including repointed targets"
extension_bank13,0x1347FC,0x13715C,0x13FFFF,,,Ｓｐｉｒｉｔ　ＡＧＩ　‐１,False,2,0,True,True,"Known uint16 bank-local table; target decoded using CP932+MTE, including repointed targets"
extension_bank13,0x1347FE,0x13716C,0x13FFFF,,,Ｃｒｅａｔｕｒｅ　ＡＧＩ　＋１,False,5,0,True,True,"Known uint16 bank-local table; target decoded using CP932+MTE, including repointed targets"
extension_bank13,0x134800,0x137182,0x13FFFF,,,Ｃｒｅａｔｕｒｅ　ＩＮＴ　＋１,False,4,0,True,True,"Known uint16 bank-local table; target decoded using CP932+MTE, including repointed targets"
extension_bank13,0x134802,0x13719A,0x13FFFF,,,Ｃｒｅａｔｕｒｅ　ＤＥＦ　＋１,False,4,0,True,True,"Known uint16 bank-local table; target decoded using CP932+MTE, including repointed targets"
extension_bank13,0x134804,0x1371B2,0x13FFFF,,,Ｃｒｅａｔｕｒｅ　ＳＴＲ　＋１,False,5,0,True,True,"Known uint16 bank-local table; target decoded using CP932+MTE, including repointed targets"
extension_bank13,0x134806,0x1371C8,0x13FFFF,,,Ｃｒｅａｔｕｒｅ　ＳＴＲ　‐１,False,5,0,True,True,"Known uint16 bank-local table; target decoded using CP932+MTE, including repointed targets"
extension_bank13,0x134808,0x1371DE,0x13FFFF,,,Ｈｕｍａｎ　ＩＮＴ　‐１,False,2,0,True,True,"Known uint16 bank-local table; target decoded using CP932+MTE, including repointed targets"
extension_bank13,0x13480A,0x1371F4,0x13FFFF,,,Ｈｕｍａｎ　ＤＥＦ　＋１,False,1,0,True,True,"Known uint16 bank-local table; target decoded using CP932+MTE, including repointed targets"
extension_bank13,0x13480C,0x13720C,0x13FFFF,,,Ａｌｃｈｅｍｉａ,False,1,0,True,True,"Known uint16 bank-local table; target decoded using CP932+MTE, including repointed targets"
extension_bank13,0x13480E,0x137210,0x13FFFF,,,Ｏｇｒｅｌａｎｄ,False,2,0,True,True,"Known uint16 bank-local table; target decoded using CP932+MTE, including repointed targets"
extension_bank13,0x134810,0x13721C,0x13FFFF,,,Ｐｅｌｇｙｐｔ,False,1,0,True,True,"Known uint16 bank-local table; target decoded using CP932+MTE, including repointed targets"
extension_bank13,0x134812,0x13722A,0x13FFFF,,,Ｈｉｇｈｌａｎｄ,False,2,0,True,True,"Known uint16 bank-local table; target decoded using CP932+MTE, including repointed targets"
extension_bank13,0x134814,0x137236,0x13FFFF,,,Ｎｏｒｄｉａ,False,1,0,True,True,"Known uint16 bank-local table; target decoded using CP932+MTE, including repointed targets"
extension_bank13,0x134816,0x137242,0x13FFFF,,,Ｗｅｓｔａｒｉａ,False,3,0,True,True,"Known uint16 bank-local table; target decoded using CP932+MTE, including repointed targets"
extension_bank13,0x134818,0x13724E,0x13FFFF,,,Ｋｕｄａｉ,False,0,0,True,True,"Known uint16 bank-local table; target decoded using CP932+MTE, including repointed targets"
extension_bank13,0x13481A,0x13725A,0x13FFFF,,,Ｆｕｄａｉ,False,0,0,True,True,"Known uint16 bank-local table; target decoded using CP932+MTE, including repointed targets"
extension_bank13,0x13481C,0x137266,0x13FFFF,,,Ｙａｐａｎ,False,2,0,True,True,"Known uint16 bank-local table; target decoded using CP932+MTE, including repointed targets"
extension_bank13,0x13481E,0x13726E,0x13FFFF,,,Ｋｎｏｓｉｓ,False,2,0,True,True,"Known uint16 bank-local table; target decoded using CP932+MTE, including repointed targets"
extension_bank13,0x134820,0x137278,0x13FFFF,,,Ｂｉｇ　Ｂｌａｎｋ,False,2,0,True,True,"Known uint16 bank-local table; target decoded using CP932+MTE, including repointed targets"
